,features,silhouette,log_likelihood,train_return_diff,test_return_diff,n_features,combined_score
0,pcr,0.2032758797540005,639.4700854870396,0.003958251062053941,0.005637775147538698,1,0.5991009859593946
1,iv_skew,0.0920566327343472,-784.6831609983305,0.0065617631951069965,0.006742684351479953,1,0.7482329522450468
2,normalized_vrp,0.5779380356445618,591.1726972863928,0.005266604722828996,0.008687867229452355,1,1.1045985079274614
3,pcr_zscore,0.2757066021978279,-864.5360356128685,0.004944144095912473,0.005015229826448631,1,0.7701210117890752
4,vol_of_vol,0.06571755993884978,-2193.855310244691,0.002559601769583088,0.003672909842052516,1,0.3216777368971586
5,trend_strength,0.2748980363490839,-223.18751002824408,0.00318238533378855,0.012493426841236152,1,0.5931365697279389
6,iv_percentile_rank,0.24720528259225596,-3199.321982679306,0.001316149693196181,0.005856902761224915,1,0.3788202519118741
7,relative_pcr,0.29602523561689253,676.7637936731928,0.007207884825267501,0.013179632930287259,1,1.0168137181436427
8,rsi20,0.14906226704290323,-2822.444689983138,0.00532218399410315,0.013444375394450335,1,0.6812806664532183
9,fg,0.2768090577356097,-2711.522960466411,0.007392608586341625,0.019672034703914543,1,1.0160699163697722
10,pct_fg,0.18528182376343694,472.87336974880503,0.056935636217665106,0.0062450102545433235,1,5.878845445529947
11,"pcr, iv_skew",0.12235556628905403,191.73544282840214,0.004352037579568908,0.001936430737103278,2,0.5575593242459449
12,"pcr, normalized_vrp",0.45716132564823975,1206.6340680317444,0.007733826035640977,0.010545741923155492,2,1.2305439292123375
13,"pcr, pcr_zscore",0.2926541771623841,-109.01485051899246,0.001774672583146194,0.005484738276474448,2,0.4701214354770035
14,"pcr, vol_of_vol",0.06552967705729072,-1940.972991764122,0.002559601769583088,0.003672909842052516,2,0.32148985401559954
15,"pcr, trend_strength",0.4242379119273805,886.7034922583398,0.005820348035824239,0.01246731692548558,2,1.0062727155098043
16,"pcr, iv_percentile_rank",0.23743400711532034,-2871.137128441576,0.0016904497916228089,0.013869809329512008,2,0.40647898627760126
17,"pcr, relative_pcr",0.29613759609925777,1578.3198181448347,0.003092527639657082,0.011474716941099247,2,0.6053903600649659
18,"pcr, rsi20",0.1149457191662981,-1856.1358051216464,0.004635555723468669,0.010473862750749883,2,0.578501291513165
19,"pcr, fg",0.2761776335094713,-2266.803330373988,0.006493817655636506,0.019672034703914543,2,0.9255593990731219
20,"pcr, pct_fg",0.30338933945093954,1273.676887250575,0.004034515542080759,0.01042997881161865,2,0.7068408936590155
21,"iv_skew, normalized_vrp",-0.05920115982929537,-382.71654343639767,0.0042797140982425395,0.010271066363651134,2,0.3687702499949586
22,"iv_skew, pcr_zscore",0.1212650745341171,-1600.1328316829768,0.0070052288484332755,0.007328544568783691,2,0.8217879593774446
23,"iv_skew, vol_of_vol",0.49385095900251236,-3141.698920602644,0.003227892129576678,0.00455190082673977,2,0.8166401719601801
24,"iv_skew, trend_strength",0.24298178005309518,-873.9542238972525,0.003258696149503495,0.008246502972765522,2,0.5688513950034446
25,"iv_skew, iv_percentile_rank",0.2444717151055772,-4067.27025690432,0.0008302210596037854,0.005856902761224915,2,0.3274938210659557
26,"iv_skew, relative_pcr",0.29099491078783907,-103.27060707960493,0.005904497665234454,0.009644674348468153,2,0.8814446773112845
27,"iv_skew, rsi20",0.24898379729601192,-3267.6329113220454,0.008583134836665578,0.031822427462448295,2,1.1072972809625696
28,"iv_skew, fg",0.2780064169880856,-3507.7297870224647,0.006483255907668937,0.019672034703914543,2,0.9263320077549793
29,"iv_skew, pct_fg",0.17706177563515918,-153.59760049047367,0.010112630598282728,0.03245919766994145,2,1.188324835463432
30,"normalized_vrp, pcr_zscore",0.22259656720909768,-717.5921287714756,0.0047612168860462455,0.00660744400817962,2,0.6987182558137223
31,"normalized_vrp, vol_of_vol",0.07649719179296173,-2068.8394322165045,0.002106767008676654,0.004591375329467502,2,0.2871738926606271
32,"normalized_vrp, trend_strength",0.007015461339181159,-241.3491015523533,0.004804726435132949,0.009944581779807345,2,0.4874881048524761
33,"normalized_vrp, iv_percentile_rank",0.2368708672509107,-2999.5767574138936,0.004486316875894146,0.0033422634862275624,2,0.6855025548403253
34,"normalized_vrp, relative_pcr",0.007436629127161498,840.9306261376995,0.0037846314021558643,0.008168209125520649,2,0.3858997693427479
35,"normalized_vrp, rsi20",0.17420991874058092,-2550.0407177553507,0.00852105487314579,0.009335526689743039,2,1.02631540605516
36,"normalized_vrp, fg",0.17129712052937815,-2687.818603226774,0.006970065817243416,0.007840654920060176,2,0.8683037022537198
37,"normalized_vrp, pct_fg",0.30278333909885985,849.3326251152973,0.004687380795534492,0.008899527146213579,2,0.771521418652309
38,"pcr_zscore, vol_of_vol",0.04372462389782983,-3376.2585788094902,0.0019307560519890277,0.003489910866151486,2,0.2368002290967326
39,"pcr_zscore, trend_strength",0.20604459807102654,-1057.7583199635767,0.0021662949383128333,0.0055694108087668125,2,0.42267409190230987
40,"pcr_zscore, iv_percentile_rank",0.10805501216133066,-4358.256088465275,0.0012428294547996615,0.007639012267705301,2,0.2323379576412968
41,"pcr_zscore, relative_pcr",0.11025497005825978,12.486770708271672,0.0029519245864087548,0.003683968413539596,2,0.40544742869913525
42,"pcr_zscore, rsi20",0.18835760298939133,-3586.8739019543236,0.006787651129655813,0.010651525561906685,2,0.8671227159549726
43,"pcr_zscore, fg",0.2729752657048238,-3869.5625216140343,0.006493817655636506,0.019672034703914543,2,0.9223570312684743
44,"pcr_zscore, pct_fg",0.3243616805869047,-435.0847335874412,0.0034401773806999533,0.006991018669195839,2,0.6683794186569001
45,"vol_of_vol, trend_strength",0.06449953167855335,-2909.6325536241916,0.002559601769583088,0.004344078021100109,2,0.32045970863686213
46,"vol_of_vol, iv_percentile_rank",0.22452830046726946,-5716.974784661945,0.001232068952204524,0.0035424008016886324,2,0.3477351956877219
47,"vol_of_vol, relative_pcr",0.046010925243984875,-1754.2447081310231,0.0007382196452152263,0.0036185074839206388,2,0.11983288976550752
48,"vol_of_vol, rsi20",-0.006139458857149909,-5253.253055083213,0.002839695114382793,0.008257196174650629,2,0.2778300525811294
49,"vol_of_vol, fg",0.2597570021578712,-5182.163386756408,0.007729678370005114,0.019672034703914543,2,1.0327248391583825
50,"vol_of_vol, pct_fg",0.4961702228154279,-1583.9559892785846,0.0019065249612441482,0.008485652078067462,2,0.6868227189398427
51,"trend_strength, iv_percentile_rank",0.23445686979741345,-3867.283608985901,0.0013005986983576747,0.013869809329512008,2,0.36451673963318093
52,"trend_strength, relative_pcr",0.3347711383447621,358.3345679311208,0.0033878501975146565,0.0006956324084210338,2,0.6735561580962277
53,"trend_strength, rsi20",0.10264115350366207,-2790.262567172259,0.002871811676256484,0.006615157608211327,2,0.3898223211293105
54,"trend_strength, fg",0.27443305574249194,-3300.895688808084,0.006256372884173663,0.019672034703914543,2,0.9000703441598583
55,"trend_strength, pct_fg",0.46933073671130615,364.05380153319163,0.0033139090239219884,0.0018921943871260307,2,0.800721639103505
56,"iv_percentile_rank, relative_pcr",0.11743567845385437,-2775.973193893259,0.0007604645783761547,0.013656731041866621,2,0.19348213629146982
57,"iv_percentile_rank, rsi20",0.2336126599174669,-6217.520251892875,0.003303281864913951,0.010941100202221086,2,0.563940846408862
58,"iv_percentile_rank, fg",0.17380857576441597,-6198.316916375442,0.006490962100479218,0.0,2,0.8229047858123378
59,"iv_percentile_rank, pct_fg",0.5696866309608764,-2701.1495012256605,0.004286569766242477,0.00469194678516853,2,0.9983436075851241
60,"relative_pcr, rsi20",0.12673369742536048,-2182.920999644647,0.006275722301766677,0.008876310880470499,2,0.7543059276020281
61,"relative_pcr, fg",0.2740677483159412,-2281.6126509752226,0.007132974415618199,0.019672034703914543,2,0.9873651898777611
62,"relative_pcr, pct_fg",0.1601963571855921,1175.1247119513678,0.005698549072647349,0.006468231902058487,2,0.730051264450327
63,"rsi20, fg",0.16614266116608767,-5601.5391325273695,0.006493817655636506,0.0,2,0.8155244267297382
64,"rsi20, pct_fg",0.4913602426169421,-2256.3737646594245,0.005997163116026492,0.008464709402736666,2,1.0910765542195913
65,"fg, pct_fg",0.42867560463180426,-2230.2616619585947,0.04636412100949096,0.00010709273966011401,2,5.0650877055809005
66,"pcr, iv_skew, normalized_vrp",0.24181450380597033,337.01070245171104,0.0037006525150459295,0.008176488567366325,3,0.6118797553105633
67,"pcr, iv_skew, pcr_zscore",0.022258664087968155,-532.8841870885077,0.0024389755952391842,0.0057564948840066466,3,0.26615622361188657
68,"pcr, iv_skew, vol_of_vol",0.13589223460392003,-2127.862220705089,0.0013707441760940672,0.0023384120922897494,3,0.2729666522133267
69,"pcr, iv_skew, trend_strength",0.23589526374987282,72.1907305205055,0.0011081462046862785,0.006104747696245075,3,0.3467098842185007
70,"pcr, iv_skew, iv_percentile_rank",0.27789019156813416,-3062.3781514827474,0.00412295977451924,0.0059790158991218974,3,0.6901861690200581
71,"pcr, iv_skew, relative_pcr",0.055527844973281046,725.064903912407,0.0013948856045686655,0.003679900781313931,3,0.1950164054301476
72,"pcr, iv_skew, rsi20",0.11218514157666722,-2321.009120931698,0.004455297468339671,0.013050406885992726,3,0.5577148884106343
73,"pcr, iv_skew, fg",0.277557039230382,-2765.5961760957407,0.006841971717633441,0.00010709273966011401,3,0.9617542109937262
74,"pcr, iv_skew, pct_fg",0.486041977840533,927.9239215768567,0.005737103272293855,0.007001989075670444,3,1.0597523050699185
75,"pcr, normalized_vrp, pcr_zscore",0.19763316643654602,117.42269228997561,0.004402782357605588,0.007001236786943045,3,0.6379114021971048
76,"pcr, normalized_vrp, vol_of_vol",-0.08633099627179791,-1652.2339891711458,0.000509843652023212,0.004500900368549729,3,-0.03534663106947671
77,"pcr, normalized_vrp, trend_strength",-0.035138001002436824,683.4857828840858,0.004219422220264406,0.003446613952940749,3,0.3868042210240038
78,"pcr, normalized_vrp, iv_percentile_rank",0.21734846015705486,-2309.6834682816525,0.005726261455066243,0.011158478932474585,3,0.7899746056636792
79,"pcr, normalized_vrp, relative_pcr",-0.013276129417527774,1417.0760214739066,0.004401958261135651,0.010346426653954388,3,0.42691969669603735
80,"pcr, normalized_vrp, rsi20",0.08678845752310246,-1609.9041072821635,0.004021016287617547,0.004036792982625451,3,0.4888900862848571
81,"pcr, normalized_vrp, fg",0.16161465466295982,-2220.4464449433362,0.005192498293045118,0.010515395352544265,3,0.6808644839674716
82,"pcr, normalized_vrp, pct_fg",0.2257675343349407,1551.2665930934388,0.0039789966259768045,0.006478400704084856,3,0.6236671969326212
83,"pcr, pcr_zscore, vol_of_vol",-0.06499878174342935,-2538.962270633463,0.0021777519137966116,0.001191311742539376,3,0.15277640963623182
84,"pcr, pcr_zscore, trend_strength",0.18643331661692833,205.31926489164772,0.004814344040842978,0.004648060728970286,3,0.6678677207012261
85,"pcr, pcr_zscore, iv_percentile_rank",0.07785058919631073,-3551.828930091,0.002601051221144529,0.0064988924724968325,3,0.33795571131076363
86,"pcr, pcr_zscore, relative_pcr",0.1270221769060643,702.9292909583669,0.0020372748451748758,0.004224659748257654,3,0.3307496614235519
87,"pcr, pcr_zscore, rsi20",0.1083607275439129,-2581.2972239859064,0.0046572600378585105,0.009524461740540804,3,0.574086731329764
88,"pcr, pcr_zscore, fg",0.25989321291765904,-2790.591413028626,0.006584432541181242,0.0,3,0.9183364670357832
89,"pcr, pcr_zscore, pct_fg",0.0541317484959972,621.0203716873712,0.0025907608172475614,0.002286397457476089,3,0.3132078302207534
90,"pcr, vol_of_vol, trend_strength",0.06411647209389097,-2130.208320031911,0.0021067195268869984,0.004398727192779889,3,0.2747884247825908
91,"pcr, vol_of_vol, iv_percentile_rank",0.21713046209347556,-5379.507644544681,0.0004267178642341392,0.004620030835547536,3,0.2598022485168895
92,"pcr, vol_of_vol, relative_pcr",-0.05527011502813896,-1217.225453629356,0.0007127473813456721,0.009789961546574678,3,0.01600462310642825
93,"pcr, vol_of_vol, rsi20",0.23161056020285736,-4398.450264555703,0.006003188274503505,0.008531162729218883,3,0.8319293876532079
94,"pcr, vol_of_vol, fg",0.2634659090782407,-4712.987411629737,0.007683955671157177,0.0,3,1.0318614761939584
95,"pcr, vol_of_vol, pct_fg",0.1625605030294191,-1270.5828358267702,0.0031075795858538785,0.005675509002495944,3,0.47331846161480695
96,"pcr, trend_strength, iv_percentile_rank",0.23055803363516583,-3041.970837688829,0.0013644488524877452,0.013146208692089068,3,0.3670029188839403
97,"pcr, trend_strength, relative_pcr",0.21944254120861395,1134.8096499712738,0.0030798122835461288,0.0032143687132868983,3,0.5274237695632269
98,"pcr, trend_strength, rsi20",0.10117568092278972,-1851.3971848187825,0.0009200048047592445,0.007868207764235661,3,0.19317616139871419
99,"pcr, trend_strength, fg",0.2718371809470603,-2482.68684613925,0.006055317146858946,0.019672034703914543,3,0.8773688956329548
100,"pcr, trend_strength, pct_fg",0.36942810581579166,1213.5196929583492,0.0035028050498198964,0.01185482219719551,3,0.7197086107977813
101,"pcr, iv_percentile_rank, relative_pcr",0.16441696072516057,-2215.296454638847,0.001455208147883344,0.013055290041216779,3,0.309937775513495
102,"pcr, iv_percentile_rank, rsi20",0.21936601337279907,-5335.047821512208,0.0005030930453526952,0.010696744724404569,3,0.2696753179080686
103,"pcr, iv_percentile_rank, fg",0.16962870468506944,-5726.368861942302,0.006295522521678647,0.0,3,0.7991809568529341
104,"pcr, iv_percentile_rank, pct_fg",0.2011567042704948,-2322.704785110822,0.0007965088912465584,0.004751027230740773,3,0.28080759339515066
105,"pcr, relative_pcr, rsi20",0.09667985747263932,-1233.6749241695838,0.003501170645448596,0.005775385842235216,3,0.446796922017499
106,"pcr, relative_pcr, fg",0.11956997755873496,-1753.7205872549098,0.004705718680830097,0.004313465519605632,3,0.5901418456417447
107,"pcr, relative_pcr, pct_fg",0.17867196301130675,1914.4492851617576,0.0021111781876391477,0.012436454246590753,3,0.3897897817752215
108,"pcr, rsi20, fg",0.16619192678417394,-4680.635857926529,0.008161416716257296,0.019672034703914543,3,0.9823335984099035
109,"pcr, rsi20, pct_fg",0.3895578125001012,-1125.3431827774534,0.004513307694807478,0.010317522819518497,3,0.840888581980849
110,"pcr, fg, pct_fg",0.2710992435425442,-1577.2784947177906,0.0053497096495730674,0.00010709273966011401,3,0.806070208499851
111,"iv_skew, normalized_vrp, pcr_zscore",-0.019021729245090505,-1328.4331548267924,0.0038691847026871527,0.007647479921373195,3,0.3678967410236248
112,"iv_skew, normalized_vrp, vol_of_vol",0.37701828701972784,-2907.1352096101473,0.003419815188704446,0.009315238581314899,3,0.7189998058901724
113,"iv_skew, normalized_vrp, trend_strength",0.06277360282426812,-726.7624692266148,0.004880866892312067,0.005506425594175846,3,0.5508602920554748
114,"iv_skew, normalized_vrp, iv_percentile_rank",0.1980557146212415,-3584.827606180422,0.003561935223785382,0.002308026210464157,3,0.5542492369997798
115,"iv_skew, normalized_vrp, relative_pcr",-0.05936843701823627,182.45150722146582,0.004722171798666568,0.005908290966619772,3,0.41284874284842055
116,"iv_skew, normalized_vrp, rsi20",0.12529846687671872,-2650.900933983483,0.007492135428567391,0.03249532451066699,3,0.8745120097334579
117,"iv_skew, normalized_vrp, fg",0.16899589602224868,-3445.088714080914,0.006364694946583807,0.008482386063180851,3,0.8054653906806293
118,"iv_skew, normalized_vrp, pct_fg",0.12217101356403619,244.61240626483155,0.0062017746450349215,0.011957250339652637,3,0.7423484780675282
119,"iv_skew, pcr_zscore, vol_of_vol",0.04840509961125429,-4084.160309167503,0.0022304310565050994,0.0009749113432673548,3,0.2714482052617642
120,"iv_skew, pcr_zscore, trend_strength",0.15431987697212987,-1682.7730121409722,0.0027648256646603787,0.005659952426577,3,0.43080244343816776
121,"iv_skew, pcr_zscore, iv_percentile_rank",0.10985204264869008,-5054.540466470781,0.0031485269521797613,0.006310750500390169,3,0.42470473786666624
122,"iv_skew, pcr_zscore, relative_pcr",0.06221510054705095,-719.5560813427027,0.0009171323795819961,0.0023943272184613947,3,0.15392833850525056
123,"iv_skew, pcr_zscore, rsi20",0.19327642627650074,-4058.891041296334,0.008591940032096903,0.012866445137316228,3,1.052470429486191
124,"iv_skew, pcr_zscore, fg",0.27134726970648015,-4445.453691838884,0.006861606294936245,0.00010709273966011401,3,0.9575078992001046
125,"iv_skew, pcr_zscore, pct_fg",0.3723368773407452,-1115.8548199337536,0.001252734647705557,0.00738966334850022,3,0.49761034211130095
126,"iv_skew, vol_of_vol, trend_strength",0.0601940639734919,-3565.491765565765,0.0025505534451770884,0.003672909842052516,3,0.31524940849120076
127,"iv_skew, vol_of_vol, iv_percentile_rank",0.2189444689071938,-6584.028050894941,0.00141442433313333,0.004861889224896962,3,0.36038690222052683
128,"iv_skew, vol_of_vol, relative_pcr",0.4067312473474512,-2567.5303136832244,0.0029028749024268548,0.0026194426088925705,3,0.6970187375901367
129,"iv_skew, vol_of_vol, rsi20",-0.00710892262281767,-5790.9791335080545,0.0022993166241045584,0.009831747037144973,3,0.22282273978763817
130,"iv_skew, vol_of_vol, fg",0.25629983164811326,-6172.277083769255,0.00460673117228905,0.002422683521833966,3,0.7169729488770182
131,"iv_skew, vol_of_vol, pct_fg",0.22963566260383758,-2524.3527723771954,0.003434216430194893,0.0179385986630087,3,0.5730573056233269
132,"iv_skew, trend_strength, iv_percentile_rank",0.40589156113401115,-4228.454755702832,0.005906562688171071,0.0038727455913331295,3,0.9965478299511182
133,"iv_skew, trend_strength, relative_pcr",0.11611869131660779,-475.0807188003733,0.005601337212085123,0.005409529450721901,3,0.6762524125251201
134,"iv_skew, trend_strength, rsi20",0.12922307988702675,-3303.815391893594,0.0007678845588167085,0.014347039608079343,3,0.2060115357686976
135,"iv_skew, trend_strength, fg",0.27505180698141585,-3926.6136645685815,0.006129537805709678,0.019672034703914543,3,0.8880055875523837
136,"iv_skew, trend_strength, pct_fg",0.4296703466840269,-223.04944282587502,0.0049882607231747506,0.03262955791250739,3,0.9284964190015019
137,"iv_skew, iv_percentile_rank, relative_pcr",0.18524859567849045,-3509.25362245188,0.0007686221090712456,0.010355997220107301,3,0.26211080658561503
138,"iv_skew, iv_percentile_rank, rsi20",0.24078893816670988,-6699.448141699459,0.0012049120024517817,0.007713696780781157,3,0.36128013841188805
139,"iv_skew, iv_percentile_rank, fg",0.1579270411693538,-6978.907412158871,0.006183221041946284,0.019672034703914543,3,0.7762491453639822
140,"iv_skew, iv_percentile_rank, pct_fg",0.21617881468074132,-3592.8947006313456,0.0029422664592612777,0.02488225378010747,3,0.5104054606068691
141,"iv_skew, relative_pcr, rsi20",0.183263705728159,-2666.532479211703,0.007304405323506095,0.01423935348247392,3,0.9137042380787684
142,"iv_skew, relative_pcr, fg",0.2770663131073975,-2951.426101943152,0.00647877624018515,0.019672034703914543,3,0.9249439371259125
143,"iv_skew, relative_pcr, pct_fg",0.3224928713092108,462.12279190764815,0.007979979350252889,0.035782303910902674,3,1.1204908063344998
144,"iv_skew, rsi20, fg",0.16615684770474706,-6100.267982939117,0.006493817655636506,0.00010709273966011401,3,0.8155386132683976
145,"iv_skew, rsi20, pct_fg",0.4792383352413715,-2618.3851770958167,0.010928975436957988,0.03517616875207413,3,1.5721358789371704
146,"iv_skew, fg, pct_fg",0.43387027185411203,-3021.2510929335835,0.041255387546367935,0.00010709273966011401,3,4.559409026490906
147,"normalized_vrp, pcr_zscore, vol_of_vol",-0.060321694394782396,-3165.954657965328,0.0017682481027278527,0.009216883058261007,3,0.11650311587800287
148,"normalized_vrp, pcr_zscore, trend_strength",0.2803603625205928,-538.1659238569406,0.0030445049075574476,0.005391908766005826,3,0.5848108532763376
149,"normalized_vrp, pcr_zscore, iv_percentile_rank",0.2132296928759583,-3839.6382002018086,0.007481780697061334,0.008636096953470309,3,0.9614077625820917
150,"normalized_vrp, pcr_zscore, relative_pcr",0.19047118807787702,424.12816215392246,0.007095135306474213,0.007647561383299369,3,0.8999847187252983
151,"normalized_vrp, pcr_zscore, rsi20",0.14847113875654994,-3376.3334360153794,0.00412494130924715,0.012210068792302844,3,0.5609652696812649
152,"normalized_vrp, pcr_zscore, fg",0.13719801532314338,-3802.3782900856945,0.005724643152334379,0.010515395352544265,3,0.7096623305565812
153,"normalized_vrp, pcr_zscore, pct_fg",0.29479224855064773,-115.73270664831524,0.003789657026407155,0.00835640566364153,3,0.6737579511913632
154,"normalized_vrp, vol_of_vol, trend_strength",-0.12113384158205434,-2599.763794740085,0.0009749009937019422,0.007510348383796989,3,-0.023643742211860122
155,"normalized_vrp, vol_of_vol, iv_percentile_rank",0.18608949450663007,-5508.18252616035,0.0008214474142504905,0.00320141380045618,3,0.2682342359316791
156,"normalized_vrp, vol_of_vol, relative_pcr",-0.024148780923775044,-1599.6675539592989,0.0014122466687645264,0.002017503931135315,3,0.1170758859526776
157,"normalized_vrp, vol_of_vol, rsi20",0.14291287788683643,-4998.860100448483,0.002515496013338072,0.005612687070458248,3,0.3944624792206436
158,"normalized_vrp, vol_of_vol, fg",0.228306448749708,-5008.433930209189,0.006265995056810379,0.00010709273966011401,3,0.854905954430746
159,"normalized_vrp, vol_of_vol, pct_fg",0.47899822170939615,-1385.6290216959408,0.002255475016592363,0.007300384987655497,3,0.7045457233686325
160,"normalized_vrp, trend_strength, iv_percentile_rank",0.19252889605858292,-3346.4223299272217,0.00467063698838369,0.013728610456414487,3,0.6595925948969519
161,"normalized_vrp, trend_strength, relative_pcr",0.13207357293070277,426.8479431093403,0.0020842709992907353,0.0026808307190535315,3,0.34050067285977625
162,"normalized_vrp, trend_strength, rsi20",0.08350453156535341,-2649.3961224960913,0.0007042995103486648,0.0035475487485951726,3,0.1539344826002199
163,"normalized_vrp, trend_strength, fg",0.13724407577640907,-3265.6700603035906,0.005244480622213262,0.00693197968766618,3,0.6616921379977353
164,"normalized_vrp, trend_strength, pct_fg",0.42145053075155753,555.6884141732683,0.004097851906943716,0.007287305004303968,3,0.8312357214459292
165,"normalized_vrp, iv_percentile_rank, relative_pcr",0.20883956316277474,-2508.609637088969,0.0033069600017580515,0.00791863970530743,3,0.5395355633385799
166,"normalized_vrp, iv_percentile_rank, rsi20",0.1501231102390935,-5865.437629946395,0.002361143988766529,0.004397320168303304,3,0.3862375091157464
167,"normalized_vrp, iv_percentile_rank, fg",0.14981898111548492,-6065.747743363927,0.0067000720516089156,0.019672034703914543,3,0.8198261862763765
168,"normalized_vrp, iv_percentile_rank, pct_fg",0.2809446557950019,-2542.4228878629315,0.018012902299491436,0.017087241360521508,3,2.0822348857441453
169,"normalized_vrp, relative_pcr, rsi20",0.15414329551658168,-1936.8563933033709,0.006829770888661433,0.008282183939232503,3,0.837120384382725
170,"normalized_vrp, relative_pcr, fg",0.16789690400433327,-2229.448521598257,0.005367877416533104,0.010515395352544265,3,0.7046846456576437
171,"normalized_vrp, relative_pcr, pct_fg",0.2506021813528227,1418.0669822712407,0.003458035895502714,0.006178507661665736,3,0.5964057709030941
172,"normalized_vrp, rsi20, fg",0.1281152897818461,-5547.456952321456,0.0064634078429542385,0.007840654920060176,3,0.7744560740772699
173,"normalized_vrp, rsi20, pct_fg",0.09503904362560008,-1920.4543553818467,0.005540220536761632,0.007834585863575732,3,0.6490610973017633
174,"normalized_vrp, fg, pct_fg",0.3733146436756704,-1909.9299831875053,0.010016957078203968,0.006771684898978695,3,1.3750103514960672
175,"pcr_zscore, vol_of_vol, trend_strength",0.2796588300546121,-3728.613690180592,0.0006160805977613243,0.013829797096089707,3,0.34126688983074455
176,"pcr_zscore, vol_of_vol, iv_percentile_rank",0.22421568948574302,-6838.7216284115275,0.00040898323332576455,0.004620030835547536,3,0.2651140128183195
177,"pcr_zscore, vol_of_vol, relative_pcr",0.05548438001950428,-2578.4848440532755,0.0011556571504359146,0.002297604011297019,3,0.17105009506309574
178,"pcr_zscore, vol_of_vol, rsi20",0.09245956755375935,-6179.9388928919725,0.004372111081512158,0.010308350995606685,3,0.5296706757049752
179,"pcr_zscore, vol_of_vol, fg",0.25918552465612205,-6320.388667522963,0.006690334883372509,0.0,3,0.928219012993373
180,"pcr_zscore, vol_of_vol, pct_fg",0.18438719656006008,-2816.274567018289,0.0020330281659604005,0.00467688192422489,3,0.38769001315610013
181,"pcr_zscore, trend_strength, iv_percentile_rank",0.12164943173684276,-4712.94761164884,0.00013622952404085864,0.0018707455712103404,3,0.13527238414092863
182,"pcr_zscore, trend_strength, relative_pcr",0.08334413349008762,-349.88873692247034,0.003944094233329207,0.0026917891130313117,3,0.47775355682300835
183,"pcr_zscore, trend_strength, rsi20",0.09600659940498825,-3617.638251167978,0.003517845204227525,0.004278203282141268,3,0.4477911198277407
184,"pcr_zscore, trend_strength, fg",0.27149241893319853,-4117.354058263367,0.006256372884173663,0.019672034703914543,3,0.8971297073505649
185,"pcr_zscore, trend_strength, pct_fg",0.2722953190449293,-461.7176657317579,0.0032316954008549644,0.002327424591026186,3,0.5954648591304257
186,"pcr_zscore, iv_percentile_rank, relative_pcr",0.11987827999327721,-3570.4669662967876,0.000580015028407944,0.004013083217628604,3,0.1778797828340716
187,"pcr_zscore, iv_percentile_rank, rsi20",0.21137337121085065,-7052.138805175988,0.002236075758858858,0.008154078499297453,3,0.4349809470967364
188,"pcr_zscore, iv_percentile_rank, fg",0.13100982242176218,-7359.10848890297,0.005095844205562476,0.007275408797233596,3,0.6405942429780098
189,"pcr_zscore, iv_percentile_rank, pct_fg",0.2794507932099317,-3812.5348347743043,0.000867160705728007,0.004885623529582179,3,0.36616686378273244
190,"pcr_zscore, relative_pcr, rsi20",0.012425617325515082,-2732.872325712627,0.002780597133998833,0.004998800703454532,3,0.29048533072539834
191,"pcr_zscore, relative_pcr, fg",0.2729343446585821,-3092.9528058878113,0.006493817655636506,0.019672034703914543,3,0.9223161102222326
192,"pcr_zscore, relative_pcr, pct_fg",0.15186746697413483,498.63737704092205,0.0018506789349407437,0.0027289683314976397,3,0.3369353604682092
193,"pcr_zscore, rsi20, fg",0.06456380992163814,-6469.580704866947,0.00326887441484366,0.00439174916274339,3,0.3914512514060041
194,"pcr_zscore, rsi20, pct_fg",0.4153721116526846,-3030.524268019536,0.006394245754299737,0.007960169143058353,3,1.0547966870826584
195,"pcr_zscore, fg, pct_fg",0.4250719290686747,-3390.1196619136535,0.04290177125817651,0.00010709273966011401,3,4.715249054886326
196,"vol_of_vol, trend_strength, iv_percentile_rank",0.21825839930256757,-6362.328726578913,0.0012543322259902599,0.004663617227711495,3,0.3436916219015935
197,"vol_of_vol, trend_strength, relative_pcr",0.04788301769368304,-2297.911726378109,0.0022475846968478238,0.002554074068284621,3,0.27264148737846544
198,"vol_of_vol, trend_strength, rsi20",0.24886841853615638,-5455.75986178515,0.004241232876375874,0.008717203239000534,3,0.6729917061737438
199,"vol_of_vol, trend_strength, fg",0.2586132142778907,-5734.692416359695,0.007503203753790743,0.019672034703914543,3,1.0089335896569651
200,"vol_of_vol, trend_strength, pct_fg",0.07586862642785532,-2224.7217806081617,0.0031062504280487697,0.0054023301741059,3,0.38649366923273226
201,"vol_of_vol, iv_percentile_rank, relative_pcr",0.2049130875169186,-5250.338224122096,0.0005630420233336693,0.004215452620565578,3,0.26121728985028553
202,"vol_of_vol, iv_percentile_rank, rsi20",0.17709459290086585,-8734.464541628568,0.0009292373960344114,0.004215452620565578,3,0.27001833250430696
203,"vol_of_vol, iv_percentile_rank, fg",0.10959900652246629,-8804.604829840084,0.0019826823103474924,0.001191311742539376,3,0.30786723755721557
204,"vol_of_vol, iv_percentile_rank, pct_fg",0.4975835271149354,-5087.726914050224,0.004343842694449947,0.0045132696258195545,3,0.9319677965599301
205,"vol_of_vol, relative_pcr, rsi20",0.2179773930928897,-4668.132208983453,0.0037980781526234927,0.007379515388990111,3,0.597785208355239
206,"vol_of_vol, relative_pcr, fg",0.25972968690177617,-4736.384709345593,0.007729678370005114,0.019672034703914543,3,1.0326975239022875
207,"vol_of_vol, relative_pcr, pct_fg",0.49076816818544655,-1138.24027833653,0.0022187859163724215,0.0009015143788251856,3,0.7126467598226887
208,"vol_of_vol, rsi20, fg",0.17159754370385827,-8050.084729259768,0.00770703191988063,0.019672034703914543,3,0.9423007356919212
209,"vol_of_vol, rsi20, pct_fg",0.20930243215081482,-4785.941312066639,0.002431642039127453,0.005655275678153878,3,0.4524666360635601
210,"vol_of_vol, fg, pct_fg",0.4139160936176926,-4495.334355057106,0.0031584357669812856,0.00010709273966011401,3,0.7297596703158211
211,"trend_strength, iv_percentile_rank, relative_pcr",0.20882723231673977,-3261.0771748526836,0.0005330062580122473,0.011896607287440158,3,0.2621278581179645
212,"trend_strength, iv_percentile_rank, rsi20",0.2302839432485391,-6433.251964572517,0.005182684939784944,0.011247007363520762,3,0.7485524372270335
213,"trend_strength, iv_percentile_rank, fg",0.16918327394815016,-6773.951281897976,0.006322742270334504,0.019672034703914543,3,0.8014575009816005
214,"trend_strength, iv_percentile_rank, pct_fg",0.2428604194414375,-3279.461470256347,0.0017600745026605004,0.002475334865015274,3,0.4188678697074875
215,"trend_strength, relative_pcr, rsi20",0.09845368318537341,-2204.2728277159626,0.002905954542333189,0.003079831125270022,3,0.3890491374186923
216,"trend_strength, relative_pcr, fg",0.27440751535078645,-2686.1275234615696,0.006381319181763977,0.019672034703914543,3,0.9125394335271841
217,"trend_strength, relative_pcr, pct_fg",0.4353526924859734,977.5557314264021,0.0026292965729973207,0.0021270296644250617,3,0.6982823497857055
218,"trend_strength, rsi20, fg",0.11052434167152529,-5961.971635287608,0.005138430671749995,0.014385879977254283,3,0.6243674088465248
219,"trend_strength, rsi20, pct_fg",0.35803347227396676,-2127.1687077086713,0.0036066500796865034,0.0015819162870126264,3,0.7186984802426171
220,"trend_strength, fg, pct_fg",0.43235671624800415,-2818.122995030684,0.043350589513471274,0.00010709273966011401,3,4.767415667595132
221,"iv_percentile_rank, relative_pcr, rsi20",0.20875659593098472,-5614.353889301994,0.004858373323887032,0.0074489541914761325,3,0.6945939283196879
222,"iv_percentile_rank, relative_pcr, fg",0.1742518557876758,-5755.568058829677,0.006354321698803742,0.0,3,0.80968402566805
223,"iv_percentile_rank, relative_pcr, pct_fg",0.2621813058299426,-2279.319516860351,9.128940662986654e-05,0.004799378339432269,3,0.27131024649292923
224,"iv_percentile_rank, rsi20, fg",0.1296573108748624,-9071.777589108655,0.006322742270334504,0.019672034703914543,3,0.7619315379083128
225,"iv_percentile_rank, rsi20, pct_fg",0.3275096123594435,-5710.958052232837,0.0005430038149843986,0.005516994618781738,3,0.38180999385788333
226,"iv_percentile_rank, fg, pct_fg",0.1793120671341229,-5603.523752198556,0.003977873811864846,0.00010709273966011401,3,0.5770994483206076
227,"relative_pcr, rsi20, fg",0.16629452170481487,-4969.980519663916,0.006618247736370076,0.019672034703914543,3,0.8281192953418224
228,"relative_pcr, rsi20, pct_fg",0.25531963935028285,-1640.070972444692,0.0038457448223518185,0.003980483516511613,3,0.6398941215854648
229,"relative_pcr, fg, pct_fg",0.3856969483017824,-1681.3669281338193,0.004345639972105208,0.00010709273966011401,3,0.8202609455123032
230,"rsi20, fg, pct_fg",0.21775981098608008,-5011.055191525002,0.004405853043516837,0.00010709273966011401,3,0.6583451153377639
231,"pcr, iv_skew, normalized_vrp, pcr_zscore",0.022185843983053025,-360.7382031801964,0.003770274397357774,0.011914789171262794,4,0.3992132837188304
232,"pcr, iv_skew, normalized_vrp, vol_of_vol",0.4704027712382915,-2170.7115735817906,0.006219052611536588,0.007669050220531712,4,1.0923080323919503
233,"pcr, iv_skew, normalized_vrp, trend_strength",0.13772493950828923,239.4674778229966,0.006268879103825637,0.001936430737103278,4,0.764612849890853
234,"pcr, iv_skew, normalized_vrp, iv_percentile_rank",0.1703306248684065,-2807.2668466703794,0.0018488364265352815,0.005559133842785672,4,0.35521426752193463
235,"pcr, iv_skew, normalized_vrp, relative_pcr",0.03060609215176131,1006.4287614502124,0.0013085921860228058,0.005564138140789566,4,0.16146531075404189
236,"pcr, iv_skew, normalized_vrp, rsi20",0.08522973406460742,-2075.0160427854635,0.0029865494937421615,0.007411275248001571,4,0.3838846834388236
237,"pcr, iv_skew, normalized_vrp, fg",0.16342716147756717,-2688.110822936599,0.006413895446884189,0.008482386063180851,4,0.8048167061659861
238,"pcr, iv_skew, normalized_vrp, pct_fg",0.3811543160066025,1161.6583560423567,0.0056476483976172324,0.006046947872491324,4,0.9459191557683257
239,"pcr, iv_skew, pcr_zscore, vol_of_vol",-0.06280898091222006,-3034.0133086272076,0.002079854831201056,0.0016168798331048099,4,0.14517650220788553
240,"pcr, iv_skew, pcr_zscore, trend_strength",0.10856596789469264,-626.3921227203623,0.004261034430191679,0.001936430737103278,4,0.5346694109138606
241,"pcr, iv_skew, pcr_zscore, iv_percentile_rank",0.15025741399429102,-4050.5001161802443,0.002158395294215704,0.006099656559423175,4,0.3660969434158614
242,"pcr, iv_skew, pcr_zscore, relative_pcr",0.02731184093381437,260.45085455515203,0.0013136412435196295,0.011207974780520706,4,0.15867596528577732
243,"pcr, iv_skew, pcr_zscore, rsi20",0.10406400923545847,-3038.8810363189223,0.0038423551722101645,0.010859956956175284,4,0.4882995264564749
244,"pcr, iv_skew, pcr_zscore, fg",0.25734368049481315,-3277.517418519932,0.0068133523627843685,0.0,4,0.93867891677325
245,"pcr, iv_skew, pcr_zscore, pct_fg",0.16911816175652186,198.77643682431005,0.0024017495617278113,0.0047169072583838805,4,0.409293117929303
246,"pcr, iv_skew, vol_of_vol, trend_strength",0.061325475056238664,-2618.6642026122627,0.001896429418828977,0.004398727192779889,4,0.25096841693913635
247,"pcr, iv_skew, vol_of_vol, iv_percentile_rank",0.22097984427905137,-5866.510904250061,0.0007938340875897041,0.004861889224896962,4,0.3003632530380218
248,"pcr, iv_skew, vol_of_vol, relative_pcr",0.25408013513446853,-1454.4625351283814,0.0021235258391669146,0.001815017622905004,4,0.46643271905116
249,"pcr, iv_skew, vol_of_vol, rsi20",0.12284574366096385,-4880.215077371226,0.0029872689325766205,0.007963262130587904,4,0.4215726369186259
250,"pcr, iv_skew, vol_of_vol, fg",0.2584423478041933,-5421.639132871166,0.004605973001234353,0.001336731733002864,4,0.7190396479276286
251,"pcr, iv_skew, vol_of_vol, pct_fg",0.17299800763316425,-1736.2476772500356,0.003064766040764089,0.004028292091986147,4,0.4794746117095732
252,"pcr, iv_skew, trend_strength, iv_percentile_rank",0.18175539030961482,-3250.1807897166273,0.0032361003283327182,0.004819941133795103,4,0.5053654231428867
253,"pcr, iv_skew, trend_strength, relative_pcr",0.1339376192355338,719.5883133670474,0.004280362690229463,0.005637775147538698,4,0.5619738882584802
254,"pcr, iv_skew, trend_strength, rsi20",0.12723835429251287,-2294.246884903675,0.0034432019058525483,0.001936430737103278,4,0.4715585448777677
255,"pcr, iv_skew, trend_strength, fg",0.2702359862788638,-2945.1165792769475,0.006556814831283093,0.00010709273966011401,4,0.9259174694071731
256,"pcr, iv_skew, trend_strength, pct_fg",0.40888966486278766,840.6340946788451,0.004183300809515197,0.004834170386045196,4,0.8272197458143074
257,"pcr, iv_skew, iv_percentile_rank, relative_pcr",0.17730153028135698,-2701.770340313141,0.0015062443951780937,0.009626886076085958,4,0.32792596979916633
258,"pcr, iv_skew, iv_percentile_rank, rsi20",0.22545843870934779,-5768.111670302239,0.0021570744973133608,0.0078118177515698745,4,0.44116588844068383
259,"pcr, iv_skew, iv_percentile_rank, fg",0.1587488755942813,-6228.517593326698,0.006530915633157531,0.0,4,0.8118404389100343
260,"pcr, iv_skew, iv_percentile_rank, pct_fg",0.19699831164600942,-2781.1227597462894,0.002390937636996672,0.004493592121577919,4,0.4360920753456766
261,"pcr, iv_skew, relative_pcr, rsi20",0.1071746213211817,-1692.6122716352459,0.0037754259948747054,0.012203998408613657,4,0.48471722080865226
262,"pcr, iv_skew, relative_pcr, fg",0.2769716087931452,-2094.4904958052075,0.006476032311001325,0.00010709273966011401,4,0.9245748398932777
263,"pcr, iv_skew, relative_pcr, pct_fg",0.2924907884736926,1551.2140226438635,0.001554622247248394,0.003247430982652019,4,0.447953013198532
264,"pcr, iv_skew, rsi20, fg",0.16496209545203475,-5129.974209210524,0.007103351182594586,0.00010709273966011401,4,0.8752972137114934
265,"pcr, iv_skew, rsi20, pct_fg",0.4097357668136017,-1446.312594736237,0.005417694631750819,0.008246328907729231,4,0.9515052299886836
266,"pcr, iv_skew, fg, pct_fg",0.40088424267525363,-2099.632834009267,0.0034600871553528046,0.00010709273966011401,4,0.7468929582105341
267,"pcr, normalized_vrp, pcr_zscore, vol_of_vol",-0.05359962078055103,-2312.371818493004,0.001701684665437143,0.001191311742539376,4,0.11656884576316329
268,"pcr, normalized_vrp, pcr_zscore, trend_strength",0.21145986902531677,471.503203223243,0.003001629385398822,0.00617142984800749,4,0.511622807565199
269,"pcr, normalized_vrp, pcr_zscore, iv_percentile_rank",0.20288512413682486,-3220.510896955129,0.005283580755352405,0.017001783364987724,4,0.7312431996720654
270,"pcr, normalized_vrp, pcr_zscore, relative_pcr",0.001771769230021515,913.2289492504528,0.002812471248780513,0.002908443350093412,4,0.28301889410807285
271,"pcr, normalized_vrp, pcr_zscore, rsi20",0.07876272819762455,-2331.9682452753127,0.003128869723282533,0.005015229826448631,4,0.39164970052587783
272,"pcr, normalized_vrp, pcr_zscore, fg",0.16308580835521802,-2770.0499765751783,0.006854049057350715,0.007840654920060176,4,0.8484907140902895
273,"pcr, normalized_vrp, pcr_zscore, pct_fg",0.08142109566606312,877.8943712410274,0.004574762221545278,0.003914313474105936,4,0.5388973178205909
274,"pcr, normalized_vrp, vol_of_vol, trend_strength",-0.1170749427333069,-1785.5197574796052,0.0013732272544863284,0.007510348383796989,4,0.02024778271532593
275,"pcr, normalized_vrp, vol_of_vol, iv_percentile_rank",0.1437942063747975,-5014.841255015776,0.0012843019497759836,0.0033511714214366065,4,0.2722244013523959
276,"pcr, normalized_vrp, vol_of_vol, relative_pcr",-0.05526022777896217,-969.2362971932836,0.002559347876867328,0.0013616827344161194,4,0.2006745599077706
277,"pcr, normalized_vrp, vol_of_vol, rsi20",0.029629840116102688,-3756.882494408789,0.001425572634758643,0.009209369195827882,4,0.17218710359196698
278,"pcr, normalized_vrp, vol_of_vol, fg",0.23787303262617063,-4520.732587593467,0.0075797254644905145,0.00010709273966011401,4,0.9958455790752221
279,"pcr, normalized_vrp, vol_of_vol, pct_fg",-0.027711274848842737,-924.7474531235538,0.004230315949215839,0.006521995441271201,4,0.39532032007274115
280,"pcr, normalized_vrp, trend_strength, iv_percentile_rank",0.21846651582737542,-2449.9541662531237,0.005021615832722656,0.012343777776725125,4,0.720628099099641
281,"pcr, normalized_vrp, trend_strength, relative_pcr",-0.03525639514816983,1328.6648417351466,0.004224428434700872,0.007017494960489638,4,0.3871864483219174
282,"pcr, normalized_vrp, trend_strength, rsi20",0.09898291053458691,-1789.0359299320992,0.0031340714355058913,0.006327548386980306,4,0.41239005408517604
283,"pcr, normalized_vrp, trend_strength, fg",0.16126094963722584,-2417.781595466324,0.005192498293045118,0.00693197968766618,4,0.6805107789417376
284,"pcr, normalized_vrp, trend_strength, pct_fg",0.323450544796354,1518.6376990040596,0.005025745905963941,0.0048128427266297905,4,0.8260251353927481
285,"pcr, normalized_vrp, iv_percentile_rank, relative_pcr",0.19815629065963594,-1897.3504424966065,0.004033967469962565,0.009846974052388508,4,0.6015530376558924
286,"pcr, normalized_vrp, iv_percentile_rank, rsi20",0.16252138561078114,-5023.949610303804,0.0016431705018317155,0.007884163622117921,4,0.32683843579395266
287,"pcr, normalized_vrp, iv_percentile_rank, fg",0.11818383224001915,-5554.472995073909,0.006672793542964012,0.019672034703914543,4,0.7854631865364203
288,"pcr, normalized_vrp, iv_percentile_rank, pct_fg",0.20075825498503364,-2007.4542192609842,0.010493139445665926,0.0064122479601167485,4,1.2500721995516262
289,"pcr, normalized_vrp, relative_pcr, rsi20",0.07923521555177011,-983.854935465476,0.003760884204185567,0.008103268186394952,4,0.45532363597032677
290,"pcr, normalized_vrp, relative_pcr, fg",0.16535215032553868,-1546.683122821987,0.005559169076574168,0.010515395352544265,4,0.7212690579829555
291,"pcr, normalized_vrp, relative_pcr, pct_fg",0.16985929396393357,2220.0582411671667,0.0028531609191087045,0.0017784753977012676,4,0.455175385874804
292,"pcr, normalized_vrp, rsi20, fg",0.1319496661144084,-4646.945579776924,0.005061064165507402,0.006921163024159321,4,0.6380560826651486
293,"pcr, normalized_vrp, rsi20, pct_fg",0.35147171494871654,-851.9380898496992,0.0033579540870315276,0.007693186045839406,4,0.6872671236518693
294,"pcr, normalized_vrp, fg, pct_fg",0.3655096739381594,-1330.273318386856,0.011391307779387658,0.004123799831975276,4,1.5046404518769252
295,"pcr, pcr_zscore, vol_of_vol, trend_strength",0.2004400823812352,-2711.4669656713563,0.001684334033747176,0.0,4,0.3688734857559528
296,"pcr, pcr_zscore, vol_of_vol, iv_percentile_rank",0.22455826330354245,-6067.125528563751,0.0005063401142524318,0.003711791232632408,4,0.2751922747287856
297,"pcr, pcr_zscore, vol_of_vol, relative_pcr",-0.052725105205766974,-1751.1115855412022,0.0014633652405196978,0.0013430520659825085,4,0.0936114188462028
298,"pcr, pcr_zscore, vol_of_vol, rsi20",0.09956901384046274,-4985.384156206484,0.0023396568673407334,0.011891685490461212,4,0.33353470057453605
299,"pcr, pcr_zscore, vol_of_vol, fg",0.25593930454070873,-5236.072174231643,0.006900323949165291,0.0,4,0.9459716994572378
300,"pcr, pcr_zscore, vol_of_vol, pct_fg",-0.011397945069945629,-1846.858665262427,0.002723395172135138,0.0008133575093801342,4,0.26094157214356817
301,"pcr, pcr_zscore, trend_strength, iv_percentile_rank",0.06899428173436423,-3707.4386590354643,0.002499003088019706,0.005077241790564209,4,0.31889459053633484
302,"pcr, pcr_zscore, trend_strength, relative_pcr",0.055161574732156486,533.9610281925709,0.0015621138563824538,0.003184485827179214,4,0.21137296037040187
303,"pcr, pcr_zscore, trend_strength, rsi20",0.09295593908242458,-2592.96157190932,0.0028361884019207583,0.004489470180355429,4,0.37657477927450045
304,"pcr, pcr_zscore, trend_strength, fg",0.2715176423127562,-2986.6021320867176,0.006322742270334504,0.019672034703914543,4,0.9037918693462066
305,"pcr, pcr_zscore, trend_strength, pct_fg",0.17964539619890338,544.664146864319,0.0028809875606923135,0.008370265200978489,4,0.4677441522681347
306,"pcr, pcr_zscore, iv_percentile_rank, relative_pcr",0.12759813660606997,-2758.3000988759827,0.0017114451812918732,0.005036774598294037,4,0.2987426547352573
307,"pcr, pcr_zscore, iv_percentile_rank, rsi20",0.2173349719622365,-6031.3525314169265,0.0027219085127424,0.010231148725414545,4,0.48952582323647653
308,"pcr, pcr_zscore, iv_percentile_rank, fg",0.11889873102185043,-6298.263038079433,0.0032922793466830247,0.00789238162350614,4,0.4481266656901529
309,"pcr, pcr_zscore, iv_percentile_rank, pct_fg",0.20628677296196415,-2848.0751646337176,0.003082356715516192,0.00202758095715675,4,0.5145224445135833
310,"pcr, pcr_zscore, relative_pcr, rsi20",0.10117182649563006,-1808.5612297917764,0.003021368703487842,0.005368384710122109,4,0.4033086968444143
311,"pcr, pcr_zscore, relative_pcr, fg",0.24971734448765467,-2014.0974727426378,0.0069827967011427995,0.019672034703914543,4,0.9479970146019346
312,"pcr, pcr_zscore, relative_pcr, pct_fg",0.08766271760513596,1283.9203399398211,0.0012387774480581662,0.002660366869403722,4,0.2115404624109526
313,"pcr, pcr_zscore, rsi20, fg",0.09753809036590075,-5296.351307567179,0.0035727078088768475,0.004420882535433753,4,0.4548088712535855
314,"pcr, pcr_zscore, rsi20, pct_fg",0.28409733368203327,-1803.3468771119178,0.004375547060109155,0.0106576654800755,4,0.7216520396929488
315,"pcr, pcr_zscore, fg, pct_fg",0.33652350770083017,-2123.8300431511598,0.004218696982468402,0.00010709273966011401,4,0.7583932059476703
316,"pcr, vol_of_vol, trend_strength, iv_percentile_rank",0.21949491662047477,-5545.333843134057,0.001254024056179719,0.004663617227711495,4,0.34489732223844666
317,"pcr, vol_of_vol, trend_strength, relative_pcr",-0.06677925403033652,-1371.3197681139286,0.0016837403551219535,0.001191311742539376,4,0.10159478148185883
318,"pcr, vol_of_vol, trend_strength, rsi20",0.2594450010420371,-4502.469334918661,0.003880303980145378,0.007832568342020297,4,0.6474753990565749
319,"pcr, vol_of_vol, trend_strength, fg",0.25935163720154847,-4891.324618894538,0.007609053649214447,0.019672034703914543,4,1.020257002122993
320,"pcr, vol_of_vol, trend_strength, pct_fg",0.09423888959141075,-1360.2117857902022,0.0027472019630472733,0.013726962427184252,4,0.3689590858961381
321,"pcr, vol_of_vol, iv_percentile_rank, relative_pcr",0.2142171399893914,-4725.468858943983,0.00014841472304271558,0.004215452620565578,4,0.22905861229366295
322,"pcr, vol_of_vol, iv_percentile_rank, rsi20",0.19646539475227945,-7852.881390393664,0.000609535314907989,0.0074804733387127675,4,0.2574189262430784
323,"pcr, vol_of_vol, iv_percentile_rank, fg",0.09880299198374576,-8309.295401981877,0.0016275074331720553,0.001191311742539376,4,0.2615537353009513
324,"pcr, vol_of_vol, iv_percentile_rank, pct_fg",0.1665185793813007,-4752.58271447603,0.0012254446165728544,0.003984778526486976,4,0.28906304103858615
325,"pcr, vol_of_vol, relative_pcr, rsi20",0.08158658279901412,-3721.075019200769,0.002170703409462696,0.011742303056652408,4,0.29865692374528374
326,"pcr, vol_of_vol, relative_pcr, fg",0.24965369490921424,-4037.8771625473946,0.007786938596113413,0.019672034703914543,4,1.0283475545205556
327,"pcr, vol_of_vol, relative_pcr, pct_fg",0.03699489675946547,-620.2237852656024,0.002981449093934865,0.005450054232448627,4,0.33513980615295197
328,"pcr, vol_of_vol, rsi20, fg",0.14648848620715976,-7126.975272557011,0.0042644359028801634,0.019672034703914543,4,0.5729320764951762
329,"pcr, vol_of_vol, rsi20, pct_fg",0.1532148979796654,-3668.6375536002624,0.0032398193419786187,0.004529917323143272,4,0.4771968321775273
330,"pcr, vol_of_vol, fg, pct_fg",0.2631314313806693,-4005.3724585258274,0.003955857514211635,0.00010709273966011401,4,0.6587171828018328
331,"pcr, trend_strength, iv_percentile_rank, relative_pcr",0.18117341599083872,-2389.9172750168,0.0015141164051811463,0.009913041317080462,4,0.3325850565089533
332,"pcr, trend_strength, iv_percentile_rank, rsi20",0.2239067992626561,-5458.072501681581,0.0010789540338174068,0.010696744724404569,4,0.3318022026443968
333,"pcr, trend_strength, iv_percentile_rank, fg",0.1584852479668245,-5947.827535130098,0.0061506469709242916,0.019672034703914543,4,0.7735499450592537
334,"pcr, trend_strength, iv_percentile_rank, pct_fg",0.21360679285442924,-2411.6500010681534,0.0033150835249491028,0.007020891232034215,4,0.5451151453493395
335,"pcr, trend_strength, relative_pcr, rsi20",0.09629221479346615,-1237.6217683853447,0.004595422773479557,0.003847361056357878,4,0.5558344921414219
336,"pcr, trend_strength, relative_pcr, fg",0.2637182403865603,-1805.3803167187616,0.007249841368422371,0.019672034703914543,4,0.9887023772287973
337,"pcr, trend_strength, relative_pcr, pct_fg",0.11398205421072623,1759.1797518700564,0.0048751504248850126,0.007023976496733454,4,0.6014970966992275
338,"pcr, trend_strength, rsi20, fg",0.04171968548980855,-4863.938511584047,0.0025886363459990775,0.007868207764235661,4,0.3005833200897163
339,"pcr, trend_strength, rsi20, pct_fg",0.41671769580676643,-1087.3169745838773,0.004168065751489805,0.00747189802827776,4,0.8335242709557469
340,"pcr, trend_strength, fg, pct_fg",0.3951280109801854,-1795.8756028743453,0.003670915898756173,0.00010709273966011401,4,0.7622196008558026
341,"pcr, iv_percentile_rank, relative_pcr, rsi20",0.20669428304594706,-4691.08440161861,0.003950059755919482,0.009666554538385875,4,0.6017002586378952
342,"pcr, iv_percentile_rank, relative_pcr, fg",0.170121976041617,-5037.890726586049,0.006582989394428596,0.019672034703914543,4,0.8284209154844766
343,"pcr, iv_percentile_rank, relative_pcr, pct_fg",0.1315339761477893,-1661.944530976225,0.0017044019956651906,0.002953368209613229,4,0.3019741757143084
344,"pcr, iv_percentile_rank, rsi20, fg",0.12844399491954295,-8141.650981319985,0.006897137945923825,0.019672034703914543,4,0.8181577895119254
345,"pcr, iv_percentile_rank, rsi20, pct_fg",0.2581553065198273,-4761.633467776629,0.0011850392267274692,0.007978389768760167,4,0.3766592291925742
346,"pcr, iv_percentile_rank, fg, pct_fg",0.23580366478232145,-5034.445864477956,0.004452745202665139,0.00010709273966011401,4,0.6810781850488354
347,"pcr, relative_pcr, rsi20, fg",0.1596910492541668,-3991.667710283319,0.008204090860381272,0.019672034703914543,4,0.980100135292294
348,"pcr, relative_pcr, rsi20, pct_fg",0.37516307502600604,-482.9594695216558,0.0027261472868644245,0.009128670550727679,4,0.6477778037124484
349,"pcr, relative_pcr, fg, pct_fg",0.3033689939556246,-898.2041342976884,0.0036740386533380912,0.00010709273966011401,4,0.6707728592894338
350,"pcr, rsi20, fg, pct_fg",0.2140146616603589,-4053.026651040172,0.0050170088189761975,0.00010709273966011401,4,0.7157155435579786
351,"iv_skew, normalized_vrp, pcr_zscore, vol_of_vol",-0.060254051704264455,-3825.273793571664,0.003396505480587829,0.009073849025447037,4,0.2793964963545184
352,"iv_skew, normalized_vrp, pcr_zscore, trend_strength",0.2514871485053249,-1030.423486105726,0.005300498231223192,0.004634906575656569,4,0.7815369716276441
353,"iv_skew, normalized_vrp, pcr_zscore, iv_percentile_rank",0.2106913821898953,-4510.322539306449,0.0010949519061957836,0.01365645377207317,4,0.32018657280947366
354,"iv_skew, normalized_vrp, pcr_zscore, relative_pcr",0.19696053233279157,-200.6944240293512,0.009336823207782865,0.03466732237191518,4,1.1306428531110781
355,"iv_skew, normalized_vrp, pcr_zscore, rsi20",0.06632481503672606,-3900.0680796210404,0.003500624122825452,0.011099110778607106,4,0.41638722731927125
356,"iv_skew, normalized_vrp, pcr_zscore, fg",0.34268265507066253,-3854.135431047679,0.00721378210819955,0.029965062567568382,4,1.0640608658906174
357,"iv_skew, normalized_vrp, pcr_zscore, pct_fg",0.08702657078204117,-688.5924959242856,0.006045233853033825,0.023604386790892325,4,0.6915499560854236
358,"iv_skew, normalized_vrp, vol_of_vol, trend_strength",-0.11155599443917955,-3221.9651187456448,0.0005749730342184197,0.007501360183489755,4,-0.05405869101733758
359,"iv_skew, normalized_vrp, vol_of_vol, iv_percentile_rank",0.15590906937013052,-6273.255268155188,0.001542699928784176,0.0016014342057987015,4,0.3101790622485481
360,"iv_skew, normalized_vrp, vol_of_vol, relative_pcr",0.40266382594965916,-2345.0346355089205,0.000549319850182314,0.007669050220531712,4,0.4575958109678906
361,"iv_skew, normalized_vrp, vol_of_vol, rsi20",-0.022759464712385075,-5576.755617471896,0.005068165289066472,0.007589691381502166,4,0.4840570641942621
362,"iv_skew, normalized_vrp, vol_of_vol, fg",0.09564596040973464,-5888.523258421224,0.006253814870645158,0.005543832776799711,4,0.7210274474742504
363,"iv_skew, normalized_vrp, vol_of_vol, pct_fg",0.2660780598281749,-2193.109065050028,0.0037553732666270765,0.013114099940582165,4,0.6416153864908826
364,"iv_skew, normalized_vrp, trend_strength, iv_percentile_rank",0.21059004276100657,-3922.7964306005156,0.0021625034414811963,0.002308026210464157,4,0.4268403869091262
365,"iv_skew, normalized_vrp, trend_strength, relative_pcr",0.35542008472525827,386.33654645317387,0.006173323818952014,0.005148826436965322,4,0.9727524666204597
366,"iv_skew, normalized_vrp, trend_strength, rsi20",0.15037623669060604,-3169.1055642503798,0.0006402508833399149,0.0006956324084210338,4,0.21440132502459752
367,"iv_skew, normalized_vrp, trend_strength, fg",0.12933649740285535,-3858.19358514269,0.006993944558263432,0.007792333747158402,4,0.8287309532291985
368,"iv_skew, normalized_vrp, trend_strength, pct_fg",0.3204999742170476,70.90131851628729,0.006009708473189488,0.022334611598404518,4,0.9214708215359964
369,"iv_skew, normalized_vrp, iv_percentile_rank, relative_pcr",0.18549777882906837,-3023.9403337777594,0.0027639325018630942,0.002308026210464157,4,0.4618910290153778
370,"iv_skew, normalized_vrp, iv_percentile_rank, rsi20",0.15034502523550775,-6391.244262974789,0.0025223855911703304,0.0033386143384866113,4,0.40258358435254077
371,"iv_skew, normalized_vrp, iv_percentile_rank, fg",0.12145885117645601,-6786.594015647802,0.0066236280942476656,0.019672034703914543,4,0.7838216606012226
372,"iv_skew, normalized_vrp, iv_percentile_rank, pct_fg",0.22819227613294132,-3244.485204916136,0.009274344999620479,0.007956469400318234,4,1.1556267760949892
373,"iv_skew, normalized_vrp, relative_pcr, rsi20",0.17051222905425908,-2020.182504578052,0.0070581789760821405,0.015067751429743065,4,0.8763301266624731
374,"iv_skew, normalized_vrp, relative_pcr, fg",0.1725878754162366,-2881.0612243308824,0.005553590845460867,0.008482386063180851,4,0.7279469599623234
375,"iv_skew, normalized_vrp, relative_pcr, pct_fg",0.12338091909063872,811.7289115865515,0.005733233820360438,0.008942894031438522,4,0.6967043011266826
376,"iv_skew, normalized_vrp, rsi20, fg",0.13298587920574761,-6040.716198052049,0.006679895799696246,0.008482386063180851,4,0.8009754591753722
377,"iv_skew, normalized_vrp, rsi20, pct_fg",0.18240001234404749,-2320.268077026877,0.008665497474955378,0.032656088433862335,4,1.0489497598395854
378,"iv_skew, normalized_vrp, fg, pct_fg",0.3333455860151378,-2604.9921734363493,0.011219375441502146,0.006771684898978695,4,1.4552831301653524
379,"iv_skew, pcr_zscore, vol_of_vol, trend_strength",0.2647205698428169,-4352.66193772726,0.0009820525239925889,0.006335242359787108,4,0.36292582224207576
380,"iv_skew, pcr_zscore, vol_of_vol, iv_percentile_rank",0.18671702037656934,-7525.640005297294,0.002414412888531843,0.013869809329512008,4,0.4281583092297536
381,"iv_skew, pcr_zscore, vol_of_vol, relative_pcr",0.054569254245381164,-3285.4290179045524,0.0012013011612656687,0.002273233546853573,4,0.17469937037194802
382,"iv_skew, pcr_zscore, vol_of_vol, rsi20",0.09155510081157738,-6664.476495792963,0.003946881492115972,0.00720693795663353,4,0.4862432500231746
383,"iv_skew, pcr_zscore, vol_of_vol, fg",0.22355741080338729,-7073.783256539469,0.006387023345706256,0.0069696960094095635,4,0.8622597453740128
384,"iv_skew, pcr_zscore, vol_of_vol, pct_fg",0.1396186909236132,-3458.872576841973,0.003266551738170827,0.005074982059580797,4,0.4662738647406959
385,"iv_skew, pcr_zscore, trend_strength, iv_percentile_rank",0.1047184508058383,-5333.182747422524,0.0019564749373372366,0.00694598776730832,4,0.300365944539562
386,"iv_skew, pcr_zscore, trend_strength, relative_pcr",0.11955963508764147,-911.0969587054814,0.005288956803322567,0.00123696718028783,4,0.6484553154198982
387,"iv_skew, pcr_zscore, trend_strength, rsi20",0.15438594521125487,-4088.993730118827,0.001909995116180662,0.012493426841236152,4,0.3453854568293211
388,"iv_skew, pcr_zscore, trend_strength, fg",0.27277988659836033,-4672.056463500846,0.0062491332242873825,0.019672034703914543,4,0.8976932090270986
389,"iv_skew, pcr_zscore, trend_strength, pct_fg",0.30634035406510535,-1022.5920911067316,0.005262098519475383,0.005110069000863096,4,0.8325502060126435
390,"iv_skew, pcr_zscore, iv_percentile_rank, relative_pcr",0.163251027157082,-3890.0970196253775,0.002107068223339565,0.005922888718453158,4,0.3739578494910385
391,"iv_skew, pcr_zscore, iv_percentile_rank, rsi20",0.21930377622363018,-7531.286320538001,0.0017863246874327227,0.0073257533128313875,4,0.39793624496690244
392,"iv_skew, pcr_zscore, iv_percentile_rank, fg",0.11484870360400838,-7927.387757500849,0.004518606000306683,0.00789238162350614,4,0.5667093036346766
393,"iv_skew, pcr_zscore, iv_percentile_rank, pct_fg",0.16220433365849807,-4498.815154287077,0.0032620317098646426,0.005805688063751502,4,0.48840750464496235
394,"iv_skew, pcr_zscore, relative_pcr, rsi20",0.044066604729578115,-3272.628551466424,0.0016722972760535983,0.00584306015118343,4,0.21129633233493794
395,"iv_skew, pcr_zscore, relative_pcr, fg",0.2710896601138656,-3668.338781560482,0.006651750879632166,0.00010709273966011401,4,0.9362647480770823
396,"iv_skew, pcr_zscore, relative_pcr, pct_fg",0.1403922677949262,-204.877645628793,0.002422745390324129,0.004246671711679386,4,0.3826668068273391
397,"iv_skew, pcr_zscore, rsi20, fg",0.11219017488141923,-6967.900283353532,0.0038891721029344875,0.0069187025197503275,4,0.501107385174868
398,"iv_skew, pcr_zscore, rsi20, pct_fg",0.18731663654152858,-3604.750039286613,0.0021662577064272214,0.007458334694708172,4,0.40394240718425073
399,"iv_skew, pcr_zscore, fg, pct_fg",0.37788488802306247,-3810.3996878812222,0.004486285782979634,0.00010709273966011401,4,0.8265134663210258
400,"iv_skew, vol_of_vol, trend_strength, iv_percentile_rank",0.21478106986084722,-6989.32787174099,0.0007085481842808645,0.0033768301161409744,4,0.28563588828893366
401,"iv_skew, vol_of_vol, trend_strength, relative_pcr",0.04698319565914135,-2930.6583500024844,0.002027073792847972,0.0026756689783416403,4,0.24969057494393856
402,"iv_skew, vol_of_vol, trend_strength, rsi20",0.2548683708026123,-5972.912731925536,0.003861995368594811,0.008989668597732587,4,0.6410679076620934
403,"iv_skew, vol_of_vol, trend_strength, fg",0.2241486651870811,-6541.396842366947,0.004505713825781394,0.0018950046304221256,4,0.6747200477652205
404,"iv_skew, vol_of_vol, trend_strength, pct_fg",0.12157659276627251,-2832.6429626499985,0.0036394376374412844,0.0028003521922454313,4,0.485520356510401
405,"iv_skew, vol_of_vol, iv_percentile_rank, relative_pcr",0.21557730936081176,-6010.233750238923,0.0009658621604013836,0.004620030835547536,4,0.31216352540095016
406,"iv_skew, vol_of_vol, iv_percentile_rank, rsi20",0.19975225337732364,-9224.220945044459,0.002494551646599781,0.006934638165916893,4,0.4492074180373017
407,"iv_skew, vol_of_vol, iv_percentile_rank, fg",0.10133776704276622,-9553.358263895772,0.0018996561638702225,0.001191311742539376,4,0.29130338342978845
408,"iv_skew, vol_of_vol, iv_percentile_rank, pct_fg",0.2265229834145293,-6063.394673898907,0.0045094645257025305,0.0030569184347155193,4,0.6774694359847824
409,"iv_skew, vol_of_vol, relative_pcr, rsi20",0.13919331619494016,-5236.291349238861,0.0069676885148329095,0.01423935348247392,4,0.8359621676782311
410,"iv_skew, vol_of_vol, relative_pcr, fg",0.2853480474441111,-5597.520178125799,0.004826999826918939,0.004363709908772355,4,0.768048030136005
411,"iv_skew, vol_of_vol, relative_pcr, pct_fg",0.4385549106040205,-1933.0562345185824,0.003094645215177879,0.001050792034577158,4,0.7480194321218084
412,"iv_skew, vol_of_vol, rsi20, fg",0.17103947569919145,-8541.252718460943,0.007438607018589463,0.00010709273966011401,4,0.9149001775581377
413,"iv_skew, vol_of_vol, rsi20, pct_fg",0.1738528819224155,-5097.686113788171,0.004265489186234809,0.004590635439357515,4,0.6004018005458964
414,"iv_skew, vol_of_vol, fg, pct_fg",0.47803686289635416,-5307.553711538377,0.0032142675410762257,0.0032411397334764624,4,0.7994636170039767
415,"iv_skew, trend_strength, iv_percentile_rank, relative_pcr",0.19497995585337782,-3623.179947627763,0.0030708870934348406,0.0034423981967802225,4,0.5020686651968619
416,"iv_skew, trend_strength, iv_percentile_rank, rsi20",0.22779196966017118,-6910.451980379282,0.0018654322672609534,0.007713696780781157,4,0.4143351963862665
417,"iv_skew, trend_strength, iv_percentile_rank, fg",0.15915300308463645,-7394.1909803469825,0.006129537805709678,0.019672034703914543,4,0.7721067836556043
418,"iv_skew, trend_strength, iv_percentile_rank, pct_fg",0.14953631302396347,-3845.6984662842533,0.003587943216602598,0.006216272594775559,4,0.5083306346842233
419,"iv_skew, trend_strength, relative_pcr, rsi20",0.17642371070261706,-2699.654311128211,0.003376204505847492,0.0028679033812165898,4,0.5140441612873663
420,"iv_skew, trend_strength, relative_pcr, fg",0.27578833795835656,-3290.4699201168564,0.00625330412357357,0.019672034703914543,4,0.9011187503157135
421,"iv_skew, trend_strength, relative_pcr, pct_fg",0.3379905792400416,398.0345739458205,0.0035393152194593456,0.005092255790537191,4,0.6919221011859762
422,"iv_skew, trend_strength, rsi20, fg",0.112990556942236,-6457.038658404762,0.004527830383148191,0.009676937984108836,4,0.5657735952570552
423,"iv_skew, trend_strength, rsi20, pct_fg",0.3952115703607418,-2587.1741027183216,0.0035916009501464293,0.005299996908915819,4,0.7543716653753847
424,"iv_skew, trend_strength, fg, pct_fg",0.2869270754184648,-3145.2666054470565,0.0036493685653271398,0.00010709273966011401,4,0.6518639319511788
425,"iv_skew, iv_percentile_rank, relative_pcr, rsi20",0.21168631475145958,-6091.125791605618,0.000768900205390303,0.008211378777700704,4,0.28857633529048987
426,"iv_skew, iv_percentile_rank, relative_pcr, fg",0.15921192939905443,-6418.932522856709,0.006494862949669474,0.019672034703914543,4,0.8086982243660019
427,"iv_skew, iv_percentile_rank, relative_pcr, pct_fg",0.1904222309890245,-3045.4543969917777,0.003663581031032403,0.002083527908648868,4,0.5567803340922648
428,"iv_skew, iv_percentile_rank, rsi20, fg",0.1296536084512517,-9563.199761124573,0.006322742270334504,0.0,4,0.7619278354847021
429,"iv_skew, iv_percentile_rank, rsi20, pct_fg",0.31321428072797586,-6179.29961961421,0.0032378910174837125,0.006830006553081806,4,0.6370033824763471
430,"iv_skew, iv_percentile_rank, fg, pct_fg",0.24817361866038637,-6306.220089460496,0.0042941860423627255,0.00010709273966011401,4,0.6775922228966589
431,"iv_skew, relative_pcr, rsi20, fg",0.16481677641652895,-5460.347175562061,0.007104015236034189,0.019672034703914543,4,0.8752183000199478
432,"iv_skew, relative_pcr, rsi20, pct_fg",0.5031891023932725,-2008.4018360948428,0.007467433837580907,0.03517616875207413,4,1.2499324861513632
433,"iv_skew, relative_pcr, fg, pct_fg",0.42508617053793607,-2462.0616799276268,0.04095005886270765,0.00010709273966011401,4,4.520092056808702
434,"iv_skew, rsi20, fg, pct_fg",0.23818808541405853,-5498.172188384911,0.003695459169457336,0.00010709273966011401,4,0.6077340023597921
435,"normalized_vrp, pcr_zscore, vol_of_vol, trend_strength",0.07792788804808713,-3153.4245017941685,0.004614687447850943,0.01168522922227909,4,0.5393966328331814
436,"normalized_vrp, pcr_zscore, vol_of_vol, iv_percentile_rank",0.1459862907684371,-6538.40447425019,0.001479374250715809,0.0036548611248274497,4,0.29392371584001803
437,"normalized_vrp, pcr_zscore, vol_of_vol, relative_pcr",-0.11535749320305941,-2345.359956142059,0.0020977418128120444,0.007256232586130081,4,0.09441668807814504
438,"normalized_vrp, pcr_zscore, vol_of_vol, rsi20",0.07695797549081451,-5851.0153621672025,0.0020232236889126884,0.0071590407497412025,4,0.2792803443820834
439,"normalized_vrp, pcr_zscore, vol_of_vol, fg",0.22471561397768583,-6132.781460090844,0.006521206435390165,0.00010709273966011401,4,0.8768362575167022
440,"normalized_vrp, pcr_zscore, vol_of_vol, pct_fg",0.09465192240352628,-2503.378833131148,0.0025376267890676934,0.00812077816211285,4,0.3484146013102956
441,"normalized_vrp, pcr_zscore, trend_strength, iv_percentile_rank",0.2167511705324936,-4137.597184144474,0.0077250136346283214,0.01169665540009473,4,0.9892525339953258
442,"normalized_vrp, pcr_zscore, trend_strength, relative_pcr",0.24953292134569538,228.14552138224647,0.004333396557502781,0.0055881895237975075,4,0.6828725770959734
443,"normalized_vrp, pcr_zscore, trend_strength, rsi20",0.08504929388613096,-3448.0147379625873,0.0010257572057335409,0.003051989001860656,4,0.18762501445948504
444,"normalized_vrp, pcr_zscore, trend_strength, fg",0.04293458709513667,-3510.754027123802,0.009042781028234541,0.005003399292668593,4,0.9472126899185908
445,"normalized_vrp, pcr_zscore, trend_strength, pct_fg",0.25825008593206855,-256.1443446645516,0.004769372310007572,0.007555448848224363,4,0.7351873169328258
446,"normalized_vrp, pcr_zscore, iv_percentile_rank, relative_pcr",0.20178509247306609,-3255.3721873174522,0.003774675426576569,0.00791863970530743,4,0.579252635130723
447,"normalized_vrp, pcr_zscore, iv_percentile_rank, rsi20",0.1289042266956377,-6700.090827968698,0.001792892351526209,0.0057219942872176795,4,0.3081934618482586
448,"normalized_vrp, pcr_zscore, iv_percentile_rank, fg",0.1504037600215398,-7168.361057559209,0.006716864212863149,0.019672034703914543,4,0.8220901813078547
449,"normalized_vrp, pcr_zscore, iv_percentile_rank, pct_fg",0.20587072335151946,-3554.997825167116,0.013693500458399396,0.006471333309896195,4,1.5752207691914588
450,"normalized_vrp, pcr_zscore, relative_pcr, rsi20",0.1490690256299674,-2597.8933392598697,0.003420907831670153,0.009726126343157062,4,0.49115980879698273
451,"normalized_vrp, pcr_zscore, relative_pcr, fg",0.12660563116620094,-3030.210048536977,0.005721936346102524,0.010515395352544265,4,0.6987992657764533
452,"normalized_vrp, pcr_zscore, relative_pcr, pct_fg",0.16454065510470567,707.6925378168892,0.012923231497631537,0.004912838032337491,4,1.4568638048678595
453,"normalized_vrp, pcr_zscore, rsi20, fg",0.09645966015858919,-6290.55831727918,0.0049374351020035675,0.003621862236643514,4,0.5902031703589459
454,"normalized_vrp, pcr_zscore, rsi20, pct_fg",0.1431629030091081,-2730.065244785863,0.005354309076507153,0.008093928090274738,4,0.6785938106598235
455,"normalized_vrp, pcr_zscore, fg, pct_fg",0.35479522873772634,-2976.219550701746,0.01084035906875632,0.007928471166083736,4,1.4388311356133583
456,"normalized_vrp, vol_of_vol, trend_strength, iv_percentile_rank",0.09801199728874511,-6046.043574124511,0.0013900532470889839,0.0026268835287349477,4,0.23701732199764353
457,"normalized_vrp, vol_of_vol, trend_strength, relative_pcr",-0.12389778754731733,-2006.50251259346,0.0005322346400040605,0.007510348383796989,4,-0.07067432354691128
458,"normalized_vrp, vol_of_vol, trend_strength, rsi20",0.12348664003684579,-5144.253174381859,0.0019571323767898666,0.004664564923957412,4,0.31919987771583247
459,"normalized_vrp, vol_of_vol, trend_strength, fg",0.22071091153201364,-5535.648812263939,0.0073867478388500345,0.019672034703914543,4,0.959385695417017
460,"normalized_vrp, vol_of_vol, trend_strength, pct_fg",-0.1589038230513491,-2011.6239593698865,0.013032751383408694,0.006926753423821993,4,1.1443713152895203
461,"normalized_vrp, vol_of_vol, iv_percentile_rank, relative_pcr",0.12546517889747966,-4982.498028848187,0.0014517014756512652,0.0011456027330596476,4,0.2706353264626062
462,"normalized_vrp, vol_of_vol, iv_percentile_rank, rsi20",0.1398292198776096,-8366.041797013968,0.001830465256131205,0.004989241977283528,4,0.3228757454907301
463,"normalized_vrp, vol_of_vol, iv_percentile_rank, fg",0.12098433944473032,-8536.051712169312,0.0007846442427717882,0.006275759591219841,4,0.19944876372190912
464,"normalized_vrp, vol_of_vol, iv_percentile_rank, pct_fg",0.12642711888932934,-4906.101494052949,0.001783282707804678,0.013525738130268026,4,0.3047553896697971
465,"normalized_vrp, vol_of_vol, relative_pcr, rsi20",0.05637810976454378,-4392.373564599486,0.001289190946304865,0.005957456442994934,4,0.18529720439503025
466,"normalized_vrp, vol_of_vol, relative_pcr, fg",0.2254205088090189,-4538.002581978396,0.006723490347245408,0.00010709273966011401,4,0.8977695435335596
467,"normalized_vrp, vol_of_vol, relative_pcr, pct_fg",0.2024248888187778,-918.0475848824069,0.004058275027944834,0.008508736438072444,4,0.6082523916132612
468,"normalized_vrp, vol_of_vol, rsi20, fg",0.1357196171548933,-7974.670661506486,0.008010564490070734,0.004970505945680799,4,0.9367760661619667
469,"normalized_vrp, vol_of_vol, rsi20, pct_fg",0.11747267502377243,-4300.991298512685,0.004430187540248869,0.009675269223539493,4,0.5604914290486593
470,"normalized_vrp, vol_of_vol, fg, pct_fg",0.39119061747675954,-4291.01514240356,0.005363301884641562,0.00010709273966011401,4,0.9275208059409158
471,"normalized_vrp, trend_strength, iv_percentile_rank, relative_pcr",0.20289410475527908,-2959.622416322255,0.0031476590035379552,0.003292103225659375,4,0.5176600051090746
472,"normalized_vrp, trend_strength, iv_percentile_rank, rsi20",0.15003833479444828,-6060.058028265088,0.002361143988766529,0.004989241977283528,4,0.3861527336711012
473,"normalized_vrp, trend_strength, iv_percentile_rank, fg",0.15238571285604932,-6606.389427723641,0.006516346394516922,0.019672034703914543,4,0.8040203523077415
474,"normalized_vrp, trend_strength, iv_percentile_rank, pct_fg",0.20809065196534995,-3049.66928261808,0.008716299090557282,0.010500045386488561,4,1.0797205610210783
475,"normalized_vrp, trend_strength, relative_pcr, rsi20",0.08295481048399594,-2047.7199540245651,0.0006550451715698696,0.0035475487485951726,4,0.1484593276409829
476,"normalized_vrp, trend_strength, relative_pcr, fg",0.12322969189905214,-2644.4119340688503,0.005496460742758063,0.0073936568865793926,4,0.6728757661748586
477,"normalized_vrp, trend_strength, relative_pcr, pct_fg",0.36240263066507494,1200.5455481399997,0.006123858380361505,0.006632227710428288,4,0.9747884687012254
478,"normalized_vrp, trend_strength, rsi20, fg",0.03448892125216255,-5695.291316949145,0.0018399462339309326,0.0034451588513421637,4,0.21848354464525582
479,"normalized_vrp, trend_strength, rsi20, pct_fg",0.0869324341853678,-1951.2398659804394,0.0036894171586361966,0.007922876675160374,4,0.45587415004898746
480,"normalized_vrp, trend_strength, fg, pct_fg",0.3874167707475972,-2397.046449218198,0.0066843541945091275,0.00593349882646816,4,1.05585219019851
481,"normalized_vrp, iv_percentile_rank, relative_pcr, rsi20",0.1260962285781466,-5280.335353951105,0.0020762405711334483,0.0057951997787561785,4,0.3337202856914914
482,"normalized_vrp, iv_percentile_rank, relative_pcr, fg",0.12235985792554666,-5602.060413993058,0.0050485865691659235,0.019672034703914543,4,0.627218514842139
483,"normalized_vrp, iv_percentile_rank, relative_pcr, pct_fg",0.22870885934137672,-2021.3721684146587,0.013363979406538183,0.009227235370478985,4,1.5651067999951949
484,"normalized_vrp, iv_percentile_rank, rsi20, fg",0.09508879628907527,-9006.69983750538,0.0069888264031709845,0.007840654920060176,4,0.7939714366061738
485,"normalized_vrp, iv_percentile_rank, rsi20, pct_fg",0.1876254289028133,-5249.337149840897,0.005112910634146258,0.011136624733349126,4,0.6989164923174391
486,"normalized_vrp, iv_percentile_rank, fg, pct_fg",0.06418723564378834,-5437.981148615447,0.005355572252698327,0.00010709273966011401,4,0.5997444609136211
487,"normalized_vrp, relative_pcr, rsi20, fg",0.12234675570394785,-4939.873711590904,0.005386519525884221,0.007840654920060176,4,0.66099870829237
488,"normalized_vrp, relative_pcr, rsi20, pct_fg",0.1543254157112017,-1345.1601911953521,0.017053083373768325,0.007690500670053797,4,1.8596337530880342
489,"normalized_vrp, relative_pcr, fg, pct_fg",0.35883554581798144,-1401.1037834097858,0.011072234770826063,0.006771684898978695,4,1.4660590229005879
490,"normalized_vrp, rsi20, fg, pct_fg",0.28757328832905066,-4641.625377869683,0.004552433459270038,0.007051137091174953,4,0.7428166342560545
491,"pcr_zscore, vol_of_vol, trend_strength, iv_percentile_rank",0.11029069973586132,-7269.819348282443,0.0009738902417409801,0.005509183162955355,4,0.20767972390995934
492,"pcr_zscore, vol_of_vol, trend_strength, relative_pcr",0.05260209630597524,-2594.1670423533783,0.0027610021637088254,0.0026451323535292993,4,0.3287023126768578
493,"pcr_zscore, vol_of_vol, trend_strength, rsi20",0.0734709546475955,-6227.5021068841215,0.002559134704063718,0.004278203282141268,4,0.3293844250539673
494,"pcr_zscore, vol_of_vol, trend_strength, fg",0.2570762472297335,-6537.732820610047,0.007372628436747638,0.019672034703914543,4,0.9943390909044973
495,"pcr_zscore, vol_of_vol, trend_strength, pct_fg",0.16206247055643802,-3063.074123040668,0.0020730070082401,0.010710921441954726,4,0.36936317138044805
496,"pcr_zscore, vol_of_vol, iv_percentile_rank, relative_pcr",0.11408532095486264,-5966.963031515935,0.00023624188486400443,0.002114121102751257,4,0.1377095094412631
497,"pcr_zscore, vol_of_vol, iv_percentile_rank, rsi20",0.18370954117745078,-9565.410356474024,0.00034531615056204897,0.005380039101278574,4,0.21824115623365567
498,"pcr_zscore, vol_of_vol, iv_percentile_rank, fg",0.10816211959796627,-9902.378276492233,0.0016798560418175607,0.006539773870981022,4,0.27614772377972235
499,"pcr_zscore, vol_of_vol, iv_percentile_rank, pct_fg",0.4615377285357222,-6192.453551832404,0.0024347992229957253,0.005885526115822644,4,0.7050176508352948
500,"pcr_zscore, vol_of_vol, relative_pcr, rsi20",0.09673761952505912,-5235.97524931367,0.0013067806375604272,0.006537668184770953,4,0.22741568328110184
501,"pcr_zscore, vol_of_vol, relative_pcr, fg",0.25127190425164886,-5542.387984892925,0.006909218829187743,0.019672034703914543,4,0.9421937871704231
502,"pcr_zscore, vol_of_vol, relative_pcr, pct_fg",0.23196777132426633,-1910.8847534855474,0.003495393596762697,0.0004549780435614348,4,0.581507131000536
503,"pcr_zscore, vol_of_vol, rsi20, fg",0.17221669629788647,-8841.042107040648,0.0068426822357211675,0.019672034703914543,4,0.8564849198700032
504,"pcr_zscore, vol_of_vol, rsi20, pct_fg",0.1238393190139183,-5471.935228071037,0.005110208142198362,0.008940344915634476,4,0.6348601332337546
505,"pcr_zscore, vol_of_vol, fg, pct_fg",0.34826872079393645,-5622.4917222380045,0.003492082680418245,0.0038782948427740025,4,0.6974769888357609
506,"pcr_zscore, trend_strength, iv_percentile_rank, relative_pcr",0.11464021192863354,-3905.356211200053,0.0014445266519028238,0.0047325444148737855,4,0.25909287711891593
507,"pcr_zscore, trend_strength, iv_percentile_rank, rsi20",0.21628037357639418,-7203.489054604437,0.004426632080608098,0.01092712381383439,4,0.658943581637204
508,"pcr_zscore, trend_strength, iv_percentile_rank, fg",0.17161408892716032,-7573.026565604428,0.00638857887061739,0.019672034703914543,4,0.8104719759888993
509,"pcr_zscore, trend_strength, iv_percentile_rank, pct_fg",0.13060869877464826,-4025.4617926972373,0.003869763293137767,0.004787085770656438,4,0.517585028088425
510,"pcr_zscore, trend_strength, relative_pcr, rsi20",0.10108729591034388,-2830.8122861088987,0.0026222992118378314,0.01119253447097071,4,0.363317217094127
511,"pcr_zscore, trend_strength, relative_pcr, fg",0.15060853160636264,-3474.2577349681187,0.0038973124799341506,0.0018160039503699677,4,0.5403397795997777
512,"pcr_zscore, trend_strength, relative_pcr, pct_fg",0.19018541120948987,258.7581287484527,0.002713952311884979,0.005109964206020329,4,0.4615806423979878
513,"pcr_zscore, trend_strength, rsi20, fg",0.07205676415833294,-6635.52721732681,0.004135847337249282,0.0,4,0.48564149788326116
514,"pcr_zscore, trend_strength, rsi20, pct_fg",0.3609874938533931,-2920.941555656242,0.0038328935622901376,0.0021633644001513054,4,0.7442768500824068
515,"pcr_zscore, trend_strength, fg, pct_fg",0.44701717953131126,-3622.2482787008876,0.038521293710184694,0.00010709273966011401,4,4.29914655054978
516,"pcr_zscore, iv_percentile_rank, relative_pcr, rsi20",0.11114207159580575,-6189.664754461208,0.002782516106651764,0.006130593783818332,4,0.38939368226098214
517,"pcr_zscore, iv_percentile_rank, relative_pcr, fg",0.11907251182662153,-6557.800747726347,0.0032395516722371074,0.0069187025197503275,4,0.4430276790503323
518,"pcr_zscore, iv_percentile_rank, relative_pcr, pct_fg",0.22156491124202565,-3092.124519022861,0.0012108010425655675,0.0061852492240485725,4,0.3426450154985824
519,"pcr_zscore, iv_percentile_rank, rsi20, fg",0.1321495203607307,-9850.62106342414,0.00638857887061739,0.019672034703914543,4,0.7710074074224696
520,"pcr_zscore, iv_percentile_rank, rsi20, pct_fg",0.2733405514892322,-6504.633054074437,0.0031283089464534666,0.010720278726543587,4,0.5861714461345788
521,"pcr_zscore, iv_percentile_rank, fg, pct_fg",0.22189926686090844,-6675.344181066513,0.004444787801416471,0.00010709273966011401,4,0.6663780470025555
522,"pcr_zscore, relative_pcr, rsi20, fg",0.06247336582220844,-5678.747482671442,0.0034887135300209746,0.003385740572496649,4,0.4113447188243059
523,"pcr_zscore, relative_pcr, rsi20, pct_fg",0.06332999324923118,-2228.0434254383263,0.0015439881383021695,0.00457034942632765,4,0.21772880707944814
524,"pcr_zscore, relative_pcr, fg, pct_fg",0.39835159303011886,-2474.5062271856555,0.0040314896033797325,0.00010709273966011401,4,0.8015005533680921
525,"pcr_zscore, rsi20, fg, pct_fg",0.21772645964313514,-5795.6409276684835,0.003932394362915971,0.00010709273966011401,4,0.6109658959347323
526,"vol_of_vol, trend_strength, iv_percentile_rank, relative_pcr",0.21699021445105832,-5753.255184692385,0.0012546377160633179,0.003165570646123465,4,0.3424539860573901
527,"vol_of_vol, trend_strength, iv_percentile_rank, rsi20",0.15963510136801148,-8900.918645388763,0.002753468030556876,0.0051732730515941065,4,0.4349819044236991
528,"vol_of_vol, trend_strength, iv_percentile_rank, fg",0.10367360815507048,-9312.773974564449,0.0016123277164129437,0.006771209573380016,4,0.2649063797963649
529,"vol_of_vol, trend_strength, iv_percentile_rank, pct_fg",0.18001471481812578,-5690.263662918374,0.0011635308736034126,0.004332669030435105,4,0.29636780217846703
530,"vol_of_vol, trend_strength, relative_pcr, rsi20",0.21879689984798473,-4846.808070897562,0.0037893845563875656,0.008435488439165462,4,0.5977353554867413
531,"vol_of_vol, trend_strength, relative_pcr, fg",0.2584008903675857,-5115.900888973425,0.007623500271546017,0.019672034703914543,4,1.0207509175221874
532,"vol_of_vol, trend_strength, relative_pcr, pct_fg",0.11472851122424967,-1602.8149827080583,0.0011286838055856922,0.006614150603593248,4,0.2275968917828189
533,"vol_of_vol, trend_strength, rsi20, fg",0.09301812291871954,-8398.20384423214,0.0034137469222230376,0.01224046465417956,4,0.4343928151410233
534,"vol_of_vol, trend_strength, rsi20, pct_fg",0.18148443964560818,-4762.006159807898,0.002952501900417616,0.004633258157839701,4,0.4767346296873698
535,"vol_of_vol, trend_strength, fg, pct_fg",0.2702613984605885,-4953.659721421651,0.0035865170348227575,0.00010709273966011401,4,0.6289131019428642
536,"vol_of_vol, iv_percentile_rank, relative_pcr, rsi20",0.17796217712175352,-8115.782754471372,0.0018345697100069676,0.00744589002485189,4,0.36141914812245024
537,"vol_of_vol, iv_percentile_rank, relative_pcr, fg",0.10696467195614894,-8330.438530210586,0.001968573637507685,0.0016216207136335054,4,0.30382203570691746
538,"vol_of_vol, iv_percentile_rank, relative_pcr, pct_fg",0.4680916704549202,-4617.085841652686,0.0032899854775759524,0.004187997471376168,4,0.7970902182125155
539,"vol_of_vol, iv_percentile_rank, rsi20, fg",0.12266023120880988,-11491.058246436618,0.0070107721873143795,0.019672034703914543,4,0.8237374499402478
540,"vol_of_vol, iv_percentile_rank, rsi20, pct_fg",0.2703147631785288,-8102.754342424883,0.005117562107204858,0.005006405724999191,4,0.7820709738990146
541,"vol_of_vol, iv_percentile_rank, fg, pct_fg",0.2927622269813896,-8019.6350250204105,0.0028679424134937003,0.00010709273966011401,4,0.5795564683307597
542,"vol_of_vol, relative_pcr, rsi20, fg",0.16576538670705865,-7413.015518448027,0.0076125243927449085,0.019672034703914543,4,0.9270178259815495
543,"vol_of_vol, relative_pcr, rsi20, pct_fg",0.22093641892051727,-4177.852609341425,0.0019199417997935596,0.005714847677347007,4,0.41293059889987327
544,"vol_of_vol, relative_pcr, fg, pct_fg",0.3005921022740984,-4082.3446814934923,0.004621678896643621,0.00010709273966011401,4,0.7627599919384604
545,"vol_of_vol, rsi20, fg, pct_fg",0.2076859479800009,-7376.0087070193795,0.006182417658569368,0.00010709273966011401,4,0.8259277138369376
546,"trend_strength, iv_percentile_rank, relative_pcr, rsi20",0.20677802708083962,-5806.856321425663,0.003995059144180505,0.009486471092922473,4,0.6062839414988901
547,"trend_strength, iv_percentile_rank, relative_pcr, fg",0.14344912350284064,-6183.068387483599,0.00590818854828744,0.006532571840666653,4,0.7342679783315846
548,"trend_strength, iv_percentile_rank, relative_pcr, pct_fg",0.10985698403509908,-2604.577538410126,0.0035159873927424748,0.003253024633825005,4,0.46145572330934653
549,"trend_strength, iv_percentile_rank, rsi20, fg",0.1298534821534993,-9283.147200427917,0.006450342592403877,0.019672034703914543,4,0.774887741393887
550,"trend_strength, iv_percentile_rank, rsi20, pct_fg",0.2893180938607544,-5918.777198133178,0.005821630034421934,0.008540297718568901,4,0.8714810973029479
551,"trend_strength, iv_percentile_rank, fg, pct_fg",0.1810986376089624,-6135.225282606689,0.004217062596946756,0.00010709273966011401,4,0.602804897303638
552,"trend_strength, relative_pcr, rsi20, fg",0.16582965140000303,-4831.637007198132,0.005901568255008835,0.004962290814889351,4,0.7559864769008865
553,"trend_strength, relative_pcr, rsi20, pct_fg",0.3495943072621019,-1496.116550259205,0.00288890410554668,0.005329228575570677,4,0.6384847178167699
554,"trend_strength, relative_pcr, fg, pct_fg",0.39762960225424415,-2066.761353140516,0.0035139323300818624,0.00010709273966011401,4,0.7490228352624304
555,"trend_strength, rsi20, fg, pct_fg",0.3607045556499864,-5136.137926888399,0.004482406124334782,0.006266227787760815,4,0.8089451680834645
556,"iv_percentile_rank, relative_pcr, rsi20, fg",0.13304739875905225,-8429.076004943647,0.0065590661492530445,0.019672034703914543,4,0.7889540136843567
557,"iv_percentile_rank, relative_pcr, rsi20, pct_fg",0.24682622078110708,-5121.339212830479,0.002681203827239645,0.010747683579056843,4,0.5149466035050716
558,"iv_percentile_rank, relative_pcr, fg, pct_fg",0.18458156234532488,-5145.696612902667,0.004049651081042649,0.00010709273966011401,4,0.5895466704495897
559,"iv_percentile_rank, rsi20, fg, pct_fg",0.14285619163309216,-8448.379889626609,0.0034748402345636054,0.00010709273966011401,4,0.4903402150894527
560,"relative_pcr, rsi20, fg, pct_fg",0.204148254051211,-4366.051838248281,0.0041346356756534405,0.00010709273966011401,4,0.6176118216165551
561,"pcr, iv_skew, normalized_vrp, pcr_zscore, vol_of_vol",-0.051915432563740864,-2790.005605144129,0.0020030210378872058,0.01263498320453077,5,0.1483866712249797
562,"pcr, iv_skew, normalized_vrp, pcr_zscore, trend_strength",-0.00041352708299867224,-225.47292816354062,0.0026842037228711497,0.0025796810499825696,5,0.2680068452041163
563,"pcr, iv_skew, normalized_vrp, pcr_zscore, iv_percentile_rank",0.16376708449280705,-3508.172910111463,0.0024963837702452352,0.004765965943398716,5,0.4134054615173306
564,"pcr, iv_skew, normalized_vrp, pcr_zscore, relative_pcr",0.03829727091595931,420.0294380114935,0.002569859023117714,0.0,5,0.29528317322773073
565,"pcr, iv_skew, normalized_vrp, pcr_zscore, rsi20",0.08077057823269745,-2786.199941395163,0.0032604056300992853,0.007955784543096764,5,0.40681114124262596
566,"pcr, iv_skew, normalized_vrp, pcr_zscore, fg",0.35611643463211834,-2669.101454947803,0.009789005648965482,0.003695599608945837,5,1.3350169995286665
567,"pcr, iv_skew, normalized_vrp, pcr_zscore, pct_fg",0.1564521686107588,432.6462774655086,0.003973813009930999,0.005555812441231971,5,0.5538334696038587
568,"pcr, iv_skew, normalized_vrp, vol_of_vol, trend_strength",-0.11597533782398553,-2264.6077667261293,0.0015402215472671802,0.005257979389932129,5,0.03804681690273248
569,"pcr, iv_skew, normalized_vrp, vol_of_vol, iv_percentile_rank",0.14242528888373615,-5507.03807415665,0.0012045113548880865,0.002126149713286684,5,0.26287642437254477
570,"pcr, iv_skew, normalized_vrp, vol_of_vol, relative_pcr",0.4594945627298712,-1525.9343001158793,0.0023500875340639257,0.005759062312394706,5,0.6945033161362638
571,"pcr, iv_skew, normalized_vrp, vol_of_vol, rsi20",0.014642484830135832,-4651.005150582795,0.005719285880234888,0.008646066966920935,5,0.5865710728536246
572,"pcr, iv_skew, normalized_vrp, vol_of_vol, fg",0.011593307155539828,-5078.9410952485905,0.00225944343986621,0.002288466731782358,5,0.23753765114216085
573,"pcr, iv_skew, normalized_vrp, vol_of_vol, pct_fg",0.4049925712686402,-1899.2819103376914,0.0029095648045220877,0.00928233640879577,5,0.695949051720849
574,"pcr, iv_skew, normalized_vrp, trend_strength, iv_percentile_rank",0.16449530229251919,-2969.732674627058,0.0030812235937043497,0.005559133842785672,5,0.47261766166295416
575,"pcr, iv_skew, normalized_vrp, trend_strength, relative_pcr",0.1370170805019986,871.6655567456438,0.006292857234892315,0.0007679670355902179,5,0.7663028039912301
576,"pcr, iv_skew, normalized_vrp, trend_strength, rsi20",0.11718558890019097,-2137.0723236441245,0.006081875179464331,0.001936430737103278,5,0.725373106846624
577,"pcr, iv_skew, normalized_vrp, trend_strength, fg",0.16475158897520814,-2877.3291603094835,0.006608697399054378,0.008482386063180851,5,0.825621328880646
578,"pcr, iv_skew, normalized_vrp, trend_strength, pct_fg",0.2854000267796475,1141.9680309503344,0.004399743587084902,0.004155324580347619,5,0.7253743854881376
579,"pcr, iv_skew, normalized_vrp, iv_percentile_rank, relative_pcr",0.05582333368068265,-2133.6451406441242,0.0026918823573863584,0.004126330988306001,5,0.32501156941931847
580,"pcr, iv_skew, normalized_vrp, iv_percentile_rank, rsi20",0.08223805581446725,-5414.10338254077,0.004073831769220472,0.009747083568032524,5,0.4896212327365144
581,"pcr, iv_skew, normalized_vrp, iv_percentile_rank, fg",0.1280466574743462,-5965.585922969741,0.001954082318768506,0.007168322229490399,5,0.3234548893511968
582,"pcr, iv_skew, normalized_vrp, iv_percentile_rank, pct_fg",0.025231600922421514,-2199.649100450833,0.0019977875975706267,0.007194497639576608,5,0.22501036067948418
583,"pcr, iv_skew, normalized_vrp, relative_pcr, rsi20",0.07223787176041532,-1437.999161225852,0.0029705577455446113,0.00782338961405371,5,0.3692936463148765
584,"pcr, iv_skew, normalized_vrp, relative_pcr, fg",0.16321122001934088,-2014.432053040189,0.006276083789842361,0.008482386063180851,5,0.7908195990035769
585,"pcr, iv_skew, normalized_vrp, relative_pcr, pct_fg",0.3654538730983799,1799.6762735646826,0.00484824721666115,0.00579032540249821,5,0.8502785947644949
586,"pcr, iv_skew, normalized_vrp, rsi20, fg",0.13201330388232077,-5080.964867045046,0.005951668236539176,0.007182178427178787,5,0.7271801275362384
587,"pcr, iv_skew, normalized_vrp, rsi20, pct_fg",0.3835125550158038,-1180.0741323457055,0.005816733316457231,0.007803999451754732,5,0.9651858866615268
588,"pcr, iv_skew, normalized_vrp, fg, pct_fg",0.3371033839496916,-1794.563269168895,0.01183773883419805,0.004123799831975276,5,1.5208772673694966
589,"pcr, iv_skew, pcr_zscore, vol_of_vol, trend_strength",0.05986866550106489,-2762.6941957727117,0.001142600137020916,0.004982086358849675,5,0.1741286792031565
590,"pcr, iv_skew, pcr_zscore, vol_of_vol, iv_percentile_rank",0.084100147473055,-6563.975532169591,0.0026442764889773544,0.007405367306185211,5,0.34852779637079045
591,"pcr, iv_skew, pcr_zscore, vol_of_vol, relative_pcr",-0.04902083015641738,-2244.9803686885516,0.0018318091164870845,0.0013430520659825085,5,0.13416008149229108
592,"pcr, iv_skew, pcr_zscore, vol_of_vol, rsi20",0.079707762570893,-5601.599121011223,0.0038977043868648194,0.006632010950410545,5,0.46947820125737494
593,"pcr, iv_skew, pcr_zscore, vol_of_vol, fg",0.22185920805541756,-5947.972448116595,0.006996651749210832,0.006522883756205577,5,0.9215243829765007
594,"pcr, iv_skew, pcr_zscore, vol_of_vol, pct_fg",0.0005038839923387393,-2323.274318526371,0.0031036929232229216,0.0010392932153350382,5,0.3108731763146309
595,"pcr, iv_skew, pcr_zscore, trend_strength, iv_percentile_rank",0.04105302795017715,-3771.2850051969463,0.0024278871912668297,0.007395744098687565,5,0.28384174707686016
596,"pcr, iv_skew, pcr_zscore, trend_strength, relative_pcr",0.10979008821391635,158.3685386958293,0.0054315874934184865,0.001936430737103278,5,0.6529488375557649
597,"pcr, iv_skew, pcr_zscore, trend_strength, rsi20",0.09679992100410689,-3044.873401039723,0.0032521005722009892,0.0034053152604293785,5,0.42200997822420583
598,"pcr, iv_skew, pcr_zscore, trend_strength, fg",0.26525032301299195,-3478.0064422206865,0.006258449560804751,0.00010709273966011401,5,0.891095279093467
599,"pcr, iv_skew, pcr_zscore, trend_strength, pct_fg",0.1716552313569882,120.73038602099584,0.002910696885227047,0.007481368716769938,5,0.4627249198796929
600,"pcr, iv_skew, pcr_zscore, iv_percentile_rank, relative_pcr",0.168162277550014,-2922.5090258487517,0.0022310282162723073,0.009548988839687673,5,0.3912650991772447
601,"pcr, iv_skew, pcr_zscore, iv_percentile_rank, rsi20",0.22124090028261453,-6459.829393905386,0.0021139330073670936,0.0062770610159081025,5,0.4326342010193239
602,"pcr, iv_skew, pcr_zscore, iv_percentile_rank, fg",0.12641641853965324,-6875.608188148789,0.0010191362373382078,0.003190038866940208,5,0.22833004227347403
603,"pcr, iv_skew, pcr_zscore, iv_percentile_rank, pct_fg",0.0660846693855564,-3287.7403178924787,0.003215233573218718,0.0036585522170974527,5,0.38760802670742817
604,"pcr, iv_skew, pcr_zscore, relative_pcr, rsi20",0.10029939229711622,-2259.173301037049,0.0032217358632778666,0.008219368485700882,5,0.42247297862490285
605,"pcr, iv_skew, pcr_zscore, relative_pcr, fg",0.26943815031962354,-2526.5147426705234,0.006831008712769756,0.00010709273966011401,5,0.9525390215965992
606,"pcr, iv_skew, pcr_zscore, relative_pcr, pct_fg",0.18428975662072752,999.9788632433956,0.0016826287759496932,0.004814136090027929,5,0.3525526342156968
607,"pcr, iv_skew, pcr_zscore, rsi20, fg",0.09869216139846793,-5748.442051869644,0.004197897495256951,0.005177260526933768,5,0.518481910924163
608,"pcr, iv_skew, pcr_zscore, rsi20, pct_fg",0.34064761887505823,-2157.0912090686024,0.0034833465330562897,0.007122727654586073,5,0.6889822721806872
609,"pcr, iv_skew, pcr_zscore, fg, pct_fg",0.29268442448227405,-2483.94593738415,0.004368478022741849,0.00010709273966011401,5,0.7295322267564589
610,"pcr, iv_skew, vol_of_vol, trend_strength, iv_percentile_rank",0.09389857643532278,-5650.012268466343,0.0030758723592640242,0.006332552484336798,5,0.4014858123617252
611,"pcr, iv_skew, vol_of_vol, trend_strength, relative_pcr",-0.06517096259001764,-1849.0966549826667,0.0021779674205078064,0.004665296390595844,5,0.152625779460763
612,"pcr, iv_skew, vol_of_vol, trend_strength, rsi20",0.28756310807174934,-4386.799148426928,0.0038164262357820705,0.0073653867843403616,5,0.6692057316499564
613,"pcr, iv_skew, vol_of_vol, trend_strength, fg",0.22064080165154262,-5583.8707205512665,0.004460267555135284,0.0015903419845862765,5,0.666667557165071
614,"pcr, iv_skew, vol_of_vol, trend_strength, pct_fg",0.11478128883593809,-1818.6973684336328,0.003869587276802528,0.01333396788120824,5,0.5017400165161909
615,"pcr, iv_skew, vol_of_vol, iv_percentile_rank, relative_pcr",0.21707095335452067,-5211.4075853355525,0.00100122524550194,0.000545072122289463,5,0.3171934779047147
616,"pcr, iv_skew, vol_of_vol, iv_percentile_rank, rsi20",0.20018007444659142,-8286.330593560446,0.0020624240867148816,0.007318603626405444,5,0.4064224831180796
617,"pcr, iv_skew, vol_of_vol, iv_percentile_rank, fg",0.10120959146568037,-8797.933023261516,0.0013377965444442983,0.001191311742539376,5,0.2349892459101102
618,"pcr, iv_skew, vol_of_vol, iv_percentile_rank, pct_fg",0.20899976109990603,-5228.891154501494,0.00024228928404349567,0.0055305279699709945,5,0.2332286895042556
619,"pcr, iv_skew, vol_of_vol, relative_pcr, rsi20",0.18406021792547206,-3909.0281802816953,0.002616594540149773,0.010528006436532714,5,0.44571967194044937
620,"pcr, iv_skew, vol_of_vol, relative_pcr, fg",0.23520561190336864,-4715.652393722574,0.005856402756975659,0.0024296198548428745,5,0.8208458876009346
621,"pcr, iv_skew, vol_of_vol, relative_pcr, pct_fg",0.0698223193184805,-1038.9204636816035,0.0013444463315818635,0.009909267900889081,5,0.20426695247666687
622,"pcr, iv_skew, vol_of_vol, rsi20, fg",0.17203081190043815,-7565.741264586684,0.007504017322809001,0.00010709273966011401,5,0.9224325441813382
623,"pcr, iv_skew, vol_of_vol, rsi20, pct_fg",0.2465103698990345,-4158.528385503833,0.0027345462624398446,0.009498095324055527,5,0.5199649961430189
624,"pcr, iv_skew, vol_of_vol, fg, pct_fg",0.23753146277909706,-4435.640795886911,0.0032327873490217477,0.00010709273966011401,5,0.5608101976812718
625,"pcr, iv_skew, trend_strength, iv_percentile_rank, relative_pcr",0.17229459077904893,-2875.0399270137505,0.0013716891783728108,0.004081581449079434,5,0.30946350861633
626,"pcr, iv_skew, trend_strength, iv_percentile_rank, rsi20",0.22607832756158788,-5886.0241410187955,0.002168136417812404,0.005904607753796441,5,0.44289196934282826
627,"pcr, iv_skew, trend_strength, iv_percentile_rank, fg",0.11971586724315851,-6515.87285401243,0.0018852400305576522,0.0051732730515941065,5,0.30823987029892375
628,"pcr, iv_skew, trend_strength, iv_percentile_rank, pct_fg",0.2005265293599317,-2858.328929948403,0.0028523732149413035,0.004672390978192514,5,0.48576385085406204
629,"pcr, iv_skew, trend_strength, relative_pcr, rsi20",0.11493911479542308,-1658.978765606123,0.0037878011103825854,0.001936430737103278,5,0.4937192258336816
630,"pcr, iv_skew, trend_strength, relative_pcr, fg",0.26844254766724523,-2266.148333241355,0.006371990927550777,0.00010709273966011401,5,0.9056416404223229
631,"pcr, iv_skew, trend_strength, relative_pcr, pct_fg",0.37816636962865824,1509.7732015993986,0.0036196260749809988,0.006938574762819781,5,0.7401289771267581
632,"pcr, iv_skew, trend_strength, rsi20, fg",0.10601354798060769,-5419.116950088789,0.005721397604729793,0.012493426841236152,5,0.678153308453587
633,"pcr, iv_skew, trend_strength, rsi20, pct_fg",0.42770381908673666,-1422.5345784483902,0.005073483227783695,0.007387529707654434,5,0.9350521418651061
634,"pcr, iv_skew, trend_strength, fg, pct_fg",0.28382791126666734,-2088.3488947228816,0.004093724130749647,0.00010709273966011401,5,0.693200324341632
635,"pcr, iv_skew, iv_percentile_rank, relative_pcr, rsi20",0.22059934174904922,-5127.102269316839,0.001484045751590046,0.007969311729687774,5,0.3690039169080538
636,"pcr, iv_skew, iv_percentile_rank, relative_pcr, fg",0.12047586329673618,-5640.015880008615,0.003422430819229794,0.003190038866940208,5,0.46271894521971557
637,"pcr, iv_skew, iv_percentile_rank, relative_pcr, pct_fg",0.1320747661852758,-2111.881664687811,0.001299406629593723,0.0029483231734600576,5,0.2620154291446481
638,"pcr, iv_skew, iv_percentile_rank, rsi20, fg",0.12967877602111463,-8588.325969615615,0.007438525789238604,0.00010709273966011401,5,0.873531354944975
639,"pcr, iv_skew, iv_percentile_rank, rsi20, pct_fg",0.2455914368947656,-5033.177931090148,0.0018926586164615409,0.005272411890815124,5,0.4348572985409197
640,"pcr, iv_skew, iv_percentile_rank, fg, pct_fg",0.35151670426664183,-5454.945623316237,0.002720245495858771,0.0011902005855221982,5,0.6235412538525189
641,"pcr, iv_skew, relative_pcr, rsi20, fg",0.1628092823892993,-4441.680668321732,0.0071768493783182395,0.00010709273966011401,5,0.8804942202211232
642,"pcr, iv_skew, relative_pcr, rsi20, pct_fg",0.3578776140051586,-813.3645249223287,0.0012024059524161001,0.008358568850852384,5,0.4781182092467686
643,"pcr, iv_skew, relative_pcr, fg, pct_fg",0.28340483486591816,-1290.2921811413692,0.004423289230827499,0.00010709273966011401,5,0.725733757948668
644,"pcr, iv_skew, rsi20, fg, pct_fg",0.24526429239703568,-4479.9160682599195,0.003336801917506343,0.0035110450429631105,5,0.57894448414767
645,"pcr, normalized_vrp, pcr_zscore, vol_of_vol, trend_strength",0.0019217166242045131,-2035.8880782911042,0.005986182424297113,0.005603211438250048,5,0.6005399590539158
646,"pcr, normalized_vrp, pcr_zscore, vol_of_vol, iv_percentile_rank",0.13974974855142017,-5713.798580511916,0.001303949023105399,0.0033511714214366065,5,0.27014465086196005
647,"pcr, normalized_vrp, pcr_zscore, vol_of_vol, relative_pcr",-0.03740733079046628,-1608.0547303020373,0.0015588116046987334,0.001191311742539376,5,0.11847382967940705
648,"pcr, normalized_vrp, pcr_zscore, vol_of_vol, rsi20",-0.005387184553469341,-4270.80531108932,0.0010893619438013126,0.0044887148028598094,5,0.10354900982666192
649,"pcr, normalized_vrp, pcr_zscore, vol_of_vol, fg",0.23979511831611097,-5055.4039087788005,0.008764209362041848,0.0,5,1.1162160545202957
650,"pcr, normalized_vrp, pcr_zscore, vol_of_vol, pct_fg",-0.03850129457842013,-1478.5370826084616,0.0035795715284253366,0.012352904463190722,5,0.31945585826411355
651,"pcr, normalized_vrp, pcr_zscore, trend_strength, iv_percentile_rank",0.21339133812855712,-3101.3341384029295,0.0037240313494324084,0.0025035721361701627,5,0.585794473071798
652,"pcr, normalized_vrp, pcr_zscore, trend_strength, relative_pcr",0.25772332208242343,1215.354426010626,0.0026953538567736726,0.006257306054282467,5,0.5272587077597907
653,"pcr, normalized_vrp, pcr_zscore, trend_strength, rsi20",0.09474820450926066,-2484.509151765841,0.0033361803716323644,0.004229461614669143,5,0.42836624167249715
654,"pcr, normalized_vrp, pcr_zscore, trend_strength, fg",0.16543871016643036,-2954.334643001809,0.006939213013095663,0.007840654920060176,5,0.8593600114759967
655,"pcr, normalized_vrp, pcr_zscore, trend_strength, pct_fg",0.1519509163560591,812.3634839720297,0.0041841908539151295,0.010545741923155492,5,0.570370001747572
656,"pcr, normalized_vrp, pcr_zscore, iv_percentile_rank, relative_pcr",0.16209167639330388,-2493.82507499407,0.0012380726799154523,0.00785401196573726,5,0.2858989443848491
657,"pcr, normalized_vrp, pcr_zscore, iv_percentile_rank, rsi20",0.14685478894243972,-5719.083338189213,0.0008797322651615419,0.009050453489604584,5,0.23482801545859391
658,"pcr, normalized_vrp, pcr_zscore, iv_percentile_rank, fg",0.13489812946699942,-6034.225065309609,0.0024917469791957167,0.004294340427730088,5,0.3840728273865711
659,"pcr, normalized_vrp, pcr_zscore, iv_percentile_rank, pct_fg",0.037881582642969286,-2413.547141282513,0.0027216736362011135,0.004684768571564133,5,0.31004894626308066
660,"pcr, normalized_vrp, pcr_zscore, relative_pcr, rsi20",0.01697487175820887,-1527.409377045827,0.0015227859026447836,0.0054426889211938775,5,0.1692534620226872
661,"pcr, normalized_vrp, pcr_zscore, relative_pcr, fg",0.14209920712095694,-1999.8779263343638,0.005740979015736279,0.006921163024159321,5,0.7161971086945847
662,"pcr, normalized_vrp, pcr_zscore, relative_pcr, pct_fg",0.08120815611961792,1728.7883250865607,0.004053450343612225,0.00598721011531793,5,0.4865531904808404
663,"pcr, normalized_vrp, pcr_zscore, rsi20, fg",0.08061670596672407,-5121.0083247975945,0.004730154636299755,0.0,5,0.5536321695966996
664,"pcr, normalized_vrp, pcr_zscore, rsi20, pct_fg",0.15021686787469393,-1547.3900430951892,0.0035310103052551495,0.007124531845061232,5,0.5033178984002089
665,"pcr, normalized_vrp, pcr_zscore, fg, pct_fg",0.36431882726465753,-1819.0003315729439,0.009415968596344946,0.004123799831975276,5,1.3059156868991522
666,"pcr, normalized_vrp, vol_of_vol, trend_strength, iv_percentile_rank",0.10755978296163561,-5191.723950710838,0.0014593029455404385,0.0026268835287349477,5,0.2534900775156795
667,"pcr, normalized_vrp, vol_of_vol, trend_strength, relative_pcr",-0.007788632644971075,-684.818767091284,0.002181871932148642,0.00773808536046886,5,0.21039856056989312
668,"pcr, normalized_vrp, vol_of_vol, trend_strength, rsi20",0.07693993373320526,-3769.8875565124936,0.001978742071846013,0.006517248824402529,5,0.27481414091780654
669,"pcr, normalized_vrp, vol_of_vol, trend_strength, fg",0.22139276201163455,-4683.851130247305,0.006545130196578302,0.00010709273966011401,5,0.8759057816694646
670,"pcr, normalized_vrp, vol_of_vol, trend_strength, pct_fg",-0.027922141131805318,-998.173926714593,0.0033634333471325205,0.0074679883380249,5,0.30842119358144676
671,"pcr, normalized_vrp, vol_of_vol, iv_percentile_rank, relative_pcr",0.12452362409676171,-4353.30508486575,0.0018985526432740275,0.0033511714214366065,5,0.3143788884241645
672,"pcr, normalized_vrp, vol_of_vol, iv_percentile_rank, rsi20",0.1424058240098038,-7528.140156173973,0.0008853350187698802,0.009050453489604584,5,0.23093932588679184
673,"pcr, normalized_vrp, vol_of_vol, iv_percentile_rank, fg",0.10226598547062574,-7961.821034611097,0.0010775462339487289,0.006275759591219841,5,0.21002060886549861
674,"pcr, normalized_vrp, vol_of_vol, iv_percentile_rank, pct_fg",0.058719734747710646,-4288.471341491583,0.0006250339630002879,0.002277300786737645,5,0.12122313104773944
675,"pcr, normalized_vrp, vol_of_vol, relative_pcr, rsi20",0.06691802447253982,-3446.558822880331,0.0013962238238434115,0.009115338438220407,5,0.20654040685688096
676,"pcr, normalized_vrp, vol_of_vol, relative_pcr, fg",0.23195096131193818,-3832.9882458484863,0.00835660240147764,0.019672034703914543,5,1.0676112014597023
677,"pcr, normalized_vrp, vol_of_vol, relative_pcr, pct_fg",-0.038749518036512984,-266.02721012405175,0.0010040230103746826,0.006279170508524767,5,0.06165278300095528
678,"pcr, normalized_vrp, vol_of_vol, rsi20, fg",0.14182691774695783,-7063.043678076628,0.00758868452674122,0.0021799917991003823,5,0.9006953704210798
679,"pcr, normalized_vrp, vol_of_vol, rsi20, pct_fg",0.13604828703448607,-3385.381801464774,0.002216289085077764,0.004934449976372882,5,0.35767719554226246
680,"pcr, normalized_vrp, vol_of_vol, fg, pct_fg",0.2153989867399686,-3767.28531774425,0.004468818877225219,0.0074550962730214445,5,0.6622808744624905
681,"pcr, normalized_vrp, trend_strength, iv_percentile_rank, relative_pcr",0.1722527209732277,-2117.182167486118,0.0019824309346658463,0.007709834597854421,5,0.37049581443981233
682,"pcr, normalized_vrp, trend_strength, iv_percentile_rank, rsi20",0.1607977516932379,-5151.965860026675,0.0026426913597196607,0.009050453489604584,5,0.42506688766520395
683,"pcr, normalized_vrp, trend_strength, iv_percentile_rank, fg",0.13194839060957123,-5675.797295039191,0.0024659619583807363,0.0051126216171332615,5,0.3785445864476449
684,"pcr, normalized_vrp, trend_strength, iv_percentile_rank, pct_fg",0.19814343405001655,-2150.0434726614662,0.004378608955169956,0.013894214913415564,5,0.6360043295670121
685,"pcr, normalized_vrp, trend_strength, relative_pcr, rsi20",0.10067276674212516,-1133.0523524213227,0.0041363349382543225,0.0041049844646367985,5,0.5143062605675575
686,"pcr, normalized_vrp, trend_strength, relative_pcr, fg",0.11706744809962454,-1725.1643020169586,0.004375033436609281,0.0073936568865793926,5,0.5545707917605527
687,"pcr, normalized_vrp, trend_strength, relative_pcr, pct_fg",0.275938909359111,2145.34701289664,0.004416980841821699,0.005589217511109932,5,0.717636993541281
688,"pcr, normalized_vrp, trend_strength, rsi20, fg",0.09706311650597767,-4836.054962648797,0.0061556136879843985,0.0037661880884130475,5,0.7126244853044175
689,"pcr, normalized_vrp, trend_strength, rsi20, pct_fg",0.3957874815831788,-867.08861299367,0.004615214775341332,0.010530602789408178,5,0.857308959117312
690,"pcr, normalized_vrp, trend_strength, fg, pct_fg",0.3425485252956043,-1530.5942400540162,0.012354885555573923,0.0043982599667921,5,1.5780370808529964
691,"pcr, normalized_vrp, iv_percentile_rank, relative_pcr, rsi20",0.1455391917788261,-4389.122974857925,0.0009620707833312547,0.007884163622117921,5,0.24174627011195157
692,"pcr, normalized_vrp, iv_percentile_rank, relative_pcr, fg",0.13518875729142432,-4807.838409767159,0.0024917469791957167,0.0051126216171332615,5,0.384363455210996
693,"pcr, normalized_vrp, iv_percentile_rank, relative_pcr, pct_fg",0.07817379481141785,-1290.8484460801358,0.0026107258776736824,0.009312105498962208,5,0.3392463825787861
694,"pcr, normalized_vrp, iv_percentile_rank, rsi20, fg",0.08946490295132206,-8095.88216399739,0.005239818942067641,0.006921163024159321,5,0.6134467971580861
695,"pcr, normalized_vrp, iv_percentile_rank, rsi20, pct_fg",0.1533176413032194,-4202.099675597797,0.0038196850044117233,0.008885029207741863,5,0.5352861417443917
696,"pcr, normalized_vrp, iv_percentile_rank, fg, pct_fg",0.28550098776805033,-4693.056784464336,0.0034993209236239935,0.007051137091174953,5,0.6354330801304497
697,"pcr, normalized_vrp, relative_pcr, rsi20, fg",0.13063747151192445,-3968.4946754490497,0.005034976193476362,0.006921163024159321,5,0.6341350908595607
698,"pcr, normalized_vrp, relative_pcr, rsi20, pct_fg",0.3396706260235528,-209.98239672041908,0.003717899909763859,0.010814360920674636,5,0.7114606169999387
699,"pcr, normalized_vrp, relative_pcr, fg, pct_fg",0.3600673344318693,-638.3544337885477,0.011338748333653096,0.003914313474105936,5,1.4939421677971787
700,"pcr, normalized_vrp, rsi20, fg, pct_fg",0.27403016861744617,-3678.0772648320817,0.011546912245604016,0.004337366485974965,5,1.4287213931778477
701,"pcr, pcr_zscore, vol_of_vol, trend_strength, iv_percentile_rank",0.1891081734854427,-6220.964761171096,0.0008072528809350074,0.013146208692089068,5,0.26983346157894345
702,"pcr, pcr_zscore, vol_of_vol, trend_strength, relative_pcr",0.22985909869073054,-1922.2899023587584,0.0027134710690915336,0.0,5,0.5012062055998839
703,"pcr, pcr_zscore, vol_of_vol, trend_strength, rsi20",0.07682808057089954,-5159.507234074701,0.0032506442351650103,0.004278203282141268,5,0.4018925040874006
704,"pcr, pcr_zscore, vol_of_vol, trend_strength, fg",0.25461840534987784,-5392.054513737065,0.00685956380740921,0.0,5,0.9405747860907989
705,"pcr, pcr_zscore, vol_of_vol, trend_strength, pct_fg",0.08268903901028439,-1952.7696995391468,0.0028523224456711836,0.004982086358849675,5,0.3679212835774028
706,"pcr, pcr_zscore, vol_of_vol, iv_percentile_rank, relative_pcr",0.10370062359414844,-5191.329382010521,0.0012098924145747727,0.002114121102751257,5,0.22468986505162572
707,"pcr, pcr_zscore, vol_of_vol, iv_percentile_rank, rsi20",0.19567928986496785,-8538.889341979178,0.0006230981084084481,0.010231148725414545,5,0.25798910070581266
708,"pcr, pcr_zscore, vol_of_vol, iv_percentile_rank, fg",0.09860869986321229,-8862.062800738084,0.0016275074331720553,0.001191311742539376,5,0.2613594431804178
709,"pcr, pcr_zscore, vol_of_vol, iv_percentile_rank, pct_fg",0.2103202359826757,-5447.660219718442,0.0010566216364793835,0.003480664737356683,5,0.31598239963061403
710,"pcr, pcr_zscore, vol_of_vol, relative_pcr, rsi20",0.04897865977250884,-4202.197965110013,0.0020205397685431736,0.01530575009829931,5,0.2510326366268262
711,"pcr, pcr_zscore, vol_of_vol, relative_pcr, fg",0.18307990612313677,-4641.607999532526,0.004072115163525694,0.009967948502744354,5,0.5902914224757062
712,"pcr, pcr_zscore, vol_of_vol, relative_pcr, pct_fg",0.03459440285988867,-1032.7752468855256,0.00454137017852239,0.003108891823610826,5,0.48873142071212766
713,"pcr, pcr_zscore, vol_of_vol, rsi20, fg",0.1660976007033882,-7652.603636647968,0.007860386326385672,0.019672034703914543,5,0.9521362333419554
714,"pcr, pcr_zscore, vol_of_vol, rsi20, pct_fg",0.06179794615061191,-4245.154738825227,0.003514177058573532,0.010515571957340219,5,0.4132156520079651
715,"pcr, pcr_zscore, vol_of_vol, fg, pct_fg",0.37072152800371483,-4462.406611050846,0.003876390640002189,0.008023729114729707,5,0.7583605920039337
716,"pcr, pcr_zscore, trend_strength, iv_percentile_rank, relative_pcr",0.14623656966216764,-2925.7741192221283,0.0021549731024433473,0.005349175102316148,5,0.3617338799065024
717,"pcr, pcr_zscore, trend_strength, iv_percentile_rank, rsi20",0.22024711131863386,-6141.102485924746,0.0038555436806830194,0.010231148725414545,5,0.6058014793869358
718,"pcr, pcr_zscore, trend_strength, iv_percentile_rank, fg",0.12266255089768893,-6560.093474119457,0.003298875258584056,0.006539773870981022,5,0.4525500767560945
719,"pcr, pcr_zscore, trend_strength, iv_percentile_rank, pct_fg",0.04837086355020957,-2985.63437452521,0.0035624192082126943,0.0018375022283145517,5,0.404612784371479
720,"pcr, pcr_zscore, trend_strength, relative_pcr, rsi20",0.09624220422557742,-1803.3375742399721,0.004595422773479557,0.00875913436781263,5,0.5557844815735331
721,"pcr, pcr_zscore, trend_strength, relative_pcr, fg",0.26065246522963964,-2201.2692038928926,0.006745471932775245,0.019672034703914543,5,0.9351996585071642
722,"pcr, pcr_zscore, trend_strength, relative_pcr, pct_fg",0.10153034978302952,1346.9033751680474,0.0020510484224965336,0.0026233527503052067,5,0.30663519203268286
723,"pcr, pcr_zscore, trend_strength, rsi20, fg",0.10232248357719352,-5428.544603736651,0.003585177384478386,0.005364412099815459,5,0.4608402220250321
724,"pcr, pcr_zscore, trend_strength, rsi20, pct_fg",0.18162663091307757,-1903.0682436674147,0.00288812070064033,0.009759380589638648,5,0.4704387009771106
725,"pcr, pcr_zscore, trend_strength, fg, pct_fg",0.29217285534734133,-2134.094634365291,0.003940029566290555,0.00010709273966011401,5,0.6861758119763968
726,"pcr, pcr_zscore, iv_percentile_rank, relative_pcr, rsi20",0.11985443711599893,-5175.231254051101,0.004698581993963749,0.004188821764709826,5,0.5897126365123738
727,"pcr, pcr_zscore, iv_percentile_rank, relative_pcr, fg",0.11962450987816617,-5578.0694329452635,0.0029941273654853036,0.0027339163278239124,5,0.4190372464266965
728,"pcr, pcr_zscore, iv_percentile_rank, relative_pcr, pct_fg",0.13123385297296558,-2061.555039221003,0.0028437071184134687,0.005048106854015655,5,0.41560456481431246
729,"pcr, pcr_zscore, iv_percentile_rank, rsi20, fg",0.12929835460273365,-8656.400447763594,0.007207770795893239,0.0,5,0.8500754341920576
730,"pcr, pcr_zscore, iv_percentile_rank, rsi20, pct_fg",0.11890824029374156,-5301.774553468832,0.0023542498490877507,0.008950226803318572,5,0.35433322520251664
731,"pcr, pcr_zscore, iv_percentile_rank, fg, pct_fg",0.3276065249093927,-5547.41829192374,0.003801660233555878,0.00010709273966011401,5,0.7077725482649805
732,"pcr, pcr_zscore, relative_pcr, rsi20, fg",0.09687967121576857,-4516.010220417926,0.0031788405992440134,0.005612462590300299,5,0.4147637311401699
733,"pcr, pcr_zscore, relative_pcr, rsi20, pct_fg",0.19309402647990404,-1047.811255215553,0.00457514490848333,0.009325545243315888,5,0.650608517328237
734,"pcr, pcr_zscore, relative_pcr, fg, pct_fg",0.2892605897140153,-1242.55280098086,0.004425531958549986,0.00010709273966011401,5,0.7318137855690139
735,"pcr, pcr_zscore, rsi20, fg, pct_fg",0.28088975509593395,-4483.866401194126,0.003738401218302402,0.012520341699318536,5,0.6547298769261741
736,"pcr, vol_of_vol, trend_strength, iv_percentile_rank, relative_pcr",0.21514009975522416,-4888.76623728847,0.000559336196820904,0.002753343677976235,5,0.27107371943731456
737,"pcr, vol_of_vol, trend_strength, iv_percentile_rank, rsi20",0.20036731589159754,-7954.862568538009,0.0013405681969609823,0.009680434175636245,5,0.3344241355876958
738,"pcr, vol_of_vol, trend_strength, iv_percentile_rank, fg",0.10800851370020367,-8483.292089050123,0.0014880418825629269,0.006771209573380016,5,0.25681270195649636
739,"pcr, vol_of_vol, trend_strength, iv_percentile_rank, pct_fg",0.13254802853557604,-4802.689782619663,0.002720896977813182,0.003521670349595726,5,0.4046377263168942
740,"pcr, vol_of_vol, trend_strength, relative_pcr, rsi20",0.1004035684835335,-3829.364733572306,0.0028790047951129,0.011742303056652408,5,0.3883040479948235
741,"pcr, vol_of_vol, trend_strength, relative_pcr, fg",0.24908090245684614,-4199.345019965382,0.007786938596113413,0.019672034703914543,5,1.0277747620681874
742,"pcr, vol_of_vol, trend_strength, relative_pcr, pct_fg",-0.032081002847270786,-768.7201686655213,0.003060114117660079,0.003140251721177551,5,0.2739304089187371
743,"pcr, vol_of_vol, trend_strength, rsi20, fg",0.08800271830093308,-7412.522370996262,0.003214255757260402,0.006022066804122301,5,0.4094282940269733
744,"pcr, vol_of_vol, trend_strength, rsi20, pct_fg",0.14780016929558978,-3743.6862752082784,0.005225761192676662,0.008579101693372998,5,0.6703762885632559
745,"pcr, vol_of_vol, trend_strength, fg, pct_fg",0.2600170013393868,-4130.067396905513,0.0035779503890835487,0.00010709273966011401,5,0.6178120402477416
746,"pcr, vol_of_vol, iv_percentile_rank, relative_pcr, rsi20",0.1899552682273331,-7191.7857938932775,0.0017329306107359437,0.0074804733387127675,5,0.3632483293009275
747,"pcr, vol_of_vol, iv_percentile_rank, relative_pcr, fg",0.09751138299593952,-7610.749558120676,0.0025273617781245324,0.001191311742539376,5,0.35024756080839275
748,"pcr, vol_of_vol, iv_percentile_rank, relative_pcr, pct_fg",0.17815663134869952,-4045.7940775542597,0.0006796784588759671,0.006068235142164924,5,0.24612447723629624
749,"pcr, vol_of_vol, iv_percentile_rank, rsi20, fg",0.11952805021316186,-10551.788604277745,0.007477232976803486,0.019672034703914543,5,0.8672513478935103
750,"pcr, vol_of_vol, iv_percentile_rank, rsi20, pct_fg",0.214153102301794,-7179.2633447225035,0.005300476818677282,0.006564621339292533,5,0.7442007841695222
751,"pcr, vol_of_vol, iv_percentile_rank, fg, pct_fg",0.30011862220503777,-7475.82279181932,0.0025408437376725143,0.00435627972710695,5,0.5542029959722892
752,"pcr, vol_of_vol, relative_pcr, rsi20, fg",0.15301720655456588,-6430.656594247792,0.007741308327328393,0.019672034703914543,5,0.9271480392874052
753,"pcr, vol_of_vol, relative_pcr, rsi20, pct_fg",0.13124473895759542,-3029.8343401583356,0.005464145401078811,0.011255217271062313,5,0.6776592790654765
754,"pcr, vol_of_vol, relative_pcr, fg, pct_fg",0.29288467673183094,-3274.7801682875292,0.003833552702140966,0.00010709273966011401,5,0.6762399469459275
755,"pcr, vol_of_vol, rsi20, fg, pct_fg",0.21017102152237405,-6394.290350331393,0.005759859378224945,0.006212229889118503,5,0.7861569593448685
756,"pcr, trend_strength, iv_percentile_rank, relative_pcr, rsi20",0.22742809432980576,-4808.983281244876,0.004851073746955538,0.007366707545343984,5,0.7125354690253596
757,"pcr, trend_strength, iv_percentile_rank, relative_pcr, fg",0.12135139086751257,-5343.691864283004,0.0034196319800735096,0.005157441739575174,5,0.46331458887486354
758,"pcr, trend_strength, iv_percentile_rank, relative_pcr, pct_fg",0.09543696952039192,-1677.9073300672096,0.0019842494120175785,0.007870125006182125,5,0.2938619107221498
759,"pcr, trend_strength, iv_percentile_rank, rsi20, fg",0.1297524941002094,-8287.06677727547,0.008205993518380982,0.019672034703914543,5,0.9503518459383076
760,"pcr, trend_strength, iv_percentile_rank, rsi20, pct_fg",0.22518934300093846,-5097.498548845758,0.0071256806501135824,0.008955027633599013,5,0.9377574080122968
761,"pcr, trend_strength, iv_percentile_rank, fg, pct_fg",0.357124185000406,-5132.605467399131,0.002762636494645799,0.00435627972710695,5,0.6333878344649859
762,"pcr, trend_strength, relative_pcr, rsi20, fg",0.05500016906796705,-4202.607769510233,0.0021119590898637172,0.006472949718290201,5,0.26619607805433876
763,"pcr, trend_strength, relative_pcr, rsi20, pct_fg",0.3532572915119341,-420.55968389831577,0.0012945440218429616,0.01275871996861514,5,0.48271169369623024
764,"pcr, trend_strength, relative_pcr, fg, pct_fg",0.2901062811953394,-918.9386786319293,0.004724424572137412,0.00010709273966011401,5,0.7625487384090806
765,"pcr, trend_strength, rsi20, fg, pct_fg",0.3150659141678804,-4140.519891358526,0.004262147176616693,0.0032776721392258706,5,0.7412806318295496
766,"pcr, iv_percentile_rank, relative_pcr, rsi20, fg",0.12521127445948657,-7438.56784008126,0.00837039816049721,0.019672034703914543,5,0.9622510905092075
767,"pcr, iv_percentile_rank, relative_pcr, rsi20, pct_fg",0.25755104173395105,-4081.056300470488,0.0021516994421826334,0.009087824261553155,5,0.47272098595221435
768,"pcr, iv_percentile_rank, relative_pcr, fg, pct_fg",0.3491460502700833,-4305.296282158462,0.003119591744040623,0.0020605300057708817,5,0.6611052246741456
769,"pcr, iv_percentile_rank, rsi20, fg, pct_fg",0.1757219282445737,-7439.158645555567,0.004057500469659436,0.00010709273966011401,5,0.5814719752105173
770,"pcr, relative_pcr, rsi20, fg, pct_fg",0.24895175139977638,-3297.581832620503,0.004181077308053314,0.00010709273966011401,5,0.6670594822051077
771,"iv_skew, normalized_vrp, pcr_zscore, vol_of_vol, trend_strength",0.412322788749483,-4101.856839427081,0.005394862171225071,0.007669050220531712,5,0.9518090058719901
772,"iv_skew, normalized_vrp, pcr_zscore, vol_of_vol, iv_percentile_rank",0.20980029615083262,-6814.628708316645,0.004925821229424807,0.012672184546926382,5,0.7023824190933132
773,"iv_skew, normalized_vrp, pcr_zscore, vol_of_vol, relative_pcr",-0.09663282716265251,-3029.4835851401285,0.002093116191223153,0.006697486440771735,5,0.1126787919596628
774,"iv_skew, normalized_vrp, pcr_zscore, vol_of_vol, rsi20",0.053785048516231955,-6463.5350689629095,0.0036333558540413043,0.006218306381744735,5,0.41712063392036236
775,"iv_skew, normalized_vrp, pcr_zscore, vol_of_vol, fg",0.060033198304182855,-6759.415643843397,0.0035641878681922437,0.004793736500885964,5,0.4164519851234072
776,"iv_skew, normalized_vrp, pcr_zscore, vol_of_vol, pct_fg",-0.031110203382560736,-3226.8686060599234,0.012988602039089891,0.010012389274501134,5,1.2677500005264284
777,"iv_skew, normalized_vrp, pcr_zscore, trend_strength, iv_percentile_rank",0.17723805237028345,-4562.209735517351,0.001557457205303972,0.011983524002200355,5,0.33298377290068065
778,"iv_skew, normalized_vrp, pcr_zscore, trend_strength, relative_pcr",0.10480607878185885,-813.9020369161153,0.005973110140929614,0.0028679033812165898,5,0.7021170928748203
779,"iv_skew, normalized_vrp, pcr_zscore, trend_strength, rsi20",0.24037611094777867,-3405.187972902506,0.007179469679457634,0.006470011071089989,5,0.9583230788935421
780,"iv_skew, normalized_vrp, pcr_zscore, trend_strength, fg",0.10555935938225072,-3971.8539970093975,0.007882363480947972,0.01337072149772188,5,0.893795707477048
781,"iv_skew, normalized_vrp, pcr_zscore, trend_strength, pct_fg",0.236899472096126,-720.4993825621974,0.004628367419176646,0.005552361242728489,5,0.6997362140137906
782,"iv_skew, normalized_vrp, pcr_zscore, iv_percentile_rank, relative_pcr",0.19988992193212388,-3909.219354107256,0.003774675426576569,0.003292103225659375,5,0.5773574645897808
783,"iv_skew, normalized_vrp, pcr_zscore, iv_percentile_rank, rsi20",0.13043200784160103,-7211.956126538474,0.0014494580512277107,0.007178734904194336,5,0.27537781296437214
784,"iv_skew, normalized_vrp, pcr_zscore, iv_percentile_rank, fg",0.13008365570864847,-7652.5349000850665,0.001961724382746264,0.009264333393758222,5,0.3262560939832749
785,"iv_skew, normalized_vrp, pcr_zscore, iv_percentile_rank, pct_fg",0.22159767324081667,-4197.326329147258,0.005530598006303674,0.009176451213719329,5,0.7746574738711841
786,"iv_skew, normalized_vrp, pcr_zscore, relative_pcr, rsi20",0.016438500313888563,-3074.2304359984178,0.004307930640322695,0.007989916830905204,5,0.447231564346158
787,"iv_skew, normalized_vrp, pcr_zscore, relative_pcr, fg",0.33931645179268677,-3064.396718394714,0.007544463461327165,0.030002281959545442,5,1.0937627979254034
788,"iv_skew, normalized_vrp, pcr_zscore, relative_pcr, pct_fg",0.0935561211590883,96.23599758857486,0.005955243123089442,0.023803940628396643,5,0.6890804334680325
789,"iv_skew, normalized_vrp, pcr_zscore, rsi20, fg",0.14438559592424666,-6750.54607448569,0.007288450784697496,0.00010709273966011401,5,0.8732306743939964
790,"iv_skew, normalized_vrp, pcr_zscore, rsi20, pct_fg",0.23812454346042092,-3212.675666728508,0.008581156311314835,0.009492120171489713,5,1.0962401745919044
791,"iv_skew, normalized_vrp, pcr_zscore, fg, pct_fg",0.3257504996715242,-3513.331522943402,0.011570581370776059,0.005051209857177495,5,1.48280863674913
792,"iv_skew, normalized_vrp, vol_of_vol, trend_strength, iv_percentile_rank",0.15411308688532066,-6662.841661623547,0.0015074768603388358,0.0015943654780213234,5,0.3048607729192042
793,"iv_skew, normalized_vrp, vol_of_vol, trend_strength, relative_pcr",-0.11260206278025332,-2612.9648212958527,0.001312138938051123,0.005464652949887997,5,0.018611831024858957
794,"iv_skew, normalized_vrp, vol_of_vol, trend_strength, rsi20",0.06722521993290846,-5747.120619105674,0.003742553305819695,0.006615157608211327,5,0.441480550514878
795,"iv_skew, normalized_vrp, vol_of_vol, trend_strength, fg",0.2319328059720361,-6144.05429463713,0.006599893948595089,0.00010709273966011401,5,0.891922200831545
796,"iv_skew, normalized_vrp, vol_of_vol, trend_strength, pct_fg",-0.02905419811389,-2403.829765102596,0.004804593454570535,0.006798057779314036,5,0.4514051473431635
797,"iv_skew, normalized_vrp, vol_of_vol, iv_percentile_rank, relative_pcr",0.14454477756245976,-5685.020967812935,0.0011826028447179272,0.002126149713286684,5,0.26280506203425247
798,"iv_skew, normalized_vrp, vol_of_vol, iv_percentile_rank, rsi20",0.13701325871801925,-8890.968058362743,0.0018424351596281019,0.0021225934311654955,5,0.32125677468082947
799,"iv_skew, normalized_vrp, vol_of_vol, iv_percentile_rank, fg",0.12051110934690235,-9233.844362750062,0.0008294916271858962,0.009264333393758222,5,0.20346027206549197
800,"iv_skew, normalized_vrp, vol_of_vol, iv_percentile_rank, pct_fg",-0.005076558744635357,-5618.921371625558,0.005046340588654382,0.005845466572522883,5,0.49955750012080286
801,"iv_skew, normalized_vrp, vol_of_vol, relative_pcr, rsi20",-0.011684984592334545,-5011.928853244381,0.0065102999392933816,0.00542192276932313,5,0.6393450093370036
802,"iv_skew, normalized_vrp, vol_of_vol, relative_pcr, fg",0.05576069117040977,-5291.858036207222,0.00429070040410694,0.0047609994254709,5,0.4848307315811038
803,"iv_skew, normalized_vrp, vol_of_vol, relative_pcr, pct_fg",0.18195717339744466,-1714.2005876322996,0.0025502050358386175,0.006683771297782036,5,0.4369776769813064
804,"iv_skew, normalized_vrp, vol_of_vol, rsi20, fg",0.13296263082469129,-8499.20714038713,0.006606599005454258,0.008482386063180851,5,0.7936225313701171
805,"iv_skew, normalized_vrp, vol_of_vol, rsi20, pct_fg",0.14328236608526382,-4802.757957588072,0.003573871294864149,0.006729372684301824,5,0.5006694955716787
806,"iv_skew, normalized_vrp, vol_of_vol, fg, pct_fg",0.0552827379038615,-5235.453162448943,0.004231136496943677,0.02585288560487892,5,0.4783963875982292
807,"iv_skew, normalized_vrp, trend_strength, iv_percentile_rank, relative_pcr",0.16203190701196343,-3611.5222728263084,0.0018052079998269264,0.016949681409695945,5,0.34255270699465606
808,"iv_skew, normalized_vrp, trend_strength, iv_percentile_rank, rsi20",0.15980443544489056,-6623.395457337366,0.0008483085381518995,0.007193637170801138,5,0.24463528926008052
809,"iv_skew, normalized_vrp, trend_strength, iv_percentile_rank, fg",0.12707590188479692,-7142.727658086258,0.002706537305971265,0.009264333393758222,5,0.3977296324819234
810,"iv_skew, normalized_vrp, trend_strength, iv_percentile_rank, pct_fg",0.013001293573467063,-3360.98687482907,0.0021894991683271596,0.005051363566491929,5,0.23195121040618305
811,"iv_skew, normalized_vrp, trend_strength, relative_pcr, rsi20",0.14984036202559087,-2561.1144045118263,0.0012003651341502897,0.0006956324084210338,5,0.26987687544061983
812,"iv_skew, normalized_vrp, trend_strength, relative_pcr, fg",0.1376021726345292,-3215.7996346464056,0.006400041098058457,0.008482386063180851,5,0.7776062824403749
813,"iv_skew, normalized_vrp, trend_strength, relative_pcr, pct_fg",0.2395830267722213,650.0838090326155,0.004036386666310592,0.022334611598404518,5,0.6432216934032805
814,"iv_skew, normalized_vrp, trend_strength, rsi20, fg",0.13478346828849477,-6238.0745522908655,0.0062520506821321115,0.008482386063180851,5,0.759988536501706
815,"iv_skew, normalized_vrp, trend_strength, rsi20, pct_fg",0.3070974595167276,-2288.9790407478963,0.005076565706481103,0.005608066162250853,5,0.8147540301648379
816,"iv_skew, normalized_vrp, trend_strength, fg, pct_fg",0.33904752977053687,-2982.932000806815,0.010687167454179625,0.006771684898978695,5,1.4077642751884993
817,"iv_skew, normalized_vrp, iv_percentile_rank, relative_pcr, rsi20",0.15605327662363033,-5814.876522202213,0.0013215491872598196,0.004833595083995176,5,0.2882081953496123
818,"iv_skew, normalized_vrp, iv_percentile_rank, relative_pcr, fg",0.12804604191219018,-6178.240275006984,0.001954082318768506,0.007168322229490399,5,0.3234542737890408
819,"iv_skew, normalized_vrp, iv_percentile_rank, relative_pcr, pct_fg",0.10742792077875887,-2720.6889935805625,0.0050853638166660844,0.016603935070665352,5,0.6159643024453673
820,"iv_skew, normalized_vrp, iv_percentile_rank, rsi20, fg",0.09193329776186485,-9493.718968993368,0.006271349161680861,0.007840654920060176,5,0.719068213929951
821,"iv_skew, normalized_vrp, iv_percentile_rank, rsi20, pct_fg",0.18864043235493758,-5716.338070508156,0.004365386987246133,0.011962134669245499,5,0.6251791310795508
822,"iv_skew, normalized_vrp, iv_percentile_rank, fg, pct_fg",0.2851083702323223,-5965.84618397197,0.003496749437842444,0.007051137091174953,5,0.6347833140165666
823,"iv_skew, normalized_vrp, relative_pcr, rsi20, fg",0.13026926207739667,-5423.605678184357,0.0059786487105783995,0.006921163024159321,5,0.7281341331352366
824,"iv_skew, normalized_vrp, relative_pcr, rsi20, pct_fg",0.21075075191994724,-1715.303300206486,0.010319533050613228,0.0337665034445298,5,1.24270405698127
825,"iv_skew, normalized_vrp, relative_pcr, fg, pct_fg",0.3309428471551497,-2018.3151681992395,0.012240178623268441,0.006771684898978695,5,1.5549607094819937
826,"iv_skew, normalized_vrp, rsi20, fg, pct_fg",0.28338719272923313,-5114.407036312791,0.004615744002495273,0.007051137091174953,5,0.7449615929787604
827,"iv_skew, pcr_zscore, vol_of_vol, trend_strength, iv_percentile_rank",0.10913413033025196,-7885.894807768455,0.0024425110765343705,0.003098210965081446,5,0.35338523798368904
828,"iv_skew, pcr_zscore, vol_of_vol, trend_strength, relative_pcr",0.44026208408718853,-3556.603657754746,0.002320570282554503,0.038492240273021276,5,0.6723191123426389
829,"iv_skew, pcr_zscore, vol_of_vol, trend_strength, rsi20",0.07576400938331193,-6726.589785999219,0.003517845204227525,0.004278203282141268,5,0.4275485298060644
830,"iv_skew, pcr_zscore, vol_of_vol, trend_strength, fg",0.2363791676624093,-7283.156258249589,0.005436815052805899,0.008886076023086288,5,0.7800606729429992
831,"iv_skew, pcr_zscore, vol_of_vol, trend_strength, pct_fg",0.2330580751811932,-3680.44461028562,0.003575878506073219,0.0004898469212854606,5,0.590645925788515
832,"iv_skew, pcr_zscore, vol_of_vol, iv_percentile_rank, relative_pcr",0.09216611475903029,-6289.642298641771,0.002454745042693362,0.006893931689112585,5,0.33764061902836645
833,"iv_skew, pcr_zscore, vol_of_vol, iv_percentile_rank, rsi20",0.1903128808511311,-10041.354890572735,0.0020937345178269427,0.010231148725414545,5,0.39968633263382536
834,"iv_skew, pcr_zscore, vol_of_vol, iv_percentile_rank, fg",0.10669129615106893,-10480.75989381215,0.001852122592178226,0.007323788239264813,5,0.29190355536889157
835,"iv_skew, pcr_zscore, vol_of_vol, iv_percentile_rank, pct_fg",0.20463887121968097,-6829.91573242131,0.001091087321883644,0.010628144612413494,5,0.31374760340804536
836,"iv_skew, pcr_zscore, vol_of_vol, relative_pcr, rsi20",0.06890277055446971,-5820.968838914462,0.0036118312539952617,0.004904471410938567,5,0.4300858959539959
837,"iv_skew, pcr_zscore, vol_of_vol, relative_pcr, fg",0.05780266680535166,-6222.2790729528215,0.002240754654561622,0.004859081907230681,5,0.28187813226151387
838,"iv_skew, pcr_zscore, vol_of_vol, relative_pcr, pct_fg",0.06170331256264894,-2605.969134415849,0.003120468239531079,0.0072396579037937656,5,0.37375013651575684
839,"iv_skew, pcr_zscore, vol_of_vol, rsi20, fg",0.15702237686122353,-9318.509575232823,0.007303758169898195,0.00010709273966011401,5,0.887398193851043
840,"iv_skew, pcr_zscore, vol_of_vol, rsi20, pct_fg",0.16836337653801312,-6051.578536715889,0.0031749115758751257,0.009184441051907967,5,0.4858545341255257
841,"iv_skew, pcr_zscore, vol_of_vol, fg, pct_fg",0.3537050719516949,-6196.500985989814,0.0034829666275521007,0.0038782948427740025,5,0.702001734706905
842,"iv_skew, pcr_zscore, trend_strength, iv_percentile_rank, relative_pcr",0.1985513493181254,-4476.271373725071,0.00039413574746457444,0.012366940713722581,5,0.23796492406458286
843,"iv_skew, pcr_zscore, trend_strength, iv_percentile_rank, rsi20",0.21361111687159326,-7682.289573771472,0.002099494477687471,0.010699617622657615,5,0.42356056464034036
844,"iv_skew, pcr_zscore, trend_strength, iv_percentile_rank, fg",0.12340454003043845,-8222.895047253818,0.003899903360829786,0.006539773870981022,5,0.513394876113417
845,"iv_skew, pcr_zscore, trend_strength, iv_percentile_rank, pct_fg",0.27115203055597215,-4660.552714782951,0.0034987516380657674,0.006993890033348934,5,0.6210271943625489
846,"iv_skew, pcr_zscore, trend_strength, relative_pcr, rsi20",0.09843354182151738,-3361.8057598115656,0.003078112720116877,0.003494441627675056,5,0.4062448138332051
847,"iv_skew, pcr_zscore, trend_strength, relative_pcr, fg",0.27270909380933933,-3893.869486325302,0.006245864419381726,0.00010709273966011401,5,0.8972955357475119
848,"iv_skew, pcr_zscore, trend_strength, relative_pcr, pct_fg",0.27920360223646107,-206.8354918409239,0.003116980945768374,0.005316261928888573,5,0.5909016968132985
849,"iv_skew, pcr_zscore, trend_strength, rsi20, fg",0.1663534577970555,-7054.103771603812,0.0055700450017126465,0.0,5,0.7233579579683201
850,"iv_skew, pcr_zscore, trend_strength, rsi20, pct_fg",0.36009228931323023,-3370.297335202536,0.005293344056064641,0.004565724888400884,5,0.8894266949196943
851,"iv_skew, pcr_zscore, trend_strength, fg, pct_fg",0.30248533747258993,-3851.3428405516797,0.003932292894097896,0.00010709273966011401,5,0.6957146268823795
852,"iv_skew, pcr_zscore, iv_percentile_rank, relative_pcr, rsi20",0.21008349541056257,-6728.815765191703,0.00015362016049858202,0.007452625610828601,5,0.22544551146042077
853,"iv_skew, pcr_zscore, iv_percentile_rank, relative_pcr, fg",0.12219962873178994,-7197.796764148888,0.003464994202588666,0.0027339163278239124,5,0.4686990489906565
854,"iv_skew, pcr_zscore, iv_percentile_rank, relative_pcr, pct_fg",0.31165985744262154,-3668.614428037039,0.0016236366111729407,0.0034201201743834057,5,0.47402351855991565
855,"iv_skew, pcr_zscore, iv_percentile_rank, rsi20, fg",0.13059127112068747,-10330.12779661947,0.00763316813753989,0.00010709273966011401,5,0.8939080848746764
856,"iv_skew, pcr_zscore, iv_percentile_rank, rsi20, pct_fg",0.28186339423256307,-6973.788033482612,0.0036274062977893987,0.006163800764760663,5,0.644604024011503
857,"iv_skew, pcr_zscore, iv_percentile_rank, fg, pct_fg",0.3417507091145644,-7157.672405484657,0.002719480168659386,0.0003405155529920007,5,0.613698725980503
858,"iv_skew, pcr_zscore, relative_pcr, rsi20, fg",0.10581046134630469,-6193.233584074232,0.0038798945758473447,0.006730941745271697,5,0.49379991893103914
859,"iv_skew, pcr_zscore, relative_pcr, rsi20, pct_fg",0.12260608957665156,-2679.8185052058475,0.005242264215331525,0.0038534982762598096,5,0.646832511109804
860,"iv_skew, pcr_zscore, relative_pcr, fg, pct_fg",0.3165284325322995,-2967.9046568690205,0.004463907705359559,0.00010709273966011401,5,0.7629192030682554
861,"iv_skew, pcr_zscore, rsi20, fg, pct_fg",0.226920663758072,-6266.262794669307,0.0036989372562449933,0.00010709273966011401,5,0.5968143893825714
862,"iv_skew, vol_of_vol, trend_strength, iv_percentile_rank, relative_pcr",0.14072352961004997,-6381.376750959231,0.004051524186369277,0.007544242083142139,5,0.5458759482469777
863,"iv_skew, vol_of_vol, trend_strength, iv_percentile_rank, rsi20",0.20164248186690834,-9408.047845021167,0.002499266553973242,0.006518018258201343,5,0.45156913726423253
864,"iv_skew, vol_of_vol, trend_strength, iv_percentile_rank, fg",0.10690818463865545,-9928.73453020697,0.0014961147703156585,0.007323788239264813,5,0.25651966167022133
865,"iv_skew, vol_of_vol, trend_strength, iv_percentile_rank, pct_fg",0.211994468197011,-6292.940532009937,0.0013767197727281878,0.004332669030435105,5,0.34966644546982983
866,"iv_skew, vol_of_vol, trend_strength, relative_pcr, rsi20",0.21616681658262488,-5345.6415016753035,0.00434971570684501,0.009609222508225554,5,0.6511383872671259
867,"iv_skew, vol_of_vol, trend_strength, relative_pcr, fg",0.21631924420124796,-5904.414569087092,0.005767781810375518,0.0018950046304221256,5,0.7930974252387998
868,"iv_skew, vol_of_vol, trend_strength, relative_pcr, pct_fg",0.1250877272074786,-2183.550858906872,0.0018249631866417934,0.0018419501545898073,5,0.30758404587165794
869,"iv_skew, vol_of_vol, trend_strength, rsi20, fg",0.09760111984241612,-8868.370239204081,0.004549080766558837,0.01193307382440449,5,0.5525091964982998
870,"iv_skew, vol_of_vol, trend_strength, rsi20, pct_fg",0.16197221387584124,-5275.70964066045,0.00423779840970993,0.008517033236519839,5,0.5857520548468342
871,"iv_skew, vol_of_vol, trend_strength, fg, pct_fg",0.49756036917843127,-5662.473028741848,0.003667043725602161,0.00010709273966011401,5,0.8642647417386473
872,"iv_skew, vol_of_vol, iv_percentile_rank, relative_pcr, rsi20",0.19678165821721372,-8596.461909577587,0.0019308338914491574,0.01026116086383244,5,0.38986504736212946
873,"iv_skew, vol_of_vol, iv_percentile_rank, relative_pcr, fg",0.10149387002478871,-8974.92172598463,0.0015465037835889403,0.001191311742539376,5,0.25614424838368277
874,"iv_skew, vol_of_vol, iv_percentile_rank, relative_pcr, pct_fg",0.4628153232643541,-5354.690401494299,0.0027721526622746175,0.0072321670649330705,5,0.7400305894918158
875,"iv_skew, vol_of_vol, iv_percentile_rank, rsi20, fg",0.1239085518628149,-11979.204813280774,0.0065184641159935,0.019672034703914543,5,0.7757549634621649
876,"iv_skew, vol_of_vol, iv_percentile_rank, rsi20, pct_fg",0.26334208074054893,-8622.494907050806,0.0017700863786415772,0.006307440777915835,5,0.44035071860470665
877,"iv_skew, vol_of_vol, iv_percentile_rank, fg, pct_fg",0.3048239729783615,-8722.843659707243,0.0026775513330014023,0.00010709273966011401,5,0.5725791062785017
878,"iv_skew, vol_of_vol, relative_pcr, rsi20, fg",0.16942418039828458,-7895.803622717631,0.007104015236034189,0.019672034703914543,5,0.8798257040017035
879,"iv_skew, vol_of_vol, relative_pcr, rsi20, pct_fg",0.20158490279399735,-4714.597099182101,0.004465612083638757,0.008612613225581624,5,0.6481461111578731
880,"iv_skew, vol_of_vol, relative_pcr, fg, pct_fg",0.4737068369025061,-4712.561421354905,0.003372440713063813,0.00010709273966011401,5,0.8109509082088874
881,"iv_skew, vol_of_vol, rsi20, fg, pct_fg",0.23393461279767402,-7834.283157939727,0.005748386925524335,0.00010709273966011401,5,0.8087733053501076
882,"iv_skew, trend_strength, iv_percentile_rank, relative_pcr, rsi20",0.220789353445656,-6285.498268265694,0.0014764461972520265,0.007989816655125225,5,0.3684339731708587
883,"iv_skew, trend_strength, iv_percentile_rank, relative_pcr, fg",0.12990171784332255,-6861.255657841953,0.003916492123843505,0.006539773870981022,5,0.5215509302276731
884,"iv_skew, trend_strength, iv_percentile_rank, relative_pcr, pct_fg",0.13783765475892415,-3193.698024273908,0.0027772245784254508,0.00658418591747468,5,0.4155601126014692
885,"iv_skew, trend_strength, iv_percentile_rank, rsi20, fg",0.12874168986404358,-9773.636384883375,0.007028642996842903,0.00010709273966011401,5,0.8316059895483339
886,"iv_skew, trend_strength, iv_percentile_rank, rsi20, pct_fg",0.26415094919480453,-6309.776747527271,0.0029641648976796095,0.006947157249804572,5,0.5605674389627655
887,"iv_skew, trend_strength, iv_percentile_rank, fg, pct_fg",0.35964961576858445,-6594.191383525353,0.002858302495536381,0.00435627972710695,5,0.6454798653222226
888,"iv_skew, trend_strength, relative_pcr, rsi20, fg",0.048661726967630124,-5680.597182763057,0.0011821713420658204,0.014347039608079343,5,0.16687886117421216
889,"iv_skew, trend_strength, relative_pcr, rsi20, pct_fg",0.400131585588969,-1952.8685370110122,0.004685802075462497,0.005351899664772193,5,0.8687117931352186
890,"iv_skew, trend_strength, relative_pcr, fg, pct_fg",0.42240981452454235,-2790.889964579891,0.04194736535610302,0.00010709273966011401,5,4.617146350134845
891,"iv_skew, trend_strength, rsi20, fg, pct_fg",0.23564044195397754,-5669.400706245032,0.004346279759646085,0.00010709273966011401,5,0.670268417918586
892,"iv_skew, iv_percentile_rank, relative_pcr, rsi20, fg",0.12968265376093144,-8917.366444450956,0.007532577300719084,0.019672034703914543,5,0.8829403838328398
893,"iv_skew, iv_percentile_rank, relative_pcr, rsi20, pct_fg",0.19401790669955146,-5465.578545365991,0.004906899065763816,0.009927506808593401,5,0.6847078132759331
894,"iv_skew, iv_percentile_rank, relative_pcr, fg, pct_fg",0.35689080576359933,-5671.013022880351,0.0027440086525325883,0.0011902005855221982,5,0.6312916710168581
895,"iv_skew, iv_percentile_rank, rsi20, fg, pct_fg",0.22487171670960568,-8905.66939186074,0.004245772973293146,0.00010709273966011401,5,0.6494490140389203
896,"iv_skew, relative_pcr, rsi20, fg, pct_fg",0.22438517106822495,-4852.598962840892,0.003416052178355564,0.00010709273966011401,5,0.5659903889037814
897,"normalized_vrp, pcr_zscore, vol_of_vol, trend_strength, iv_percentile_rank",0.1600178841779639,-6856.069182645156,0.004099935618799411,0.009065869947869091,5,0.570011446057905
898,"normalized_vrp, pcr_zscore, vol_of_vol, trend_strength, relative_pcr",0.061280830858239606,-2317.0364198519283,0.004386839102054087,0.005754202060590644,5,0.49996474106364835
899,"normalized_vrp, pcr_zscore, vol_of_vol, trend_strength, rsi20",0.07103848237380823,-6143.142701662615,0.0031125554751276346,0.007032749074625952,5,0.3822940298865717
900,"normalized_vrp, pcr_zscore, vol_of_vol, trend_strength, fg",0.22083885456734975,-6338.270687270279,0.007615046405010484,0.019672034703914543,5,0.9823434950683981
901,"normalized_vrp, pcr_zscore, vol_of_vol, trend_strength, pct_fg",0.14516713213701,-2852.9845143334924,0.002965226515972251,0.005944392501649833,5,0.4416897837342351
902,"normalized_vrp, pcr_zscore, vol_of_vol, iv_percentile_rank, relative_pcr",0.10987670251510973,-5709.178859376426,0.0011046225638492969,0.0011456027330596476,5,0.2203389589000394
903,"normalized_vrp, pcr_zscore, vol_of_vol, iv_percentile_rank, rsi20",0.13242167916458777,-9195.313145155445,0.001468027842251164,0.004917141148018568,5,0.2792244633897042
904,"normalized_vrp, pcr_zscore, vol_of_vol, iv_percentile_rank, fg",0.10717483447333409,-9574.258349834063,0.0016265381457816787,0.007691425525352001,5,0.26982864905150195
905,"normalized_vrp, pcr_zscore, vol_of_vol, iv_percentile_rank, pct_fg",0.026335356876879726,-5844.464308774744,0.001880190209799181,0.001763035580734259,5,0.21435437785679784
906,"normalized_vrp, pcr_zscore, vol_of_vol, relative_pcr, rsi20",0.05624057129819009,-5049.3295182748025,0.001289190946304865,0.005532901404154058,5,0.18515966592867655
907,"normalized_vrp, pcr_zscore, vol_of_vol, relative_pcr, fg",0.21561501284558163,-5342.744262437079,0.005978354392046527,0.019672034703914543,5,0.8134504520502344
908,"normalized_vrp, pcr_zscore, vol_of_vol, relative_pcr, pct_fg",0.04602133939203059,-1627.6245497255964,0.003417021729609713,0.005928198744703361,5,0.3877235123530019
909,"normalized_vrp, pcr_zscore, vol_of_vol, rsi20, fg",0.13650683297197824,-8782.31618239123,0.006421354219335734,0.008482386063180851,5,0.7786422549055516
910,"normalized_vrp, pcr_zscore, vol_of_vol, rsi20, pct_fg",0.11064486888419875,-5119.641713786433,0.005590765179487863,0.008129547562993108,5,0.6697213868329851
911,"normalized_vrp, pcr_zscore, vol_of_vol, fg, pct_fg",0.27781752670461346,-5405.074326327172,0.0044102829101697796,0.00010709273966011401,5,0.7188458177215914
912,"normalized_vrp, pcr_zscore, trend_strength, iv_percentile_rank, relative_pcr",0.1698029199673964,-3621.0843621727804,0.0006906259068433661,0.015099305329556107,5,0.238865510651733
913,"normalized_vrp, pcr_zscore, trend_strength, iv_percentile_rank, rsi20",0.14106246109591028,-6839.668144134831,0.001943236209700825,0.007995595052254282,5,0.33538608206599274
914,"normalized_vrp, pcr_zscore, trend_strength, iv_percentile_rank, fg",0.1438620474317954,-7314.923777224841,0.0019633016934003035,0.007691425525352001,5,0.34019221677182576
915,"normalized_vrp, pcr_zscore, trend_strength, iv_percentile_rank, pct_fg",0.1984300042714892,-3841.081554300838,0.010030978517420339,0.0028517501081292878,5,1.2015278560135232
916,"normalized_vrp, pcr_zscore, trend_strength, relative_pcr, rsi20",0.08389942461384932,-2234.806768650707,0.00261131505705852,0.005370420805253515,5,0.34503093031970133
917,"normalized_vrp, pcr_zscore, trend_strength, relative_pcr, fg",0.1060609187853105,-3283.801638364974,0.004261829314354626,0.00968641481077291,5,0.532243850220773
918,"normalized_vrp, pcr_zscore, trend_strength, relative_pcr, pct_fg",0.23536602585470406,554.6427585681906,0.005734107835892386,0.006130265596734684,5,0.8087768094439427
919,"normalized_vrp, pcr_zscore, trend_strength, rsi20, fg",0.09239468987579774,-6438.289315500611,0.004934674747498474,0.003621862236643514,5,0.5858621646256451
920,"normalized_vrp, pcr_zscore, trend_strength, rsi20, pct_fg",0.2968862180813611,-2672.15070144841,0.00385615117348755,0.006695376282979792,5,0.6825013354301162
921,"normalized_vrp, pcr_zscore, trend_strength, fg, pct_fg",0.3538401628788536,-3188.5883826760464,0.008416493166789631,0.006457685167009835,5,1.1954894795578168
922,"normalized_vrp, pcr_zscore, iv_percentile_rank, relative_pcr, rsi20",0.12473952796588611,-5918.244861774664,0.0028422191843912397,0.0057219942872176795,5,0.4089614464050101
923,"normalized_vrp, pcr_zscore, iv_percentile_rank, relative_pcr, fg",0.13489760748784543,-6309.014348887948,0.0024917469791957167,0.009264333393758222,5,0.3840723054074171
924,"normalized_vrp, pcr_zscore, iv_percentile_rank, relative_pcr, pct_fg",0.13097454394710625,-2706.265589817617,0.002881480036328474,0.011832789103921127,5,0.4191225475799537
925,"normalized_vrp, pcr_zscore, iv_percentile_rank, rsi20, fg",0.09001576077441184,-9798.587304065035,0.007136556452836575,0.007840654920060176,5,0.8036714060580694
926,"normalized_vrp, pcr_zscore, iv_percentile_rank, rsi20, pct_fg",0.1902997195955507,-6055.928516979869,0.0051095822579580175,0.007346806776912082,5,0.7012579453913524
927,"normalized_vrp, pcr_zscore, iv_percentile_rank, fg, pct_fg",0.28514596312108786,-6301.048086289276,0.003814748033269253,0.007051137091174953,5,0.6666207664480132
928,"normalized_vrp, pcr_zscore, relative_pcr, rsi20, fg",0.03473963618644411,-5524.74430615066,0.002033774808327387,0.00528096131634265,5,0.2381171170191828
929,"normalized_vrp, pcr_zscore, relative_pcr, rsi20, pct_fg",0.13508133644625622,-1927.1584470960224,0.004963821951737399,0.008093928090274738,5,0.6314635316199961
930,"normalized_vrp, pcr_zscore, relative_pcr, fg, pct_fg",0.3539790687029708,-2186.8614627450156,0.010662320833668595,0.008836115531714418,5,1.4202111520698302
931,"normalized_vrp, pcr_zscore, rsi20, fg, pct_fg",0.2673605029581972,-5537.980325921549,0.0054651412911705935,0.00010709273966011401,5,0.8138746320752566
932,"normalized_vrp, vol_of_vol, trend_strength, iv_percentile_rank, relative_pcr",0.09800964410885041,-5421.901074215407,0.0013900532470889839,0.0026268835287349477,5,0.2370149688177488
933,"normalized_vrp, vol_of_vol, trend_strength, iv_percentile_rank, rsi20",0.2854967669747007,-8122.206703102273,0.0019328913859446484,0.008392990192798024,5,0.47878590556916556
934,"normalized_vrp, vol_of_vol, trend_strength, iv_percentile_rank, fg",0.10117727524693448,-9053.604845126012,0.0025754301348624963,0.009216615561295927,5,0.3587202887331841
935,"normalized_vrp, vol_of_vol, trend_strength, iv_percentile_rank, pct_fg",0.033972028385744694,-5267.929175825433,0.001120287544007061,0.0032199949111621183,5,0.1460007827864508
936,"normalized_vrp, vol_of_vol, trend_strength, relative_pcr, rsi20",0.0631511767155841,-4563.01067244478,0.0018362745200907347,0.0066810924055546944,5,0.24677862872465756
937,"normalized_vrp, vol_of_vol, trend_strength, relative_pcr, fg",0.2248171365234142,-4911.975372747509,0.007150910321778333,0.019672034703914543,5,0.9399081687012475
938,"normalized_vrp, vol_of_vol, trend_strength, relative_pcr, pct_fg",-0.10744178515832133,-1414.6721061128226,0.0174976678584721,0.00700785281210771,5,1.6423250006888888
939,"normalized_vrp, vol_of_vol, trend_strength, rsi20, fg",0.11320013269251503,-8186.843139612732,0.007192787392508911,0.008482386063180851,5,0.8324788719434061
940,"normalized_vrp, vol_of_vol, trend_strength, rsi20, pct_fg",0.23212536450929902,-4505.63971643605,0.003312473515848599,0.006598845440352851,5,0.563372716094159
941,"normalized_vrp, vol_of_vol, trend_strength, fg, pct_fg",0.24934515354231684,-4833.157677928319,0.004352313264085475,0.00010709273966011401,5,0.6845764799508643
942,"normalized_vrp, vol_of_vol, iv_percentile_rank, relative_pcr, rsi20",0.12242455104940263,-7747.041833517792,0.001988119012346586,0.003142554282112699,5,0.3212364522840612
943,"normalized_vrp, vol_of_vol, iv_percentile_rank, relative_pcr, fg",0.10696463265939071,-8016.987520047356,0.0012475645174626982,0.006275759591219841,5,0.23172108440566053
944,"normalized_vrp, vol_of_vol, iv_percentile_rank, relative_pcr, pct_fg",0.02270675934379884,-4317.682402593064,0.0023194023917452403,0.006599823521539991,5,0.25464699851832284
945,"normalized_vrp, vol_of_vol, iv_percentile_rank, rsi20, fg",0.11265793727141755,-11394.031218626076,0.007668330635517829,0.006412318826739464,5,0.8794910008232004
946,"normalized_vrp, vol_of_vol, iv_percentile_rank, rsi20, pct_fg",0.13163685044298087,-7675.992932510506,0.0026663608579879728,0.0041720516151847265,5,0.3982729362417782
947,"normalized_vrp, vol_of_vol, iv_percentile_rank, fg, pct_fg",0.23562816878194315,-7755.360899429693,0.00321740062396543,0.019625184310153043,5,0.5573682311784862
948,"normalized_vrp, vol_of_vol, relative_pcr, rsi20, fg",0.14228348397302445,-7352.858495953809,0.006607184078298251,0.004871955861635874,5,0.8030018918028495
949,"normalized_vrp, vol_of_vol, relative_pcr, rsi20, pct_fg",0.13080341198911738,-3727.780454152108,0.004352738173764437,0.008568412684778379,5,0.5660772293655612
950,"normalized_vrp, vol_of_vol, relative_pcr, fg, pct_fg",0.3940981504785365,-3800.6627329477333,0.0042918982601191855,0.00010709273966011401,5,0.823287976490455
951,"normalized_vrp, vol_of_vol, rsi20, fg, pct_fg",0.23573149134736543,-7064.521104532311,0.010415700663835332,0.006771684898978695,5,1.2773015577308986
952,"normalized_vrp, trend_strength, iv_percentile_rank, relative_pcr, rsi20",0.13860404492155978,-5451.59412735238,0.0020375206403454253,0.004989241977283528,5,0.3423561089561023
953,"normalized_vrp, trend_strength, iv_percentile_rank, relative_pcr, fg",0.13889443024914247,-5936.734454036634,0.0017577362166747172,0.0051126216171332615,5,0.3146680519166142
954,"normalized_vrp, trend_strength, iv_percentile_rank, relative_pcr, pct_fg",0.0829195555757009,-2238.685875263134,0.003762504786483453,0.0077351589036798755,5,0.4591700342240462
955,"normalized_vrp, trend_strength, iv_percentile_rank, rsi20, fg",0.08658688332962537,-9203.468312818673,0.005925669645739453,0.007200891267931143,5,0.6791538479035707
956,"normalized_vrp, trend_strength, iv_percentile_rank, rsi20, pct_fg",0.16753596176323238,-5417.153929921214,0.005395432602760305,0.016438010902439897,5,0.7070792220392629
957,"normalized_vrp, trend_strength, iv_percentile_rank, fg, pct_fg",0.29027024815004726,-5778.48414265105,0.0031689628018659924,0.007051137091174953,5,0.6071665283366465
958,"normalized_vrp, trend_strength, relative_pcr, rsi20, fg",0.04478904302924918,-5056.050227044528,0.005201622012893195,0.007304900505807088,5,0.5649512443185686
959,"normalized_vrp, trend_strength, relative_pcr, rsi20, pct_fg",0.2738781831803795,-1271.6081615561263,0.0020728557311478126,0.006588864141132952,5,0.4811637562951607
960,"normalized_vrp, trend_strength, relative_pcr, fg, pct_fg",0.3612403547787283,-1758.559145105601,0.010717668643048205,0.007051137091174953,5,1.4330072190835486
961,"normalized_vrp, trend_strength, rsi20, fg, pct_fg",0.23513256936271773,-4860.166950709205,0.011559576542423733,0.006771684898978695,5,1.391090223605091
962,"normalized_vrp, iv_percentile_rank, relative_pcr, rsi20, fg",0.09243716495840343,-8379.586218009665,0.006327571252574647,0.007840654920060176,5,0.7251942902158681
963,"normalized_vrp, iv_percentile_rank, relative_pcr, rsi20, pct_fg",0.19207790849983097,-4638.635184661562,0.005115335855217175,0.0029068015501546376,5,0.7036114940215485
964,"normalized_vrp, iv_percentile_rank, relative_pcr, fg, pct_fg",0.282664858739256,-4775.627876440508,0.0029293453578475414,0.007051137091174953,5,0.5755993945240101
965,"normalized_vrp, iv_percentile_rank, rsi20, fg, pct_fg",0.046214017475827325,-8117.97573037131,0.012644083298281757,0.006771684898978695,5,1.310622347304003
966,"normalized_vrp, relative_pcr, rsi20, fg, pct_fg",0.28228367497939844,-3986.300308581723,0.0046734187607039655,0.007051137091174953,5,0.749625551049795
967,"pcr_zscore, vol_of_vol, trend_strength, iv_percentile_rank, relative_pcr",0.13040967282794538,-6458.562749800017,0.0012188259654793315,0.006208566980523963,5,0.2522922693758785
968,"pcr_zscore, vol_of_vol, trend_strength, iv_percentile_rank, rsi20",0.176176935894289,-9701.169902945785,0.002248337862725713,0.008584001944910756,5,0.4010107221668603
969,"pcr_zscore, vol_of_vol, trend_strength, iv_percentile_rank, fg",0.11012708812857525,-10113.51736456981,0.0014488867062260654,0.006771209573380016,5,0.25501575875118176
970,"pcr_zscore, vol_of_vol, trend_strength, iv_percentile_rank, pct_fg",0.1087781742773768,-6424.678831140203,0.00446041033686259,0.0056657249986749115,5,0.5548192079636358
971,"pcr_zscore, vol_of_vol, trend_strength, relative_pcr, rsi20",0.07759348427118255,-5418.28324117388,0.0015109873222236103,0.006176441927453057,5,0.2286922164935436
972,"pcr_zscore, vol_of_vol, trend_strength, relative_pcr, fg",0.25315824560600025,-5748.827008723232,0.007508776424087147,0.019672034703914543,5,1.0040358880147149
973,"pcr_zscore, vol_of_vol, trend_strength, relative_pcr, pct_fg",-0.0983120538029078,-2231.8815461370577,0.0020999762623550603,0.003321976717534773,5,0.11168557243259822
974,"pcr_zscore, vol_of_vol, trend_strength, rsi20, fg",0.05661141717066635,-9125.098924227588,0.002572439028851808,0.004530919948923195,5,0.31385532005584715
975,"pcr_zscore, vol_of_vol, trend_strength, rsi20, pct_fg",0.2894007815270214,-5447.816481649659,0.004609545785527939,0.0061500559730354705,5,0.7503553600798154
976,"pcr_zscore, vol_of_vol, trend_strength, fg, pct_fg",0.2762028621140088,-5819.708183387451,0.0037358499220444463,0.00010709273966011401,5,0.6497878543184534
977,"pcr_zscore, vol_of_vol, iv_percentile_rank, relative_pcr, rsi20",0.11593315569024534,-8630.286147880552,0.0029698212244585395,0.0048392766940330905,5,0.4129152781360993
978,"pcr_zscore, vol_of_vol, iv_percentile_rank, relative_pcr, fg",0.11019126932010061,-9083.523177784135,0.0014488867062260654,0.006771209573380016,5,0.25507993994270717
979,"pcr_zscore, vol_of_vol, iv_percentile_rank, relative_pcr, pct_fg",0.11565939149662886,-5410.329882560741,0.0003691063910989691,0.0069369548343832105,5,0.15257003060652577
980,"pcr_zscore, vol_of_vol, iv_percentile_rank, rsi20, fg",0.12278192653427818,-12276.37735714591,0.006577570509405348,0.019672034703914543,5,0.780538977474813
981,"pcr_zscore, vol_of_vol, iv_percentile_rank, rsi20, pct_fg",0.34457186358973235,-8866.549319476073,0.0036443336801538534,0.009733647510340029,5,0.7090052316051176
982,"pcr_zscore, vol_of_vol, iv_percentile_rank, fg, pct_fg",0.2811678429692548,-9079.465897203876,0.0025125129564310565,0.001595746032824117,5,0.5324191386123605
983,"pcr_zscore, vol_of_vol, relative_pcr, rsi20, fg",0.15497308633460544,-8057.131623869249,0.005914888785714444,0.019672034703914543,5,0.7464619649060498
984,"pcr_zscore, vol_of_vol, relative_pcr, rsi20, pct_fg",0.1128583811949022,-4673.485698014517,0.006997195155017994,0.008572387037706382,5,0.8125778966967017
985,"pcr_zscore, vol_of_vol, relative_pcr, fg, pct_fg",0.445001929879709,-4839.969269867504,0.005289993486867147,0.009259425210020251,5,0.9740012785664237
986,"pcr_zscore, vol_of_vol, rsi20, fg, pct_fg",0.18764382070231164,-8155.937280361207,0.005575374704497638,0.00010709273966011401,5,0.7451812911520755
987,"pcr_zscore, trend_strength, iv_percentile_rank, relative_pcr, rsi20",0.10620891136411494,-6344.764857759555,0.0015937853984338982,0.00456394375427008,5,0.26558745120750477
988,"pcr_zscore, trend_strength, iv_percentile_rank, relative_pcr, fg",0.12262652754748525,-6853.621340921034,0.0038226880357528394,0.006539773870981022,5,0.5048953311227692
989,"pcr_zscore, trend_strength, iv_percentile_rank, relative_pcr, pct_fg",0.10936374489514429,-3209.8816658711025,0.0035122318743718685,0.003253024633825005,5,0.4605869323323311
990,"pcr_zscore, trend_strength, iv_percentile_rank, rsi20, fg",0.13209262593190738,-9999.942966095268,0.00638857887061739,0.019672034703914543,5,0.7709505129936464
991,"pcr_zscore, trend_strength, iv_percentile_rank, rsi20, pct_fg",0.28499064594173446,-6591.855363334941,0.0026294451552385184,0.00732743793130574,5,0.5479351614655863
992,"pcr_zscore, trend_strength, iv_percentile_rank, fg, pct_fg",0.3163252513726408,-6842.6133556377445,0.0033445212058144103,0.00435627972710695,5,0.6507773719540818
993,"pcr_zscore, trend_strength, relative_pcr, rsi20, fg",0.060424949985686094,-5830.448548418152,0.002182451299398643,0.003467835326068154,5,0.27867007992555043
994,"pcr_zscore, trend_strength, relative_pcr, rsi20, pct_fg",0.13742584626961307,-2217.7023869059017,0.004013163514566608,0.0060101770335076144,5,0.5387421977262739
995,"pcr_zscore, trend_strength, relative_pcr, fg, pct_fg",0.3049267543107124,-2607.360125462745,0.004068852667402353,0.00010709273966011401,5,0.7118120210509478
996,"pcr_zscore, trend_strength, rsi20, fg, pct_fg",0.2429940172076503,-6046.553359025269,0.034323927709607745,0.00010709273966011401,5,3.675386788168425
997,"pcr_zscore, iv_percentile_rank, relative_pcr, rsi20, fg",0.13214717007051177,-9055.35077251864,0.00638857887061739,0.019672034703914543,5,0.7710050571322508
998,"pcr_zscore, iv_percentile_rank, relative_pcr, rsi20, pct_fg",0.14395562605787085,-5624.493539170745,0.002210787218161963,0.008405763088345295,5,0.3650343478740672
999,"pcr_zscore, iv_percentile_rank, relative_pcr, fg, pct_fg",0.3432438644176538,-5799.297827031276,0.0032571422833306335,0.00047463598835520773,5,0.6689580927507172
1000,"pcr_zscore, iv_percentile_rank, rsi20, fg, pct_fg",0.17517611902563465,-9195.179244046401,0.004200446961069122,0.00010709273966011401,5,0.5952208151325469
1001,"pcr_zscore, relative_pcr, rsi20, fg, pct_fg",0.22162403465005598,-4923.964053414837,0.004107097353015612,0.00010709273966011401,5,0.6323337699516172
1002,"vol_of_vol, trend_strength, iv_percentile_rank, relative_pcr, rsi20",0.17366534479302717,-8287.2493717407,0.0014045683031674526,0.00654384452889173,5,0.3141221751097725
1003,"vol_of_vol, trend_strength, iv_percentile_rank, relative_pcr, fg",0.10253332251178315,-8688.18276917646,0.0017518309572812961,0.005157441739575174,5,0.2777164182399128
1004,"vol_of_vol, trend_strength, iv_percentile_rank, relative_pcr, pct_fg",0.10055113551494725,-4999.017180871793,0.001883367690949861,0.0010648139549564927,5,0.28888790460993335
1005,"vol_of_vol, trend_strength, iv_percentile_rank, rsi20, fg",0.12260959510898707,-11675.954846424413,0.0070107721873143795,0.019672034703914543,5,0.823686813840425
1006,"vol_of_vol, trend_strength, iv_percentile_rank, rsi20, pct_fg",0.36113372346472733,-8249.562865953367,0.003601382855433878,0.009477177412881552,5,0.7212720090081151
1007,"vol_of_vol, trend_strength, iv_percentile_rank, fg, pct_fg",0.3011234244532171,-8495.042703815356,0.003055241434584895,0.00435627972710695,5,0.6066475679117066
1008,"vol_of_vol, trend_strength, relative_pcr, rsi20, fg",0.08929371341687639,-7740.625757269664,0.0030192654884268993,0.006022066804122301,5,0.3912202622595663
1009,"vol_of_vol, trend_strength, relative_pcr, rsi20, pct_fg",0.1053273392432309,-4169.790523932908,0.000735879081288442,0.006769099412626152,5,0.1789152473720751
1010,"vol_of_vol, trend_strength, relative_pcr, fg, pct_fg",0.31690900986787884,-4382.363008459688,0.0037003215820524005,0.00010709273966011401,5,0.6869411680731189
1011,"vol_of_vol, trend_strength, rsi20, fg, pct_fg",0.18669445720487027,-7535.177652232575,0.0035580703196862007,0.0043306939957879435,5,0.5425014891734903
1012,"vol_of_vol, iv_percentile_rank, relative_pcr, rsi20, fg",0.12349096403242871,-10847.555408246295,0.007191503397847021,0.019672034703914543,5,0.8426413038171308
1013,"vol_of_vol, iv_percentile_rank, relative_pcr, rsi20, pct_fg",0.31005230379672744,-7451.496163306314,0.002692956468848848,0.0086466544424493,5,0.5793479506816122
1014,"vol_of_vol, iv_percentile_rank, relative_pcr, fg, pct_fg",0.28149380722568373,-7525.970712656915,0.002550762793575081,0.0011902005855221982,5,0.5365700865831918
1015,"vol_of_vol, iv_percentile_rank, rsi20, fg, pct_fg",0.18272920040542445,-10723.573176360962,0.004048793116004298,0.00010709273966011401,5,0.5876085120058543
1016,"vol_of_vol, relative_pcr, rsi20, fg, pct_fg",0.21006171298506388,-6728.168921111925,0.006363751709535525,0.00010709273966011401,5,0.8464368839386163
1017,"trend_strength, iv_percentile_rank, relative_pcr, rsi20, fg",0.1281922738853948,-8618.22565988949,0.006381319181763977,0.019672034703914543,5,0.7663241920617925
1018,"trend_strength, iv_percentile_rank, relative_pcr, rsi20, pct_fg",0.24010337501312431,-5283.493980895177,0.004823862039559597,0.005427066106507507,5,0.722489578969084
1019,"trend_strength, iv_percentile_rank, relative_pcr, fg, pct_fg",0.3353668170502222,-5396.374881026252,0.002875445795710472,0.00435627972710695,5,0.6229113966212694
1020,"trend_strength, iv_percentile_rank, rsi20, fg, pct_fg",0.13275422497312958,-8630.004443355792,0.003514186135430451,0.00010709273966011401,5,0.48417283851617465
1021,"trend_strength, relative_pcr, rsi20, fg, pct_fg",0.3571902118342935,-4471.165706035096,0.0045907940074993644,0.0007545820097226057,5,0.8162696125842299
1022,"iv_percentile_rank, relative_pcr, rsi20, fg, pct_fg",0.1558290231761767,-7798.141452621401,0.004178181710684166,0.00010709273966011401,5,0.5736471942445933
1023,"pcr, iv_skew, normalized_vrp, pcr_zscore, vol_of_vol, trend_strength",-0.00253186360035583,-2421.7615849146546,0.004477636875176902,0.006473706367937335,6,0.4452318239173344
1024,"pcr, iv_skew, normalized_vrp, pcr_zscore, vol_of_vol, iv_percentile_rank",0.1894594746859455,-6204.545431631537,0.004442578614914474,0.004671196623271598,6,0.6337173361773929
1025,"pcr, iv_skew, normalized_vrp, pcr_zscore, vol_of_vol, relative_pcr",-0.03492060554493487,-2095.918042592551,0.002882151051074237,0.001191311742539376,6,0.25329449956248884
1026,"pcr, iv_skew, normalized_vrp, pcr_zscore, vol_of_vol, rsi20",0.06435800902472578,-5360.073630872226,0.004720123396993612,0.00917565192939397,6,0.5363703487240871
1027,"pcr, iv_skew, normalized_vrp, pcr_zscore, vol_of_vol, fg",0.0701259055332906,-5159.642725439717,0.0022014848593035173,0.005406880259138021,6,0.2902743914636423
1028,"pcr, iv_skew, normalized_vrp, pcr_zscore, vol_of_vol, pct_fg",-0.04019149029165948,-1934.969336969198,0.003706819837555371,0.00658149991828446,6,0.33049049346387765
1029,"pcr, iv_skew, normalized_vrp, pcr_zscore, trend_strength, iv_percentile_rank",0.17133833976482282,-3642.327354697981,0.0011731237891450335,0.004413011950186167,6,0.2886507186793262
1030,"pcr, iv_skew, normalized_vrp, pcr_zscore, trend_strength, relative_pcr",-0.016126113603509806,372.59793410026896,0.004277210933253525,0.0019413962239025109,6,0.41159497972184267
1031,"pcr, iv_skew, normalized_vrp, pcr_zscore, trend_strength, rsi20",0.09068497870046363,-2937.001059589303,0.002893077689476986,0.002062406529136862,6,0.37999274764816227
1032,"pcr, iv_skew, normalized_vrp, pcr_zscore, trend_strength, fg",0.3199981480593069,-2801.9414703159073,0.009410018481661977,0.0032099020472980476,6,1.2609999962255045
1033,"pcr, iv_skew, normalized_vrp, pcr_zscore, trend_strength, pct_fg",0.25225325432688805,476.8587672870292,0.004209512355203594,0.004769523731343391,6,0.6732044898472475
1034,"pcr, iv_skew, normalized_vrp, pcr_zscore, iv_percentile_rank, relative_pcr",0.1624603845717632,-2966.1502912443607,0.003998577286612992,0.014638413672030419,6,0.5623181132330624
1035,"pcr, iv_skew, normalized_vrp, pcr_zscore, iv_percentile_rank, rsi20",0.08625287204671057,-6087.205612090163,0.002421125860157866,0.008135657838742214,6,0.3283654580624972
1036,"pcr, iv_skew, normalized_vrp, pcr_zscore, iv_percentile_rank, fg",0.1277948258416852,-6514.806563122295,0.001954082318768506,0.00608669337288377,6,0.3232030577185358
1037,"pcr, iv_skew, normalized_vrp, pcr_zscore, iv_percentile_rank, pct_fg",0.02013617661243463,-2824.5295383082407,0.003207924444997243,0.0044141178205078565,6,0.34092862111215894
1038,"pcr, iv_skew, normalized_vrp, pcr_zscore, relative_pcr, rsi20",0.008748925745711617,-1960.9950159981158,0.0009745486763585303,0.005751541933385689,6,0.10620379338156465
1039,"pcr, iv_skew, normalized_vrp, pcr_zscore, relative_pcr, fg",0.23132612234151761,-1911.6139613891012,0.007374725394041977,0.003724072683591447,6,0.9687986617457154
1040,"pcr, iv_skew, normalized_vrp, pcr_zscore, relative_pcr, pct_fg",0.03910282970828441,1131.3146133531022,0.00197138511912202,0.0025369475531520037,6,0.2362413416204864
1041,"pcr, iv_skew, normalized_vrp, pcr_zscore, rsi20, fg",0.08182226213660497,-5567.4003778787455,0.0051942070809524905,0.0,6,0.601242970231854
1042,"pcr, iv_skew, normalized_vrp, pcr_zscore, rsi20, pct_fg",0.36647858426857827,-1884.4016562201161,0.005737354136457102,0.007803999451754732,6,0.9402139979142884
1043,"pcr, iv_skew, normalized_vrp, pcr_zscore, fg, pct_fg",0.3410610312000702,-2294.484073174293,0.011345924853637465,0.004123799831975276,6,1.4756535165638167
1044,"pcr, iv_skew, normalized_vrp, vol_of_vol, trend_strength, iv_percentile_rank",0.13887348182119938,-5704.385132248998,0.0034773737909468455,0.01410101241502905,6,0.4866108609158839
1045,"pcr, iv_skew, normalized_vrp, vol_of_vol, trend_strength, relative_pcr",-0.04935585789748976,-1266.3001024445841,0.004857539721584946,0.010673938942512787,6,0.43639811426100483
1046,"pcr, iv_skew, normalized_vrp, vol_of_vol, trend_strength, rsi20",0.06843088804096742,-4802.473888190266,0.0028043947438011075,0.0033825059434259884,6,0.34887036242107816
1047,"pcr, iv_skew, normalized_vrp, vol_of_vol, trend_strength, fg",0.22619097964088727,-5160.057214012552,0.00681996380564605,0.00010709273966011401,6,0.9081873602054923
1048,"pcr, iv_skew, normalized_vrp, vol_of_vol, trend_strength, pct_fg",-0.028642357426742156,-1348.614553237661,0.004070092421051546,0.005561755474029095,6,0.37836688467841245
1049,"pcr, iv_skew, normalized_vrp, vol_of_vol, iv_percentile_rank, relative_pcr",0.1450884190537858,-4845.259350085063,0.0016353969717971487,0.002126149713286684,6,0.30862811623350067
1050,"pcr, iv_skew, normalized_vrp, vol_of_vol, iv_percentile_rank, rsi20",0.08431176170153022,-7905.022698121993,0.0036106530025196417,0.009791876391764865,6,0.44537706195349436
1051,"pcr, iv_skew, normalized_vrp, vol_of_vol, iv_percentile_rank, fg",0.10999521211984362,-8444.353523597474,0.0016311266549315355,0.007973334247146613,6,0.27310787761299715
1052,"pcr, iv_skew, normalized_vrp, vol_of_vol, iv_percentile_rank, pct_fg",0.06237636123971192,-4738.417677738358,0.002395851419067097,0.002277300786737645,6,0.3019615031464216
1053,"pcr, iv_skew, normalized_vrp, vol_of_vol, relative_pcr, rsi20",0.06446853518216976,-4012.3663857839974,0.004351649609694446,0.00793385757833397,6,0.49963349615161434
1054,"pcr, iv_skew, normalized_vrp, vol_of_vol, relative_pcr, fg",0.1731647111114462,-3859.1132616838136,0.007688860558913558,0.005941351833915977,6,0.942050767002802
1055,"pcr, iv_skew, normalized_vrp, vol_of_vol, relative_pcr, pct_fg",0.14355348220359193,-886.9988531711556,0.002152434703957791,0.005521326996135327,6,0.35879695259937106
1056,"pcr, iv_skew, normalized_vrp, vol_of_vol, rsi20, fg",0.1289124639670079,-7547.312322411831,0.0058607751302776085,0.008482386063180851,6,0.7149899769947687
1057,"pcr, iv_skew, normalized_vrp, vol_of_vol, rsi20, pct_fg",0.19937828909323035,-3886.2444091666016,0.005122563112923273,0.005156783143888167,6,0.7116346003855576
1058,"pcr, iv_skew, normalized_vrp, vol_of_vol, fg, pct_fg",0.01691907824860259,-4336.863034465516,0.004315342683686132,0.007472502581904908,6,0.4484533466172158
1059,"pcr, iv_skew, normalized_vrp, trend_strength, iv_percentile_rank, relative_pcr",0.17150083223503382,-2588.859348500259,0.0017964616314658044,0.012965737961278619,6,0.35114699538161426
1060,"pcr, iv_skew, normalized_vrp, trend_strength, iv_percentile_rank, rsi20",0.08579322224221139,-5529.658914464732,0.003028871094269639,0.008288154643261441,6,0.38868033166917526
1061,"pcr, iv_skew, normalized_vrp, trend_strength, iv_percentile_rank, fg",0.1343469576036616,-6155.08797266787,0.0013760793635525567,0.007973334247146613,6,0.27195489395891725
1062,"pcr, iv_skew, normalized_vrp, trend_strength, iv_percentile_rank, pct_fg",0.04943086130587345,-2461.6717243404287,0.0031969887713123794,0.009685142000936175,6,0.3691297384371114
1063,"pcr, iv_skew, normalized_vrp, trend_strength, relative_pcr, rsi20",0.11670518151152193,-1506.2023425653977,0.006292857234892315,0.0007679670355902179,6,0.7459909050007534
1064,"pcr, iv_skew, normalized_vrp, trend_strength, relative_pcr, fg",0.16060030027223998,-2193.881524555931,0.006473276051719944,0.008482386063180851,6,0.8079279054442343
1065,"pcr, iv_skew, normalized_vrp, trend_strength, relative_pcr, pct_fg",0.2812341106559225,1774.312655801127,0.005021666643221453,0.004148400444263784,6,0.7834007749780678
1066,"pcr, iv_skew, normalized_vrp, trend_strength, rsi20, fg",0.10018827353024123,-5281.656905428646,0.005358323484537026,0.008667888951677217,6,0.6360206219839437
1067,"pcr, iv_skew, normalized_vrp, trend_strength, rsi20, pct_fg",0.39212399238949,-1134.8088782540144,0.0053188759406445785,0.00895844192185257,6,0.9240115864539478
1068,"pcr, iv_skew, normalized_vrp, trend_strength, fg, pct_fg",0.3343103336216344,-1965.417724627194,0.012396835928156855,0.004123799831975276,6,1.57399392643732
1069,"pcr, iv_skew, normalized_vrp, iv_percentile_rank, relative_pcr, rsi20",0.10735055354979901,-4761.394389980448,0.002194773637480843,0.008241248296162748,6,0.3268279172978833
1070,"pcr, iv_skew, normalized_vrp, iv_percentile_rank, relative_pcr, fg",0.14024354168487402,-5290.172879640163,0.0008388575450805503,0.004294340427730088,6,0.22412929619292904
1071,"pcr, iv_skew, normalized_vrp, iv_percentile_rank, relative_pcr, pct_fg",0.08898714397635774,-1738.1852393955003,0.0030076269382897894,0.008937565636497122,6,0.3897498378053367
1072,"pcr, iv_skew, normalized_vrp, iv_percentile_rank, rsi20, fg",0.10412258574523882,-8535.262103782043,0.006293357282475662,0.008482386063180851,6,0.733458313992805
1073,"pcr, iv_skew, normalized_vrp, iv_percentile_rank, rsi20, pct_fg",0.0794051913926493,-4602.258356626849,0.0035253681218188424,0.0057762746595372404,6,0.43194200357453355
1074,"pcr, iv_skew, normalized_vrp, iv_percentile_rank, fg, pct_fg",0.28249949308875993,-5150.072082405232,0.0034164887520252126,0.007051137091174953,6,0.6241483682912812
1075,"pcr, iv_skew, normalized_vrp, relative_pcr, rsi20, fg",0.13037076130319553,-4400.477069383993,0.005961476553140175,0.007182178427178787,6,0.7265184166172132
1076,"pcr, iv_skew, normalized_vrp, relative_pcr, rsi20, pct_fg",0.15509748916208183,-652.5197495242182,0.0011562462184929194,0.00232061182406529,6,0.2707221110113738
1077,"pcr, iv_skew, normalized_vrp, relative_pcr, fg, pct_fg",0.3343582837871524,-1111.713822502823,0.012531737893530372,0.00359906920842229,6,1.5875320731401896
1078,"pcr, iv_skew, normalized_vrp, rsi20, fg, pct_fg",0.27336659875705444,-4113.159095952575,0.011546912245604016,0.005741715240660383,6,1.428057823317456
1079,"pcr, iv_skew, pcr_zscore, vol_of_vol, trend_strength, iv_percentile_rank",0.20121738482243418,-6701.989038463301,0.0007605694844726549,0.013146208692089068,6,0.27727433326969964
1080,"pcr, iv_skew, pcr_zscore, vol_of_vol, trend_strength, relative_pcr",0.13918377202323598,-2067.762994041592,0.0026737667836363417,0.0,6,0.40656045038687016
1081,"pcr, iv_skew, pcr_zscore, vol_of_vol, trend_strength, rsi20",0.07358524562508097,-5595.079073319911,0.001419762822663824,0.0017865903277179797,6,0.21556152789146338
1082,"pcr, iv_skew, pcr_zscore, vol_of_vol, trend_strength, fg",0.22759757711242784,-6103.429684102464,0.004502907634769314,0.008151068642032445,6,0.6778883405893592
1083,"pcr, iv_skew, pcr_zscore, vol_of_vol, trend_strength, pct_fg",0.08921991158569899,-2412.6820892500873,0.002913226101004341,0.004982086358849675,6,0.38054252168613306
1084,"pcr, iv_skew, pcr_zscore, vol_of_vol, iv_percentile_rank, relative_pcr",0.18729247825830328,-5758.061786217766,0.0015442950348650657,0.006869805273725334,6,0.34172198174480983
1085,"pcr, iv_skew, pcr_zscore, vol_of_vol, iv_percentile_rank, rsi20",0.1994269790294762,-8967.65077746529,0.002193409698257013,0.010699414404576578,6,0.4187679488551775
1086,"pcr, iv_skew, pcr_zscore, vol_of_vol, iv_percentile_rank, fg",0.09903458999772168,-9351.149083027782,0.0017170695953087033,0.001191311742539376,6,0.27074154952859203
1087,"pcr, iv_skew, pcr_zscore, vol_of_vol, iv_percentile_rank, pct_fg",0.10326055637458374,-5661.890621377915,0.0034541943561678355,0.00457823304068611,6,0.4486799919913673
1088,"pcr, iv_skew, pcr_zscore, vol_of_vol, relative_pcr, rsi20",0.049306880059964475,-4737.958125343706,0.0012521452506038485,0.008063017559911938,6,0.17452140512034933
1089,"pcr, iv_skew, pcr_zscore, vol_of_vol, relative_pcr, fg",0.170455229876695,-5127.7371614843105,0.0019202889505973712,0.009751533452989479,6,0.3624841249364321
1090,"pcr, iv_skew, pcr_zscore, vol_of_vol, relative_pcr, pct_fg",0.07639394346640915,-1498.6231289933255,0.004580391337110673,0.0020523118591787076,6,0.5344330771774765
1091,"pcr, iv_skew, pcr_zscore, vol_of_vol, rsi20, fg",0.17158325509667494,-8090.229680128337,0.008429373876149643,0.00010709273966011401,6,1.014520642711639
1092,"pcr, iv_skew, pcr_zscore, vol_of_vol, rsi20, pct_fg",0.20716769782096095,-4802.378145111154,0.004812285539853364,0.008700418480572101,6,0.6883962518062974
1093,"pcr, iv_skew, pcr_zscore, vol_of_vol, fg, pct_fg",0.41035091011158825,-4973.889171902575,0.004586046687647794,0.00010709273966011401,6,0.8689555788763677
1094,"pcr, iv_skew, pcr_zscore, trend_strength, iv_percentile_rank, relative_pcr",0.14108907268158882,-3403.957577185849,0.0021470061932681002,0.0060201010457728256,6,0.35578969200839883
1095,"pcr, iv_skew, pcr_zscore, trend_strength, iv_percentile_rank, rsi20",0.22759392220381547,-6566.957733005907,0.0018654322672609534,0.0062770610159081025,6,0.4141371489299108
1096,"pcr, iv_skew, pcr_zscore, trend_strength, iv_percentile_rank, fg",0.11962142537388883,-7049.264074238768,0.0017396175151534045,0.0051732730515941065,6,0.29358317688922925
1097,"pcr, iv_skew, pcr_zscore, trend_strength, iv_percentile_rank, pct_fg",0.08333788345632227,-3491.042093783041,0.004401062899888248,0.0025455593931944243,6,0.523444173445147
1098,"pcr, iv_skew, pcr_zscore, trend_strength, relative_pcr, rsi20",0.09853858550927215,-2253.240276381911,0.0022259879442914528,0.007134251170925521,6,0.3211373799384174
1099,"pcr, iv_skew, pcr_zscore, trend_strength, relative_pcr, fg",0.2711831950049688,-2692.5412158824083,0.006608192775923892,0.00010709273966011401,6,0.9320024725973579
1100,"pcr, iv_skew, pcr_zscore, trend_strength, relative_pcr, pct_fg",0.17175839744060795,907.7621640665428,0.0026506747178259705,0.005035886026959877,6,0.436825869223205
1101,"pcr, iv_skew, pcr_zscore, trend_strength, rsi20, fg",0.09879766059640392,-5873.395754250834,0.0036863500466279486,0.0055837758548284945,6,0.4674326652591988
1102,"pcr, iv_skew, pcr_zscore, trend_strength, rsi20, pct_fg",0.3767346316922354,-2117.2731655265115,0.004271651337211595,0.00537349966258121,6,0.8038997654133949
1103,"pcr, iv_skew, pcr_zscore, trend_strength, fg, pct_fg",0.2868380690257163,-2556.093017186222,0.004002517059624815,0.00010709273966011401,6,0.6870897749881978
1104,"pcr, iv_skew, pcr_zscore, iv_percentile_rank, relative_pcr, rsi20",0.16735256147675584,-5640.215149789871,0.003382062829924651,0.006963990871560306,6,0.505558844469221
1105,"pcr, iv_skew, pcr_zscore, iv_percentile_rank, relative_pcr, fg",0.12407718249042479,-6069.625416759854,0.004271370174278063,0.0027339163278239124,6,0.5512141999182312
1106,"pcr, iv_skew, pcr_zscore, iv_percentile_rank, relative_pcr, pct_fg",0.14960941471222858,-2520.1827645939825,0.0021697341706328525,0.0011255771599442818,6,0.3665828317755138
1107,"pcr, iv_skew, pcr_zscore, iv_percentile_rank, rsi20, fg",0.13008166457596843,-9101.431938433885,0.008126641525003454,0.0,6,0.9427458170763139
1108,"pcr, iv_skew, pcr_zscore, iv_percentile_rank, rsi20, pct_fg",0.18200889614507837,-5773.674759910177,0.001845411248442418,0.005339325018918429,6,0.3665500209893202
1109,"pcr, iv_skew, pcr_zscore, iv_percentile_rank, fg, pct_fg",0.32552961998458496,-5992.591602023882,0.0036769521442599935,0.00010709273966011401,6,0.6932248344105842
1110,"pcr, iv_skew, pcr_zscore, relative_pcr, rsi20, fg",0.09703177366791402,-4966.540733250178,0.0027769375362196643,0.004420882535433753,6,0.3747255272898804
1111,"pcr, iv_skew, pcr_zscore, relative_pcr, rsi20, pct_fg",0.1961275289036751,-1400.3011429285757,0.0027940645133232283,0.007327066066847879,6,0.4755339802359979
1112,"pcr, iv_skew, pcr_zscore, relative_pcr, fg, pct_fg",0.2914023135495767,-1738.8436145945007,0.005174875108529285,0.00010709273966011401,6,0.8088898244025052
1113,"pcr, iv_skew, pcr_zscore, rsi20, fg, pct_fg",0.24597436669387404,-4901.533330200113,0.00350001758934151,0.009823295895773116,6,0.595976125628025
1114,"pcr, iv_skew, vol_of_vol, trend_strength, iv_percentile_rank, relative_pcr",0.14854909525894677,-5382.334188232737,0.0033044175714503445,0.007488904561794706,6,0.4789908524039812
1115,"pcr, iv_skew, vol_of_vol, trend_strength, iv_percentile_rank, rsi20",0.19731163681397215,-8381.370630677784,0.0022212831327751816,0.005946808088224262,6,0.4194399500914903
1116,"pcr, iv_skew, vol_of_vol, trend_strength, iv_percentile_rank, fg",0.11091726609117958,-8966.938016566384,0.0012134041139472457,0.006539773870981022,6,0.23225767748590415
1117,"pcr, iv_skew, vol_of_vol, trend_strength, iv_percentile_rank, pct_fg",0.15384447045130134,-5263.57348663706,0.0023279219123953747,0.004751027230740773,6,0.3866366616908388
1118,"pcr, iv_skew, vol_of_vol, trend_strength, relative_pcr, rsi20",0.1576308016133901,-4263.4947576346985,0.0029837218026151583,0.013168006377142978,6,0.45600298187490595
1119,"pcr, iv_skew, vol_of_vol, trend_strength, relative_pcr, fg",0.22535421363449173,-4893.328969277535,0.004536820727367222,0.0032173744550602025,6,0.6790362863712139
1120,"pcr, iv_skew, vol_of_vol, trend_strength, relative_pcr, pct_fg",0.05992722920975862,-1224.380252392945,0.004494281718720038,0.010707639313557647,6,0.5093554010817624
1121,"pcr, iv_skew, vol_of_vol, trend_strength, rsi20, fg",0.08888689634550653,-7839.244471098379,0.0029999005275483377,0.012527847352208564,6,0.3888769491003403
1122,"pcr, iv_skew, vol_of_vol, trend_strength, rsi20, pct_fg",0.1539259733853835,-4164.485531961631,0.003281150011181129,0.008581062086041369,6,0.48204097450349637
1123,"pcr, iv_skew, vol_of_vol, trend_strength, fg, pct_fg",0.3768952267810718,-4662.9265085726765,0.0034504127964764073,0.00010709273966011401,6,0.7219365064287125
1124,"pcr, iv_skew, vol_of_vol, iv_percentile_rank, relative_pcr, rsi20",0.20302089945445462,-7623.351403346061,0.0021150369460698534,0.006317661280530397,6,0.41452459406143993
1125,"pcr, iv_skew, vol_of_vol, iv_percentile_rank, relative_pcr, fg",0.09698249718646891,-8096.817103428363,0.0023195094724649287,0.001191311742539376,6,0.3289334444329618
1126,"pcr, iv_skew, vol_of_vol, iv_percentile_rank, relative_pcr, pct_fg",0.14848936893672057,-4525.280936233598,0.001091724728476142,0.0036222684716952763,6,0.25766184178433477
1127,"pcr, iv_skew, vol_of_vol, iv_percentile_rank, rsi20, fg",0.11906690733561345,-10994.312513508467,0.006247284833949205,0.00010709273966011401,6,0.7437953907305339
1128,"pcr, iv_skew, vol_of_vol, iv_percentile_rank, rsi20, pct_fg",0.18707557398866534,-7549.51675283022,0.0021320558603986775,0.004965223701319332,6,0.4002811600285331
1129,"pcr, iv_skew, vol_of_vol, iv_percentile_rank, fg, pct_fg",0.2974172848401564,-7927.426905940531,0.002549086681013043,0.0011902005855221982,6,0.5523259529414607
1130,"pcr, iv_skew, vol_of_vol, relative_pcr, rsi20, fg",0.15342205656846908,-6874.317501880465,0.005990094096893267,0.00010709273966011401,6,0.7524314662577958
1131,"pcr, iv_skew, vol_of_vol, relative_pcr, rsi20, pct_fg",0.16121239214726243,-3567.949484053456,0.0031438321867451554,0.0036827647822835707,6,0.4755956108217779
1132,"pcr, iv_skew, vol_of_vol, relative_pcr, fg, pct_fg",0.4104352331754405,-3833.743450312527,0.004752318370458588,0.005346594873908631,6,0.8856670702212992
1133,"pcr, iv_skew, vol_of_vol, rsi20, fg, pct_fg",0.27026838583959056,-6821.858161296115,0.004200873844578626,0.00010709273966011401,6,0.6903557702974532
1134,"pcr, iv_skew, trend_strength, iv_percentile_rank, relative_pcr, rsi20",0.24082288819615155,-5238.292461656901,0.0020095434347697145,0.006233733344376269,6,0.441777231673123
1135,"pcr, iv_skew, trend_strength, iv_percentile_rank, relative_pcr, fg",0.1201870244708508,-5826.451754075514,0.0014880875195359088,0.005833824354994588,6,0.2689957764244417
1136,"pcr, iv_skew, trend_strength, iv_percentile_rank, relative_pcr, pct_fg",0.044161543956019955,-2082.9375260532574,0.0017644004240474898,0.0020156901169407493,6,0.22060158636076893
1137,"pcr, iv_skew, trend_strength, iv_percentile_rank, rsi20, fg",0.12362564160210499,-8750.467750886242,0.006272677808322956,0.00010709273966011401,6,0.7508934224344006
1138,"pcr, iv_skew, trend_strength, iv_percentile_rank, rsi20, pct_fg",0.11718974075969667,-4865.820904430127,0.005212506579226247,0.007924212558380026,6,0.6384403986823214
1139,"pcr, iv_skew, trend_strength, iv_percentile_rank, fg, pct_fg",0.30812047784931446,-5607.8827223687895,0.0036475411377951033,0.004992154211513101,6,0.6728745916288248
1140,"pcr, iv_skew, trend_strength, relative_pcr, rsi20, fg",0.052683342578494545,-4614.973552686772,0.0033140996107752932,0.012493426841236152,6,0.3840933036560239
1141,"pcr, iv_skew, trend_strength, relative_pcr, rsi20, pct_fg",0.40767985739214746,-772.3038095408883,0.005164116606942333,0.007867914377510754,6,0.9240915180863807
1142,"pcr, iv_skew, trend_strength, relative_pcr, fg, pct_fg",0.2855319958764493,-1356.7164843417272,0.0037177686580455995,0.00010709273966011401,6,0.6573088616810092
1143,"pcr, iv_skew, trend_strength, rsi20, fg, pct_fg",0.3329852487770938,-4416.959255321169,0.00410448299053808,0.00010709273966011401,6,0.7434335478309018
1144,"pcr, iv_skew, iv_percentile_rank, relative_pcr, rsi20, fg",0.1276065397149377,-7885.041934675986,0.007051852631971622,0.00010709273966011401,6,0.8327918029120999
1145,"pcr, iv_skew, iv_percentile_rank, relative_pcr, rsi20, pct_fg",0.20762016389367127,-4494.617263516078,0.0019202868204624365,0.005465587814026033,6,0.3996488459399149
1146,"pcr, iv_skew, iv_percentile_rank, relative_pcr, fg, pct_fg",0.35178467083410553,-4749.366816113287,0.002847242415950332,0.00010709273966011401,6,0.6365089124291388
1147,"pcr, iv_skew, iv_percentile_rank, rsi20, fg, pct_fg",0.19563498965792167,-7860.294592265691,0.0049793430523226035,0.00010709273966011401,6,0.693569294890182
1148,"pcr, iv_skew, relative_pcr, rsi20, fg, pct_fg",0.32805203036541125,-3647.389358346994,0.0038481392295885274,0.00010709273966011401,6,0.7128659533242641
1149,"pcr, normalized_vrp, pcr_zscore, vol_of_vol, trend_strength, iv_percentile_rank",0.15600483049484196,-5883.425021508258,0.004063377336717368,0.00984794434106525,6,0.5623425641665788
1150,"pcr, normalized_vrp, pcr_zscore, vol_of_vol, trend_strength, relative_pcr",0.026873515817176157,-1237.911714954249,0.004510111282691468,0.005603211438250048,6,0.477884644086323
1151,"pcr, normalized_vrp, pcr_zscore, vol_of_vol, trend_strength, rsi20",0.10596051671346202,-4393.102935816758,0.002500517087265023,0.008326938008014659,6,0.35601222543996436
1152,"pcr, normalized_vrp, pcr_zscore, vol_of_vol, trend_strength, fg",0.23010517046723042,-5204.477243136961,0.008562303768214395,0.0,6,1.08633554728867
1153,"pcr, normalized_vrp, pcr_zscore, vol_of_vol, trend_strength, pct_fg",0.09368259133596114,-1799.994894202011,0.002844797705136926,0.005603211438250048,6,0.37816236184965374
1154,"pcr, normalized_vrp, pcr_zscore, vol_of_vol, iv_percentile_rank, relative_pcr",0.10987382168493383,-4891.196944711008,0.0011046225638492969,0.0033511714214366065,6,0.22033607806986352
1155,"pcr, normalized_vrp, pcr_zscore, vol_of_vol, iv_percentile_rank, rsi20",0.13800861583272586,-8214.896566110487,0.0012006155388738999,0.009050453489604584,6,0.25807016972011587
1156,"pcr, normalized_vrp, pcr_zscore, vol_of_vol, iv_percentile_rank, fg",0.12406464510332148,-8509.625612088072,0.0008106313047125188,0.006828682806473501,6,0.20512777557457335
1157,"pcr, normalized_vrp, pcr_zscore, vol_of_vol, iv_percentile_rank, pct_fg",0.06856067428682129,-4993.248857288536,0.005108063695440939,0.0033639290073803167,6,0.5793670438309152
1158,"pcr, normalized_vrp, pcr_zscore, vol_of_vol, relative_pcr, rsi20",0.05943858147018715,-3964.9938577086036,0.00043968284223334513,0.00962059741099702,6,0.10340686569352167
1159,"pcr, normalized_vrp, pcr_zscore, vol_of_vol, relative_pcr, fg",0.23151653450176787,-4262.392570795735,0.009320435937733457,0.00010709273966011401,6,1.1635601282751136
1160,"pcr, normalized_vrp, pcr_zscore, vol_of_vol, relative_pcr, pct_fg",0.017182329739432498,-795.9131557276078,0.003634585895438522,0.008724281204419948,6,0.3806409192832847
1161,"pcr, normalized_vrp, pcr_zscore, vol_of_vol, rsi20, fg",0.14061958727701476,-7598.4725627179105,0.007591520593116226,0.007917227107143968,6,0.8997716465886374
1162,"pcr, normalized_vrp, pcr_zscore, vol_of_vol, rsi20, pct_fg",0.08443787622326616,-3958.3097215767416,0.0027330179509194577,0.011239905902944665,6,0.3577396713152119
1163,"pcr, normalized_vrp, pcr_zscore, vol_of_vol, fg, pct_fg",0.14651330998491072,-4161.091065456897,0.006096297341929588,0.003914724490210916,6,0.7561430441778695
1164,"pcr, normalized_vrp, pcr_zscore, trend_strength, iv_percentile_rank, relative_pcr",0.19471823557024714,-2653.185529935798,0.0005715321918562557,0.014638413672030419,6,0.2518714547558727
1165,"pcr, normalized_vrp, pcr_zscore, trend_strength, iv_percentile_rank, rsi20",0.15439750625706544,-5831.256846618137,0.0017459917355159517,0.009050453489604584,6,0.3289966798086606
1166,"pcr, normalized_vrp, pcr_zscore, trend_strength, iv_percentile_rank, fg",0.1422419427292196,-6201.422091450576,0.002714959286851235,0.009264333393758222,6,0.41373787141434315
1167,"pcr, normalized_vrp, pcr_zscore, trend_strength, iv_percentile_rank, pct_fg",0.03628130793162943,-2547.917761385574,0.0025870014447698254,0.007439934004795956,6,0.29498145240861195
1168,"pcr, normalized_vrp, pcr_zscore, trend_strength, relative_pcr, rsi20",0.09185728042694145,-1695.2821836277208,0.0036745320665256802,0.005739115724308842,6,0.4593104870795095
1169,"pcr, normalized_vrp, pcr_zscore, trend_strength, relative_pcr, fg",0.05819741791990969,-2170.902432896523,0.0036401995878358414,0.003405294978398625,6,0.4222173767034938
1170,"pcr, normalized_vrp, pcr_zscore, trend_strength, relative_pcr, pct_fg",0.2333075107281414,1625.3483049369972,0.004282647647491546,0.009849118273147097,6,0.661572275477296
1171,"pcr, normalized_vrp, pcr_zscore, trend_strength, rsi20, fg",0.07242093650930705,-5244.85696914295,0.004310243417361815,0.001631367391731674,6,0.5034452782454886
1172,"pcr, normalized_vrp, pcr_zscore, trend_strength, rsi20, pct_fg",0.34577219033191947,-1558.2214909473466,0.003575152207805934,0.012427824393817484,6,0.7032874111125129
1173,"pcr, normalized_vrp, pcr_zscore, trend_strength, fg, pct_fg",0.3626215111247203,-1997.1763098377821,0.01370021878678708,0.005607463209345395,6,1.7326433898034281
1174,"pcr, normalized_vrp, pcr_zscore, iv_percentile_rank, relative_pcr, rsi20",0.16042310155086673,-4937.310076850375,0.0015945233678700337,0.006079214849712987,6,0.31987543833787013
1175,"pcr, normalized_vrp, pcr_zscore, iv_percentile_rank, relative_pcr, fg",0.14235199225462777,-5254.384430011919,0.002714959286851235,0.004294340427730088,6,0.4138479209397513
1176,"pcr, normalized_vrp, pcr_zscore, iv_percentile_rank, relative_pcr, pct_fg",0.03597446738206405,-1767.8323043962432,0.0043378047193663605,0.007015918956559367,6,0.4697549393187001
1177,"pcr, normalized_vrp, pcr_zscore, iv_percentile_rank, rsi20, fg",0.10744116906048323,-8597.993899372179,0.006721203087555547,0.007459317129027226,6,0.779561477816038
1178,"pcr, normalized_vrp, pcr_zscore, iv_percentile_rank, rsi20, pct_fg",0.04968834482723,-4910.802071493447,0.004379988575595536,0.003909949773018597,6,0.4876872023867836
1179,"pcr, normalized_vrp, pcr_zscore, iv_percentile_rank, fg, pct_fg",0.25954623243511643,-5171.277250962868,0.004234610005367567,0.007051137091174953,6,0.6830072329718732
1180,"pcr, normalized_vrp, pcr_zscore, relative_pcr, rsi20, fg",0.09188859257349977,-4342.533195827145,0.004903857479022177,0.00010709273966011401,6,0.5822743404757175
1181,"pcr, normalized_vrp, pcr_zscore, relative_pcr, rsi20, pct_fg",0.12091313047606252,-783.9128745889315,0.0043357842745704745,0.007835084736434624,6,0.55449155793311
1182,"pcr, normalized_vrp, pcr_zscore, relative_pcr, fg, pct_fg",0.35971445893555953,-1018.4949246431368,0.00940427855533112,0.004123799831975276,6,1.3001423144686717
1183,"pcr, normalized_vrp, pcr_zscore, rsi20, fg, pct_fg",0.2238798905631286,-4225.464820500537,0.005685162568051815,0.012250043112364911,6,0.7923961473683102
1184,"pcr, normalized_vrp, vol_of_vol, trend_strength, iv_percentile_rank, relative_pcr",0.1243358188302276,-4525.560178483612,0.001910083653385064,0.0033511714214366065,6,0.315344184168734
1185,"pcr, normalized_vrp, vol_of_vol, trend_strength, iv_percentile_rank, rsi20",0.15191744385073827,-7637.879685478904,0.0003455091715988475,0.009050453489604584,6,0.18646836101062303
1186,"pcr, normalized_vrp, vol_of_vol, trend_strength, iv_percentile_rank, fg",0.11088427073213143,-8136.435179786874,0.0010186035195675228,0.006275759591219841,6,0.21274462268888372
1187,"pcr, normalized_vrp, vol_of_vol, trend_strength, iv_percentile_rank, pct_fg",0.05844548487804405,-4371.407295377096,0.001355567886934804,0.003371756150146976,6,0.19400227357152444
1188,"pcr, normalized_vrp, vol_of_vol, trend_strength, relative_pcr, rsi20",0.05591000534686244,-3533.2777498997434,0.0003106617369295953,0.008957087859416093,6,0.08697617903982197
1189,"pcr, normalized_vrp, vol_of_vol, trend_strength, relative_pcr, fg",0.22982555161421683,-3991.966454380394,0.008113817575480534,0.019672034703914543,6,1.0412073091622702
1190,"pcr, normalized_vrp, vol_of_vol, trend_strength, relative_pcr, pct_fg",-0.04180247904584499,-404.8832576851882,0.0012355621334258994,0.005234299130188337,6,0.08175373429674496
1191,"pcr, normalized_vrp, vol_of_vol, trend_strength, rsi20, fg",0.07942080307177052,-7294.131369836793,0.003807720435581667,0.0029704467884588805,6,0.46019284662993726
1192,"pcr, normalized_vrp, vol_of_vol, trend_strength, rsi20, pct_fg",0.10103121208949421,-3380.157742539081,0.0028335920036294134,0.0062434810335028745,6,0.38439041245243555
1193,"pcr, normalized_vrp, vol_of_vol, trend_strength, fg, pct_fg",0.2094405961739757,-3815.055144002224,0.004474273904857115,0.00010709273966011401,6,0.6568679866596873
1194,"pcr, normalized_vrp, vol_of_vol, iv_percentile_rank, relative_pcr, rsi20",0.04518234659134165,-6792.006970834784,0.0036463287150863798,0.007558933248657064,6,0.4098152180999796
1195,"pcr, normalized_vrp, vol_of_vol, iv_percentile_rank, relative_pcr, fg",0.10412546438495375,-7261.125678737454,0.0015199967554258,0.006275759591219841,6,0.2561251399275338
1196,"pcr, normalized_vrp, vol_of_vol, iv_percentile_rank, relative_pcr, pct_fg",0.03606777284294769,-3585.9777619033493,0.001992015934246252,0.0018583918955837027,6,0.2352693662675729
1197,"pcr, normalized_vrp, vol_of_vol, iv_percentile_rank, rsi20, fg",0.10451792669222246,-10481.861037880779,0.006948217919970882,0.0022843539074456267,6,0.7993397186893106
1198,"pcr, normalized_vrp, vol_of_vol, iv_percentile_rank, rsi20, pct_fg",0.15819636797257666,-6737.017957245309,0.001741134641806225,0.007417252782471646,6,0.3323098321531992
1199,"pcr, normalized_vrp, vol_of_vol, iv_percentile_rank, fg, pct_fg",0.21185339469223288,-7140.181645973605,0.0025964360328211565,0.019625184310153043,6,0.4714969979743485
1200,"pcr, normalized_vrp, vol_of_vol, relative_pcr, rsi20, fg",0.1262381138365239,-6441.034861682836,0.005517755799502469,0.006921163024159321,6,0.6780136937867707
1201,"pcr, normalized_vrp, vol_of_vol, relative_pcr, rsi20, pct_fg",0.11162373931631896,-2633.1454569166367,0.0045172117582011765,0.010503156175011297,6,0.5633449151364366
1202,"pcr, normalized_vrp, vol_of_vol, relative_pcr, fg, pct_fg",0.25286618479772294,-3023.8022590878377,0.005003179862217802,0.00010709273966011401,6,0.7531841710195032
1203,"pcr, normalized_vrp, vol_of_vol, rsi20, fg, pct_fg",0.22723601663585474,-6046.74511742417,0.009905613500541845,0.003810532059144666,6,1.2177973666900392
1204,"pcr, normalized_vrp, trend_strength, iv_percentile_rank, relative_pcr, rsi20",0.15163569983480493,-4511.13093281597,0.0026249984191890757,0.009050453489604584,6,0.4141355417537125
1205,"pcr, normalized_vrp, trend_strength, iv_percentile_rank, relative_pcr, fg",0.14174578180945482,-4991.79475481421,0.002710541506890478,0.0051126216171332615,6,0.41279993249850266
1206,"pcr, normalized_vrp, trend_strength, iv_percentile_rank, relative_pcr, pct_fg",0.033331010085867765,-1414.8213045259488,0.005893931293935981,0.010881281621018823,6,0.6227241394794659
1207,"pcr, normalized_vrp, trend_strength, iv_percentile_rank, rsi20, fg",0.09947611904882715,-8217.985107323015,0.007167567687002018,0.008482386063180851,6,0.816232887749029
1208,"pcr, normalized_vrp, trend_strength, iv_percentile_rank, rsi20, pct_fg",0.16655358697030542,-4292.722771514065,0.002433630971035737,0.005919478423051416,6,0.40991668407387916
1209,"pcr, normalized_vrp, trend_strength, iv_percentile_rank, fg, pct_fg",0.28070949491276287,-4838.83563709249,0.003982672791519882,0.007051137091174953,6,0.6789767740647511
1210,"pcr, normalized_vrp, trend_strength, relative_pcr, rsi20, fg",0.07528245647212342,-4101.418447994302,0.0033653796230817875,0.005251494404214515,6,0.4118204187803022
1211,"pcr, normalized_vrp, trend_strength, relative_pcr, rsi20, pct_fg",0.09006136362242227,-344.99063124556943,0.0021690693771387833,0.002032666909412101,6,0.3069683013363006
1212,"pcr, normalized_vrp, trend_strength, relative_pcr, fg, pct_fg",0.3755631428794669,-822.4967852576555,0.014163334196214147,0.0027969324151346105,6,1.7918965625008818
1213,"pcr, normalized_vrp, trend_strength, rsi20, fg, pct_fg",0.33983028876482596,-3714.049072625635,0.004350585195078966,0.004703480547588873,6,0.7748888082727226
1214,"pcr, normalized_vrp, iv_percentile_rank, relative_pcr, rsi20, fg",0.08862512202082384,-7404.126508771268,0.005061064165507402,0.006921163024159321,6,0.594731538571564
1215,"pcr, normalized_vrp, iv_percentile_rank, relative_pcr, rsi20, pct_fg",0.11912993198119534,-3613.904903689719,0.0004376667247789351,0.006638005476466168,6,0.16289660445908885
1216,"pcr, normalized_vrp, iv_percentile_rank, relative_pcr, fg, pct_fg",0.2819739863200093,-3992.56606488577,0.0031844287408327875,0.004523864270593326,6,0.600416860403288
1217,"pcr, normalized_vrp, iv_percentile_rank, rsi20, fg, pct_fg",0.07451760345602011,-7080.105694518961,0.01092840824191648,0.004620525923644463,6,1.1673584276476683
1218,"pcr, normalized_vrp, relative_pcr, rsi20, fg, pct_fg",0.28464921462167403,-2930.8526787646642,0.0045163242347533335,0.006420968158878635,6,0.7362816380970074
1219,"pcr, pcr_zscore, vol_of_vol, trend_strength, iv_percentile_rank, relative_pcr",0.13569526552165928,-5432.871877637141,0.00212387997753419,0.009436519859163547,6,0.34808326327507827
1220,"pcr, pcr_zscore, vol_of_vol, trend_strength, iv_percentile_rank, rsi20",0.1961204857561922,-8634.472102513128,0.0010780125900448684,0.0074804733387127675,6,0.303921744760679
1221,"pcr, pcr_zscore, vol_of_vol, trend_strength, iv_percentile_rank, fg",0.10995255641416893,-9025.569087226979,0.0019826823103474924,0.006771209573380016,6,0.3082207874489182
1222,"pcr, pcr_zscore, vol_of_vol, trend_strength, iv_percentile_rank, pct_fg",0.10358566626758156,-5336.269509925652,0.002985815097572225,0.010330477007632077,6,0.4021671760248041
1223,"pcr, pcr_zscore, vol_of_vol, trend_strength, relative_pcr, rsi20",0.07871618644120248,-4308.084940511021,0.0030174150044707127,0.011891685490461212,6,0.38045768688827375
1224,"pcr, pcr_zscore, vol_of_vol, trend_strength, relative_pcr, fg",0.2550175932335301,-4607.199926831048,0.007278848099674404,0.019672034703914543,6,0.9829024032009706
1225,"pcr, pcr_zscore, vol_of_vol, trend_strength, relative_pcr, pct_fg",-0.020782570553087323,-1178.9305134137928,0.0038377658005775005,0.005907965750581358,6,0.36299400950466276
1226,"pcr, pcr_zscore, vol_of_vol, trend_strength, rsi20, fg",0.08430859863726875,-7933.887476699052,0.0020806784854032786,0.004183744231502355,6,0.2923764471775966
1227,"pcr, pcr_zscore, vol_of_vol, trend_strength, rsi20, pct_fg",0.046488863878961936,-4278.886847371045,0.00032847174565725403,0.009606006138875467,6,0.07933603844468734
1228,"pcr, pcr_zscore, vol_of_vol, trend_strength, fg, pct_fg",0.24636137213229092,-4593.819185854754,0.004303142560297626,0.00010709273966011401,6,0.6766756281620536
1229,"pcr, pcr_zscore, vol_of_vol, iv_percentile_rank, relative_pcr, rsi20",0.11674414471414973,-7591.866728689258,0.0029574983148134833,0.004889751566717544,6,0.41249397619549805
1230,"pcr, pcr_zscore, vol_of_vol, iv_percentile_rank, relative_pcr, fg",0.11018680151132264,-8047.7396805746885,0.0014488867062260654,0.0038220150587898777,6,0.25507547213392917
1231,"pcr, pcr_zscore, vol_of_vol, iv_percentile_rank, relative_pcr, pct_fg",0.05119656247202112,-4481.430031593681,0.0032627444560002885,0.008746492046069,6,0.3774710080720499
1232,"pcr, pcr_zscore, vol_of_vol, iv_percentile_rank, rsi20, fg",0.12238374788079241,-11082.110865436054,0.0078098373347758295,0.019672034703914543,6,0.9033674813583754
1233,"pcr, pcr_zscore, vol_of_vol, iv_percentile_rank, rsi20, pct_fg",0.1392780666975727,-7808.292049187254,0.0028632831543515965,0.005038870024791007,6,0.42560638213273233
1234,"pcr, pcr_zscore, vol_of_vol, iv_percentile_rank, fg, pct_fg",0.2974025618516357,-7977.966567288452,0.0027581458150576824,0.00010709273966011401,6,0.573217143357404
1235,"pcr, pcr_zscore, vol_of_vol, relative_pcr, rsi20, fg",0.1670766979857077,-6848.9781972959145,0.007239811563298384,0.019672034703914543,6,0.8910578543155461
1236,"pcr, pcr_zscore, vol_of_vol, relative_pcr, rsi20, pct_fg",0.12468697422466359,-3462.459600091643,0.005290260225698042,0.01038829828610808,6,0.6537129967944677
1237,"pcr, pcr_zscore, vol_of_vol, relative_pcr, fg, pct_fg",0.26825777285711405,-3661.135010706934,0.003656691754999282,0.00010709273966011401,6,0.6339269483570422
1238,"pcr, pcr_zscore, vol_of_vol, rsi20, fg, pct_fg",0.20805566506997716,-6871.655464519765,0.0052967836130055415,0.006212229889118503,6,0.7377340263705313
1239,"pcr, pcr_zscore, trend_strength, iv_percentile_rank, relative_pcr, rsi20",0.11325979119080547,-5274.076598155753,0.0018928612542852955,0.004529487335771628,6,0.302545916619335
1240,"pcr, pcr_zscore, trend_strength, iv_percentile_rank, relative_pcr, fg",0.11515592924846771,-5751.761453701662,0.0029807477317035464,0.006539773870981022,6,0.4132307024188223
1241,"pcr, pcr_zscore, trend_strength, iv_percentile_rank, relative_pcr, pct_fg",0.1903289178687357,-2193.9614658259125,0.0029126544652735885,0.00571246628795322,6,0.4815943643960946
1242,"pcr, pcr_zscore, trend_strength, iv_percentile_rank, rsi20, fg",0.12922866254211593,-8792.88341088962,0.007354067086672854,0.0,6,0.8646353712094014
1243,"pcr, pcr_zscore, trend_strength, iv_percentile_rank, rsi20, pct_fg",0.2133397750687835,-5775.722480800877,0.007768177129069584,0.008217083534145643,6,0.990157487975742
1244,"pcr, pcr_zscore, trend_strength, iv_percentile_rank, fg, pct_fg",0.3323316037019621,-5683.740880763914,0.0031436980454107987,0.00435627972710695,6,0.646701408243042
1245,"pcr, pcr_zscore, trend_strength, relative_pcr, rsi20, fg",0.10217889366780679,-4646.671801235397,0.003591886498474974,0.005612462590300299,6,0.4613675435153042
1246,"pcr, pcr_zscore, trend_strength, relative_pcr, rsi20, pct_fg",0.14916657535625796,-1097.8836783883255,0.0020292016928077175,0.0019353053398105148,6,0.3520867446370297
1247,"pcr, pcr_zscore, trend_strength, relative_pcr, fg, pct_fg",0.28821608967756696,-1307.6034113344856,0.004696912597632202,0.00010709273966011401,6,0.7579073494407871
1248,"pcr, pcr_zscore, trend_strength, rsi20, fg, pct_fg",0.272868366266248,-4539.193025389937,0.002413350002263828,0.0031462879122080905,6,0.5142033664926308
1249,"pcr, pcr_zscore, iv_percentile_rank, relative_pcr, rsi20, fg",0.1292815213696115,-7853.043927231853,0.007354067086672854,0.019672034703914543,6,0.8646882300368969
1250,"pcr, pcr_zscore, iv_percentile_rank, relative_pcr, rsi20, pct_fg",0.11013012842244159,-4465.096241042532,0.0007229781249643954,0.008291303715135765,6,0.18242794091888112
1251,"pcr, pcr_zscore, iv_percentile_rank, relative_pcr, fg, pct_fg",0.35401268175470146,-4692.287650000815,0.0027468940039526582,0.00010709273966011401,6,0.6287020821499674
1252,"pcr, pcr_zscore, iv_percentile_rank, rsi20, fg, pct_fg",0.17566049143642146,-7920.8546455265305,0.0044978140923393976,0.00010709273966011401,6,0.6254419006703612
1253,"pcr, pcr_zscore, relative_pcr, rsi20, fg, pct_fg",0.30890323658367075,-3655.4122129105626,0.003679228126622613,0.008044949163213858,6,0.676826049245932
1254,"pcr, vol_of_vol, trend_strength, iv_percentile_rank, relative_pcr, rsi20",0.17413212954371157,-7284.816823221873,0.0014111619476923174,0.009486471092922473,6,0.3152483243129433
1255,"pcr, vol_of_vol, trend_strength, iv_percentile_rank, relative_pcr, fg",0.10584234673390151,-7786.043934218341,0.0012335474504510014,0.005157441739575174,6,0.22919709177900166
1256,"pcr, vol_of_vol, trend_strength, iv_percentile_rank, relative_pcr, pct_fg",0.17650568840215544,-4167.529947966317,0.0010724209132013103,0.006068235142164924,6,0.2837477797222865
1257,"pcr, vol_of_vol, trend_strength, iv_percentile_rank, rsi20, fg",0.11947835722403063,-10669.732824325338,0.007477232976803486,0.019672034703914543,6,0.8672016549043792
1258,"pcr, vol_of_vol, trend_strength, iv_percentile_rank, rsi20, pct_fg",0.22062737660344398,-7256.770601312796,0.0030311506300628,0.007015521685566194,6,0.523742439609724
1259,"pcr, vol_of_vol, trend_strength, iv_percentile_rank, fg, pct_fg",0.307622510745397,-7593.566563773009,0.0026165659427672457,0.00435627972710695,6,0.5692791050221215
1260,"pcr, vol_of_vol, trend_strength, relative_pcr, rsi20, fg",0.08218194903180809,-6720.597073610588,0.003607459986135598,0.0025420513730113675,6,0.4429279476453679
1261,"pcr, vol_of_vol, trend_strength, relative_pcr, rsi20, pct_fg",0.12939247279170485,-3071.1938859584347,0.006091930914835588,0.009879507980865392,6,0.7385855642752637
1262,"pcr, vol_of_vol, trend_strength, relative_pcr, fg, pct_fg",0.2587374841818173,-3388.239097506108,0.003841219129204602,0.00010709273966011401,6,0.6428593971022776
1263,"pcr, vol_of_vol, trend_strength, rsi20, fg, pct_fg",0.21373593539859637,-6443.646156791802,0.006493429513950274,0.001347098008411882,6,0.8630788867936238
1264,"pcr, vol_of_vol, iv_percentile_rank, relative_pcr, rsi20, fg",0.12359018844792682,-9848.933481113207,0.007741308327328393,0.019672034703914543,6,0.8977210211807661
1265,"pcr, vol_of_vol, iv_percentile_rank, relative_pcr, rsi20, pct_fg",0.15024606273868343,-6455.9690633927685,0.0013381215962264942,0.007387963747657968,6,0.2840582223613328
1266,"pcr, vol_of_vol, iv_percentile_rank, relative_pcr, fg, pct_fg",0.29495572975608353,-6764.863860667556,0.002561136323009811,0.0011902005855221982,6,0.5510693620570646
1267,"pcr, vol_of_vol, iv_percentile_rank, rsi20, fg, pct_fg",0.1811445046857433,-9719.493425794826,0.0035262944394789846,0.00010709273966011401,6,0.5337739486336418
1268,"pcr, vol_of_vol, relative_pcr, rsi20, fg, pct_fg",0.24476016230316336,-5672.115716173797,0.005080935338967387,0.00010709273966011401,6,0.7528536961999021
1269,"pcr, trend_strength, iv_percentile_rank, relative_pcr, rsi20, fg",0.12408822882208567,-7578.574724559029,0.008134277828339328,0.019672034703914543,6,0.9375160116560185
1270,"pcr, trend_strength, iv_percentile_rank, relative_pcr, rsi20, pct_fg",0.2044363917454868,-4448.449189686658,0.007515660334216266,0.007262765649397981,6,0.9560024251671134
1271,"pcr, trend_strength, iv_percentile_rank, relative_pcr, fg, pct_fg",0.3197043391468238,-4466.0811865379965,0.0029620298177001018,0.00435627972710695,6,0.615907320916834
1272,"pcr, trend_strength, iv_percentile_rank, rsi20, fg, pct_fg",0.10860062726343718,-7861.815085672941,0.008699404080975122,0.00010709273966011401,6,0.9785410353609494
1273,"pcr, trend_strength, relative_pcr, rsi20, fg, pct_fg",0.40618822431915447,-3324.3022211013813,0.005372365949795505,0.006768381141840715,6,0.9434248192987049
1274,"pcr, iv_percentile_rank, relative_pcr, rsi20, fg, pct_fg",0.19007946472813972,-6711.788202166628,0.004728979083906294,0.00010709273966011401,6,0.6629773731187691
1275,"iv_skew, normalized_vrp, pcr_zscore, vol_of_vol, trend_strength, iv_percentile_rank",0.18807962556679833,-7457.40701128958,0.004737609132629399,0.007723856472688823,6,0.6618405388297383
1276,"iv_skew, normalized_vrp, pcr_zscore, vol_of_vol, trend_strength, relative_pcr",0.4170419207748469,-3312.139321380066,0.0064256352400789115,0.007669050220531712,6,1.059605444782738
1277,"iv_skew, normalized_vrp, pcr_zscore, vol_of_vol, trend_strength, rsi20",0.08986778563475593,-6528.780848300448,0.00171070972286625,0.003233089253117,6,0.26093875792138094
1278,"iv_skew, normalized_vrp, pcr_zscore, vol_of_vol, trend_strength, fg",0.04520751042958199,-6928.201480671084,0.003911089939876153,0.0016523162784847787,6,0.43631650441719727
1279,"iv_skew, normalized_vrp, pcr_zscore, vol_of_vol, trend_strength, pct_fg",0.11816823438668052,-3362.56736145863,0.005451549602352911,0.007088471386568365,6,0.6633231946219716
1280,"iv_skew, normalized_vrp, pcr_zscore, vol_of_vol, iv_percentile_rank, relative_pcr",0.233621927176481,-5847.549448194433,0.0018353337982874047,0.00639550638988113,6,0.41715530700522147
1281,"iv_skew, normalized_vrp, pcr_zscore, vol_of_vol, iv_percentile_rank, rsi20",0.0832345323525373,-9713.422838895256,0.003692784304728633,0.007097531928645467,6,0.4525129628254006
1282,"iv_skew, normalized_vrp, pcr_zscore, vol_of_vol, iv_percentile_rank, fg",0.11182720062387091,-10138.399605268052,0.0016050205112307849,0.009264333393758222,6,0.27232925174694944
1283,"iv_skew, normalized_vrp, pcr_zscore, vol_of_vol, iv_percentile_rank, pct_fg",0.20269202636635492,-6576.478755763447,0.0075565522376693,0.009320276668284501,6,0.958347250133285
1284,"iv_skew, normalized_vrp, pcr_zscore, vol_of_vol, relative_pcr, rsi20",0.0580843279248625,-5655.528723350691,0.004540878574011146,0.0096979536217571,6,0.5121721853259771
1285,"iv_skew, normalized_vrp, pcr_zscore, vol_of_vol, relative_pcr, fg",0.06266107344454297,-5954.409557088981,0.004256296002147334,0.006266237362075424,6,0.48829067365927636
1286,"iv_skew, normalized_vrp, pcr_zscore, vol_of_vol, relative_pcr, pct_fg",0.006218979848752794,-2189.6865587801694,0.0033805710567111477,0.009037077036496817,6,0.34427608551986755
1287,"iv_skew, normalized_vrp, pcr_zscore, vol_of_vol, rsi20, fg",0.1348221752986614,-9288.270849411352,0.006614214435754755,0.008482386063180851,6,0.7962436188741369
1288,"iv_skew, normalized_vrp, pcr_zscore, vol_of_vol, rsi20, pct_fg",0.18030182322387825,-5710.467977091625,0.006002625617339487,0.008695814138390715,6,0.7805643849578269
1289,"iv_skew, normalized_vrp, pcr_zscore, vol_of_vol, fg, pct_fg",0.16939008263050886,-5934.132131727135,0.005319934817853963,0.006771684898978695,6,0.7013835644159052
1290,"iv_skew, normalized_vrp, pcr_zscore, trend_strength, iv_percentile_rank, relative_pcr",0.17809555994500317,-4213.857729141448,0.0025064784256486465,0.007918322197452927,6,0.42874340250986787
1291,"iv_skew, normalized_vrp, pcr_zscore, trend_strength, iv_percentile_rank, rsi20",0.10573968714535076,-7354.096975378887,0.0025829363471271726,0.005140684600689708,6,0.364033321858068
1292,"iv_skew, normalized_vrp, pcr_zscore, trend_strength, iv_percentile_rank, fg",0.12998537224908802,-7861.400527394948,0.001961724382746264,0.009264333393758222,6,0.3261578105237144
1293,"iv_skew, normalized_vrp, pcr_zscore, trend_strength, iv_percentile_rank, pct_fg",0.2098260684601703,-4377.473772137185,0.00608409630128539,0.005721935790035595,6,0.8182356985887093
1294,"iv_skew, normalized_vrp, pcr_zscore, trend_strength, relative_pcr, rsi20",0.2845960883676305,-2614.4507052334798,0.006343331616156291,0.006454381905351359,6,0.9189292499832595
1295,"iv_skew, normalized_vrp, pcr_zscore, trend_strength, relative_pcr, fg",0.12358737660001101,-3193.170027634385,0.007022309924835952,0.014406065614376698,6,0.8258183690836063
1296,"iv_skew, normalized_vrp, pcr_zscore, trend_strength, relative_pcr, pct_fg",0.1683319692433625,23.51039848135923,0.004204380913169852,0.006702532318197845,6,0.5887700605603476
1297,"iv_skew, normalized_vrp, pcr_zscore, trend_strength, rsi20, fg",0.1010173768694408,-6930.039186625627,0.004955482350659435,0.019672034703914543,6,0.5965656119353844
1298,"iv_skew, normalized_vrp, pcr_zscore, trend_strength, rsi20, pct_fg",0.2982572279033124,-3059.6834364935175,0.005187736195701463,0.004456324660756926,6,0.8170308474734587
1299,"iv_skew, normalized_vrp, pcr_zscore, trend_strength, fg, pct_fg",0.3379483990103931,-3690.3358513705125,0.008248937042894073,0.004123799831975276,6,1.1628421032998004
1300,"iv_skew, normalized_vrp, pcr_zscore, iv_percentile_rank, relative_pcr, rsi20",0.11603387613993164,-6419.531541120199,0.0013672961112445577,0.006918146141033433,6,0.2527634872643874
1301,"iv_skew, normalized_vrp, pcr_zscore, iv_percentile_rank, relative_pcr, fg",0.13007882152024638,-6870.944691117675,0.001961724382746264,0.009264333393758222,6,0.3262512597948728
1302,"iv_skew, normalized_vrp, pcr_zscore, iv_percentile_rank, relative_pcr, pct_fg",0.10728721823857773,-3299.981375477984,0.000759369309017844,0.009735304166155328,6,0.1832241491403621
1303,"iv_skew, normalized_vrp, pcr_zscore, iv_percentile_rank, rsi20, fg",0.09153973263348181,-10274.335536146877,0.0056947895933360795,0.010515395352544265,6,0.6610186919670897
1304,"iv_skew, normalized_vrp, pcr_zscore, iv_percentile_rank, rsi20, pct_fg",0.1571500190131543,-6513.643692316374,0.003575142412691452,0.00916945490238895,6,0.5146642602822995
1305,"iv_skew, normalized_vrp, pcr_zscore, iv_percentile_rank, fg, pct_fg",0.28025677223235584,-6841.877058502641,0.003279700592951443,0.007051137091174953,6,0.6082268315275001
1306,"iv_skew, normalized_vrp, pcr_zscore, relative_pcr, rsi20, fg",0.10198087381316437,-6004.435501812762,0.005094040278137422,0.00010709273966011401,6,0.6113849016269065
1307,"iv_skew, normalized_vrp, pcr_zscore, relative_pcr, rsi20, pct_fg",0.18303255732750862,-2383.535172248245,0.0013112749068477849,0.0054881121729024405,6,0.31416004801228714
1308,"iv_skew, normalized_vrp, pcr_zscore, relative_pcr, fg, pct_fg",0.3260443084424715,-2722.756189276078,0.011250982062221665,0.003980794337551816,6,1.451142514664638
1309,"iv_skew, normalized_vrp, pcr_zscore, rsi20, fg, pct_fg",0.23989436359736954,-5988.392523625047,0.00785624469152956,0.002329176563038309,6,1.0255188327503255
1310,"iv_skew, normalized_vrp, vol_of_vol, trend_strength, iv_percentile_rank, relative_pcr",0.14231612534240148,-6027.622655078585,0.0012045113548880865,0.002126149713286684,6,0.26276726083121016
1311,"iv_skew, normalized_vrp, vol_of_vol, trend_strength, iv_percentile_rank, rsi20",0.1406699080131388,-9061.393641283143,0.0009102539138237035,0.004966981172175857,6,0.23169529939550915
1312,"iv_skew, normalized_vrp, vol_of_vol, trend_strength, iv_percentile_rank, fg",0.11360294348075303,-9604.570256111341,0.0011608150481324801,0.007973334247146613,6,0.22968444829400103
1313,"iv_skew, normalized_vrp, vol_of_vol, trend_strength, iv_percentile_rank, pct_fg",0.07910730859428199,-5841.36218636501,0.0015328875473918427,0.004507241374719678,6,0.23239606333346624
1314,"iv_skew, normalized_vrp, vol_of_vol, trend_strength, relative_pcr, rsi20",0.06231010438475207,-5120.832269114923,0.003240730817649324,0.006615157608211327,6,0.3863831861496845
1315,"iv_skew, normalized_vrp, vol_of_vol, trend_strength, relative_pcr, fg",0.23446966876385295,-5491.680904528522,0.007698216720104565,0.00010709273966011401,6,1.0042913407743095
1316,"iv_skew, normalized_vrp, vol_of_vol, trend_strength, relative_pcr, pct_fg",-0.04840535878782266,-1771.016906139284,0.004320250618828267,0.007516388176844403,6,0.38361970309500404
1317,"iv_skew, normalized_vrp, vol_of_vol, trend_strength, rsi20, fg",0.1316816468318319,-8685.509832196558,0.00628665328631149,0.008482386063180851,6,0.7603469754629809
1318,"iv_skew, normalized_vrp, vol_of_vol, trend_strength, rsi20, pct_fg",0.23558370227361944,-4986.603686242393,0.007099877256770041,0.032804799976661934,6,0.9455714279506235
1319,"iv_skew, normalized_vrp, vol_of_vol, trend_strength, fg, pct_fg",0.05451698406156145,-5553.319980980937,0.004803816604953977,0.006907513707435351,6,0.5348986445569591
1320,"iv_skew, normalized_vrp, vol_of_vol, iv_percentile_rank, relative_pcr, rsi20",0.05012019431063128,-8264.1686105617,0.0034733811822153073,0.005732365142289177,6,0.397458312532162
1321,"iv_skew, normalized_vrp, vol_of_vol, iv_percentile_rank, relative_pcr, fg",0.10736059586379419,-8638.300548636049,0.0012406210515717468,0.009264333393758222,6,0.23142270102096887
1322,"iv_skew, normalized_vrp, vol_of_vol, iv_percentile_rank, relative_pcr, pct_fg",-0.0007905238983135379,-4989.874803595106,0.004781193211375434,0.00854744224486455,6,0.4773287972392299
1323,"iv_skew, normalized_vrp, vol_of_vol, iv_percentile_rank, rsi20, fg",0.10301537908077693,-11897.251938951951,0.007283349917674704,0.0048689826167211785,6,0.8313503708482474
1324,"iv_skew, normalized_vrp, vol_of_vol, iv_percentile_rank, rsi20, pct_fg",0.12732507731054468,-8147.983201417436,0.00282463654675735,0.0041720516151847265,6,0.40978873198627974
1325,"iv_skew, normalized_vrp, vol_of_vol, iv_percentile_rank, fg, pct_fg",0.19782944715811462,-8427.0669953617,0.002632551996609994,0.019625184310153043,6,0.46108464681911404
1326,"iv_skew, normalized_vrp, vol_of_vol, relative_pcr, rsi20, fg",0.12853347679802135,-7879.14864700277,0.005931992036589718,0.008482386063180851,6,0.7217326804569932
1327,"iv_skew, normalized_vrp, vol_of_vol, relative_pcr, rsi20, pct_fg",0.2122932337546318,-4313.984435056579,0.0054567054926336084,0.010651632005533852,6,0.7579637830179927
1328,"iv_skew, normalized_vrp, vol_of_vol, relative_pcr, fg, pct_fg",0.07420562993189482,-4652.3114580461415,0.00344248052816381,0.006069824268332074,6,0.4184536827482758
1329,"iv_skew, normalized_vrp, vol_of_vol, rsi20, fg, pct_fg",0.2352956071229908,-7524.300402121232,0.010415700663835332,0.006771684898978695,6,1.276865673506524
1330,"iv_skew, normalized_vrp, trend_strength, iv_percentile_rank, relative_pcr, rsi20",0.1551469792969445,-5997.709164862588,0.0014036509005991699,0.0062237547141050075,6,0.2955120693568615
1331,"iv_skew, normalized_vrp, trend_strength, iv_percentile_rank, relative_pcr, fg",0.1270708798776487,-6502.248251358288,0.002706537305971265,0.007995595052254282,6,0.3977246104747752
1332,"iv_skew, normalized_vrp, trend_strength, iv_percentile_rank, relative_pcr, pct_fg",0.0031510191476521814,-2774.340882544482,0.004434569683355706,0.005302585107274459,6,0.44660798748322283
1333,"iv_skew, normalized_vrp, trend_strength, iv_percentile_rank, rsi20, fg",0.09259947850921939,-9690.75652037468,0.0056956662162316015,0.007840654920060176,6,0.6621661001323795
1334,"iv_skew, normalized_vrp, trend_strength, iv_percentile_rank, rsi20, pct_fg",0.12004085774476847,-5815.576341483531,0.005563530064133284,0.016438010902439897,6,0.6763938641580969
1335,"iv_skew, normalized_vrp, trend_strength, iv_percentile_rank, fg, pct_fg",0.28855577895966156,-6305.6659309252855,0.003590325418435799,0.007051137091174953,6,0.6475883208032415
1336,"iv_skew, normalized_vrp, trend_strength, relative_pcr, rsi20, fg",0.1843664780653853,-4960.595580829523,0.00836204541435089,0.02206133150422282,6,1.0205710195004745
1337,"iv_skew, normalized_vrp, trend_strength, relative_pcr, rsi20, pct_fg",0.3278235165596041,-1655.3349302185486,0.005433968976972471,0.005092539849615254,6,0.8712204142568512
1338,"iv_skew, normalized_vrp, trend_strength, relative_pcr, fg, pct_fg",0.3322893430368338,-2328.9830660574908,0.011002188174485186,0.006771684898978695,6,1.4325081604853525
1339,"iv_skew, normalized_vrp, trend_strength, rsi20, fg, pct_fg",0.2470556150847414,-5342.251977788614,0.011029952692467218,0.006771684898978695,6,1.3500508843314631
1340,"iv_skew, normalized_vrp, iv_percentile_rank, relative_pcr, rsi20, fg",0.10468288101159715,-8871.562853821419,0.006341874876604114,0.007289395281354859,6,0.7388703686720086
1341,"iv_skew, normalized_vrp, iv_percentile_rank, relative_pcr, rsi20, pct_fg",0.13243873517172802,-5152.224274361271,0.005160248122109721,0.01275076685184456,6,0.6484635473827001
1342,"iv_skew, normalized_vrp, iv_percentile_rank, relative_pcr, fg, pct_fg",0.27498194173755286,-5386.525141114649,0.0032679790500117377,0.004827890036092058,6,0.6017798467387266
1343,"iv_skew, normalized_vrp, iv_percentile_rank, rsi20, fg, pct_fg",0.18318384258861775,-8453.169078269855,0.004342080129014469,0.007051137091174953,6,0.6173918554900646
1344,"iv_skew, normalized_vrp, relative_pcr, rsi20, fg, pct_fg",0.24143510997914513,-4532.665413318091,0.011992926769679522,0.006771684898978695,6,1.4407277869470974
1345,"iv_skew, pcr_zscore, vol_of_vol, trend_strength, iv_percentile_rank, relative_pcr",0.2384568768381173,-6455.726268126982,0.0012495435773450469,0.010317038790539147,6,0.363411234572622
1346,"iv_skew, pcr_zscore, vol_of_vol, trend_strength, iv_percentile_rank, rsi20",0.20130052429985248,-10176.58425008729,0.002430453655143878,0.006934638165916893,6,0.4443458898142403
1347,"iv_skew, pcr_zscore, vol_of_vol, trend_strength, iv_percentile_rank, fg",0.11080446912193061,-10671.48066096761,0.001036863935189325,0.0051732730515941065,6,0.2144908626408631
1348,"iv_skew, pcr_zscore, vol_of_vol, trend_strength, iv_percentile_rank, pct_fg",0.20911129065105036,-7037.358897926101,0.004478673337850814,0.003420042738236654,6,0.6569786244361318
1349,"iv_skew, pcr_zscore, vol_of_vol, trend_strength, relative_pcr, rsi20",0.07920457371659735,-5912.259639826662,0.002791839678259584,0.011564023152549011,6,0.3583885415425557
1350,"iv_skew, pcr_zscore, vol_of_vol, trend_strength, relative_pcr, fg",0.22327287474236462,-6470.803006865934,0.006561710951133453,0.010976330483568488,6,0.8794439698557099
1351,"iv_skew, pcr_zscore, vol_of_vol, trend_strength, relative_pcr, pct_fg",0.18382612882395935,-2943.34828865532,0.0011176132300555139,0.00519088223278741,6,0.29558745182951074
1352,"iv_skew, pcr_zscore, vol_of_vol, trend_strength, rsi20, fg",0.087973929155007,-9586.253188237599,0.003626386003546378,0.012493426841236152,6,0.4506125295096448
1353,"iv_skew, pcr_zscore, vol_of_vol, trend_strength, rsi20, pct_fg",0.32037138205710397,-5870.851139510565,0.0058824764675241056,0.006996431876436428,6,0.9086190288095146
1354,"iv_skew, pcr_zscore, vol_of_vol, trend_strength, fg, pct_fg",0.3117416832999815,-6468.089997248593,0.003962420946682793,0.00548374458399739,6,0.7079837779682607
1355,"iv_skew, pcr_zscore, vol_of_vol, iv_percentile_rank, relative_pcr, rsi20",0.11825237429258834,-9101.328114274309,0.0023988415035276767,0.006830840769792538,6,0.358136524645356
1356,"iv_skew, pcr_zscore, vol_of_vol, iv_percentile_rank, relative_pcr, fg",0.11418849184066258,-9669.877085300104,0.0043998611350734036,0.006539773870981022,6,0.5541746053480029
1357,"iv_skew, pcr_zscore, vol_of_vol, iv_percentile_rank, relative_pcr, pct_fg",0.1294972568637562,-5902.200866008072,0.002261516035735577,0.004954827239508267,6,0.3556488604373139
1358,"iv_skew, pcr_zscore, vol_of_vol, iv_percentile_rank, rsi20, fg",0.12406623011336831,-12742.13932630263,0.006545092837648893,0.00010709273966011401,6,0.7785755138782575
1359,"iv_skew, pcr_zscore, vol_of_vol, iv_percentile_rank, rsi20, pct_fg",0.2749565794097,-9328.409256328307,0.003840178598958471,0.006704601209337217,6,0.658974439305547
1360,"iv_skew, pcr_zscore, vol_of_vol, iv_percentile_rank, fg, pct_fg",0.3026839454161748,-9616.453906789096,0.0025610790975299194,0.001595746032824117,6,0.5587918551691669
1361,"iv_skew, pcr_zscore, vol_of_vol, relative_pcr, rsi20, fg",0.15153405160944614,-8515.940452629487,0.006264088378822405,0.00010709273966011401,6,0.7779428894916867
1362,"iv_skew, pcr_zscore, vol_of_vol, relative_pcr, rsi20, pct_fg",0.07486399292022806,-5182.852762191088,0.004651361520793795,0.0049926184483929485,6,0.5400001449996076
1363,"iv_skew, pcr_zscore, vol_of_vol, relative_pcr, fg, pct_fg",0.41407476562167583,-5383.63265288205,0.003143508125432657,0.0038782948427740025,6,0.7284255781649416
1364,"iv_skew, pcr_zscore, vol_of_vol, rsi20, fg, pct_fg",0.2106252574585111,-8649.195727350241,0.007125387184822191,0.00010709273966011401,6,0.9231639759407302
1365,"iv_skew, pcr_zscore, trend_strength, iv_percentile_rank, relative_pcr, rsi20",0.19899679172403473,-6876.523869534951,0.0008968950610279971,0.006731261996577392,6,0.2886862978268344
1366,"iv_skew, pcr_zscore, trend_strength, iv_percentile_rank, relative_pcr, fg",0.12125925004251191,-7420.5707005630065,0.003914995418777735,0.006539773870981022,6,0.5127587919202854
1367,"iv_skew, pcr_zscore, trend_strength, iv_percentile_rank, relative_pcr, pct_fg",0.12325526002217976,-3822.8980673545434,0.002892453733508278,0.005407001918396205,6,0.4125006333730076
1368,"iv_skew, pcr_zscore, trend_strength, iv_percentile_rank, rsi20, fg",0.12681625166379995,-10515.428521821892,0.007119674635517641,0.019672034703914543,6,0.838783715215564
1369,"iv_skew, pcr_zscore, trend_strength, iv_percentile_rank, rsi20, pct_fg",0.20824065886287063,-7334.805023751268,0.006966386725217309,0.008303059461312249,6,0.9048793313846015
1370,"iv_skew, pcr_zscore, trend_strength, iv_percentile_rank, fg, pct_fg",0.325145596757393,-7343.725988950423,0.003095437956599877,0.00435627972710695,6,0.6346893924173806
1371,"iv_skew, pcr_zscore, trend_strength, relative_pcr, rsi20, fg",0.1672385022031086,-6266.605603971531,0.005904110819933836,0.019672034703914543,6,0.7576495841964921
1372,"iv_skew, pcr_zscore, trend_strength, relative_pcr, rsi20, pct_fg",0.3627984862297534,-2557.3317122983603,0.004926808814498398,0.005242996968978475,6,0.8554793676795932
1373,"iv_skew, pcr_zscore, trend_strength, relative_pcr, fg, pct_fg",0.30154556079595246,-3041.1882432981133,0.00385183165403603,0.00010709273966011401,6,0.6867287261995555
1374,"iv_skew, pcr_zscore, trend_strength, rsi20, fg, pct_fg",0.2566848948865976,-6520.9283475217135,0.03294666443960606,0.00010709273966011401,6,3.5513513388472036
1375,"iv_skew, pcr_zscore, iv_percentile_rank, relative_pcr, rsi20, fg",0.12997298155614662,-9525.560447281929,0.007351422133600247,0.00010709273966011401,6,0.8651151949161713
1376,"iv_skew, pcr_zscore, iv_percentile_rank, relative_pcr, rsi20, pct_fg",0.24777190569367416,-6157.5317713763625,0.0016018316597264546,0.005154496127384951,6,0.4079550716663196
1377,"iv_skew, pcr_zscore, iv_percentile_rank, relative_pcr, fg, pct_fg",0.34465717797214274,-6341.708822290144,0.002854802554898503,0.012776953907021018,6,0.630137433461993
1378,"iv_skew, pcr_zscore, iv_percentile_rank, rsi20, fg, pct_fg",0.18353645843097835,-9657.525334766626,0.004104766722001032,0.00010709273966011401,6,0.5940131306310815
1379,"iv_skew, pcr_zscore, relative_pcr, rsi20, fg, pct_fg",0.20840061565062243,-5453.151922658793,0.0036164790458626753,0.00010709273966011401,6,0.57004852023689
1380,"iv_skew, vol_of_vol, trend_strength, iv_percentile_rank, relative_pcr, rsi20",0.18566769214569537,-8766.095220789544,0.0012352674606632503,0.009418065945343081,6,0.3091944382120204
1381,"iv_skew, vol_of_vol, trend_strength, iv_percentile_rank, relative_pcr, fg",0.10690456812933383,-9275.72670411332,0.0014961147703156585,0.006771209573380016,6,0.25651604516089965
1382,"iv_skew, vol_of_vol, trend_strength, iv_percentile_rank, relative_pcr, pct_fg",0.11722293893904079,-5601.1790890541015,0.003649996741433542,0.006511721656798755,6,0.482222613082395
1383,"iv_skew, vol_of_vol, trend_strength, iv_percentile_rank, rsi20, fg",0.12252650773088423,-12161.179992029409,0.006443562304501792,0.00010709273966011401,6,0.7668827381810635
1384,"iv_skew, vol_of_vol, trend_strength, iv_percentile_rank, rsi20, pct_fg",0.21206063606433595,-8582.96408974603,0.0024643635851250584,0.006601910064203319,6,0.4584969945768418
1385,"iv_skew, vol_of_vol, trend_strength, iv_percentile_rank, fg, pct_fg",0.30854934874295276,-9051.614931872804,0.0026809782927446606,0.00435627972710695,6,0.5766471780174188
1386,"iv_skew, vol_of_vol, trend_strength, relative_pcr, rsi20, fg",0.08594364012978763,-8206.451393070933,0.0035191819349860093,0.014185639562479674,6,0.43786183362838854
1387,"iv_skew, vol_of_vol, trend_strength, relative_pcr, rsi20, pct_fg",0.1016218064335535,-4606.953676191752,0.0026479204237735816,0.00810354662648733,6,0.36641384881091166
1388,"iv_skew, vol_of_vol, trend_strength, relative_pcr, fg, pct_fg",0.4274504888542224,-5013.784635499749,0.0032816000193166663,0.00010709273966011401,6,0.7556104907858889
1389,"iv_skew, vol_of_vol, trend_strength, rsi20, fg, pct_fg",0.2309569403776569,-8039.995010350517,0.0068971640828235144,0.00010709273966011401,6,0.9206733486600084
1390,"iv_skew, vol_of_vol, iv_percentile_rank, relative_pcr, rsi20, fg",0.1237452385538996,-11323.36596939638,0.005990094096893267,0.00010709273966011401,6,0.7227546482432263
1391,"iv_skew, vol_of_vol, iv_percentile_rank, relative_pcr, rsi20, pct_fg",0.26050796455956715,-7934.2789755831145,0.0030086284444777404,0.007691933671348078,6,0.5613708090073413
1392,"iv_skew, vol_of_vol, iv_percentile_rank, relative_pcr, fg, pct_fg",0.29561802895031886,-8135.5769322785445,0.002560675252156443,0.00010709273966011401,6,0.5516855541659631
1393,"iv_skew, vol_of_vol, iv_percentile_rank, rsi20, fg, pct_fg",0.14963201652709296,-11155.508759766291,0.0033205491590187416,0.00010709273966011401,6,0.48168693242896715
1394,"iv_skew, vol_of_vol, relative_pcr, rsi20, fg, pct_fg",0.2094592543085311,-7231.868653160771,0.0052868899724327805,0.00010709273966011401,6,0.7381482515518091
1395,"iv_skew, trend_strength, iv_percentile_rank, relative_pcr, rsi20, fg",0.12954048854742625,-9104.922187013093,0.007463156433483647,0.019672034703914543,6,0.8758561318957909
1396,"iv_skew, trend_strength, iv_percentile_rank, relative_pcr, rsi20, pct_fg",0.21310632805771076,-5936.509918673769,0.007093246462801472,0.0082892139462324,6,0.9224309743378579
1397,"iv_skew, trend_strength, iv_percentile_rank, relative_pcr, fg, pct_fg",0.35532318182980477,-5931.243002342991,0.0028480433629753748,0.00435627972710695,6,0.6401275181273423
1398,"iv_skew, trend_strength, iv_percentile_rank, rsi20, fg, pct_fg",0.12206070468417926,-9366.032490358695,0.005924231680461108,0.00010709273966011401,6,0.7144838727302901
1399,"iv_skew, trend_strength, relative_pcr, rsi20, fg, pct_fg",0.2852578426603875,-4988.757164446575,0.003488689678917492,0.003610407958496182,6,0.6341268105521367
1400,"iv_skew, iv_percentile_rank, relative_pcr, rsi20, fg, pct_fg",0.1790441965271732,-8268.312462564674,0.0037330660105448802,0.00010709273966011401,6,0.5523507975816613
1401,"normalized_vrp, pcr_zscore, vol_of_vol, trend_strength, iv_percentile_rank, relative_pcr",0.1676657170654718,-5556.984651616793,0.004527141547530857,0.005481135845852631,6,0.6203798718185575
1402,"normalized_vrp, pcr_zscore, vol_of_vol, trend_strength, iv_percentile_rank, rsi20",0.1404512674551728,-9330.9696567971,0.0016853838784578877,0.007995595052254282,6,0.30898965530096156
1403,"normalized_vrp, pcr_zscore, vol_of_vol, trend_strength, iv_percentile_rank, fg",0.1311302006476886,-9775.892688434471,0.001980746200362909,0.007691425525352001,6,0.3292048206839795
1404,"normalized_vrp, pcr_zscore, vol_of_vol, trend_strength, iv_percentile_rank, pct_fg",0.2538626676600242,-6251.583171437125,0.0038226537776740246,0.005318787805792198,6,0.6361280454274266
1405,"normalized_vrp, pcr_zscore, vol_of_vol, trend_strength, relative_pcr, rsi20",0.06779256273576366,-5184.075075718955,0.00043634296206293414,0.004917141148018568,6,0.11142685894205707
1406,"normalized_vrp, pcr_zscore, vol_of_vol, trend_strength, relative_pcr, fg",0.22532635248339658,-5546.686819914158,0.007105699197475102,0.019672034703914543,6,0.9358962722309069
1407,"normalized_vrp, pcr_zscore, vol_of_vol, trend_strength, relative_pcr, pct_fg",0.11360250248994958,-2035.5694140327214,0.0030917002517587165,0.010117273238567875,6,0.42277252766582124
1408,"normalized_vrp, pcr_zscore, vol_of_vol, trend_strength, rsi20, fg",0.06949211392807245,-8975.941106413133,0.0018886956503684344,0.007613945058095702,6,0.2583616789649159
1409,"normalized_vrp, pcr_zscore, vol_of_vol, trend_strength, rsi20, pct_fg",0.07963329950935283,-5332.115219058258,0.004571120574068317,0.004470773766290445,6,0.5367453569161845
1410,"normalized_vrp, pcr_zscore, vol_of_vol, trend_strength, fg, pct_fg",0.21811177429642886,-5486.851513611688,0.0045611415590846695,0.013046239761635733,6,0.6742259302048959
1411,"normalized_vrp, pcr_zscore, vol_of_vol, iv_percentile_rank, relative_pcr, rsi20",0.11211748733445018,-8402.830340818367,0.00045081314575086054,0.006023320631107931,6,0.15719880190953622
1412,"normalized_vrp, pcr_zscore, vol_of_vol, iv_percentile_rank, relative_pcr, fg",0.11158780228697118,-8761.769190485775,0.0012033462394013229,0.006275759591219841,6,0.23192242622710346
1413,"normalized_vrp, pcr_zscore, vol_of_vol, iv_percentile_rank, relative_pcr, pct_fg",0.10344470967628931,-4954.0123060127025,0.0003337966947779183,0.00816626338029888,6,0.13682437915408113
1414,"normalized_vrp, pcr_zscore, vol_of_vol, iv_percentile_rank, rsi20, fg",0.10919971623951595,-12194.207727746134,0.007391453565494239,0.006847648926511785,6,0.8483450727889399
1415,"normalized_vrp, pcr_zscore, vol_of_vol, iv_percentile_rank, rsi20, pct_fg",0.10726665539004655,-8476.422361336467,0.003086385099334575,0.009098899693873452,6,0.415905165323504
1416,"normalized_vrp, pcr_zscore, vol_of_vol, iv_percentile_rank, fg, pct_fg",0.1936237801134423,-8767.418557241679,0.0028232569459923414,0.011634096896779687,6,0.47594947471267646
1417,"normalized_vrp, pcr_zscore, vol_of_vol, relative_pcr, rsi20, fg",0.1175752834580094,-8054.242830063811,0.005476989763697751,0.007840654920060176,6,0.6652742598277844
1418,"normalized_vrp, pcr_zscore, vol_of_vol, relative_pcr, rsi20, pct_fg",0.07992283967856646,-4311.892670825545,0.004103357619828283,0.009506520263358464,6,0.49025860166139473
1419,"normalized_vrp, pcr_zscore, vol_of_vol, relative_pcr, fg, pct_fg",0.24077773190295898,-4530.589710384275,0.004501145131142444,0.00010709273966011401,6,0.6908922450172034
1420,"normalized_vrp, pcr_zscore, vol_of_vol, rsi20, fg, pct_fg",0.2631960038837803,-7826.898764758454,0.009060654943425077,0.008123806520376867,6,1.1692614982262879
1421,"normalized_vrp, pcr_zscore, trend_strength, iv_percentile_rank, relative_pcr, rsi20",0.15798788793096963,-6112.823458122966,0.0013856000102207753,0.004868153704216702,6,0.2965478889530472
1422,"normalized_vrp, pcr_zscore, trend_strength, iv_percentile_rank, relative_pcr, fg",0.1438563641847344,-6534.65062705034,0.0019633016934003035,0.007691425525352001,6,0.3401865335247648
1423,"normalized_vrp, pcr_zscore, trend_strength, iv_percentile_rank, relative_pcr, pct_fg",0.14930151519327411,-2973.150521957675,0.002611848449553387,0.01300860900396668,6,0.41048636014861284
1424,"normalized_vrp, pcr_zscore, trend_strength, iv_percentile_rank, rsi20, fg",0.08721743830951102,-9936.697352928575,0.005926646931103317,0.007840654920060176,6,0.6798821314198427
1425,"normalized_vrp, pcr_zscore, trend_strength, iv_percentile_rank, rsi20, pct_fg",0.18120392761905985,-6160.865963764526,0.002770109223310292,0.010382060837011686,6,0.45821484995008904
1426,"normalized_vrp, pcr_zscore, trend_strength, iv_percentile_rank, fg, pct_fg",0.2834407829365493,-6502.139186403704,0.00335782012787644,0.007051137091174953,6,0.6192227957241934
1427,"normalized_vrp, pcr_zscore, trend_strength, relative_pcr, rsi20, fg",0.0367373058903772,-5670.716229345459,0.002004681826114251,0.010896625097911873,6,0.23720548850180234
1428,"normalized_vrp, pcr_zscore, trend_strength, relative_pcr, rsi20, pct_fg",0.11362438534088432,-1962.597923924736,0.011474724254995709,0.0055695814051518805,6,1.2610968108404552
1429,"normalized_vrp, pcr_zscore, trend_strength, relative_pcr, fg, pct_fg",0.36202554533573333,-2389.7366892806695,0.009384270578693591,0.004301692898206909,6,1.3004526032050925
1430,"normalized_vrp, pcr_zscore, trend_strength, rsi20, fg, pct_fg",0.2516887958807687,-5562.810160175437,0.0040231845950343325,0.00010709273966011401,6,0.654007255384202
1431,"normalized_vrp, pcr_zscore, iv_percentile_rank, relative_pcr, rsi20, fg",0.09107763084867075,-9014.764104018157,0.006139277729624798,0.007840654920060176,6,0.7050054038111505
1432,"normalized_vrp, pcr_zscore, iv_percentile_rank, relative_pcr, rsi20, pct_fg",0.10856486467301019,-5312.014950000823,0.0036788739303079366,0.010505985556193859,6,0.47645225770380384
1433,"normalized_vrp, pcr_zscore, iv_percentile_rank, relative_pcr, fg, pct_fg",0.2898641075009823,-5510.991538517818,0.003375059004065893,0.0029767653660215886,6,0.6273700079075717
1434,"normalized_vrp, pcr_zscore, iv_percentile_rank, rsi20, fg, pct_fg",0.0473104542815901,-8870.635022879856,0.012333448005532023,0.006771684898978695,6,1.2806552548347925
1435,"normalized_vrp, pcr_zscore, relative_pcr, rsi20, fg, pct_fg",0.19744137184548727,-4726.754183529955,0.004774248657160402,0.00010709273966011401,6,0.6748662375615274
1436,"normalized_vrp, vol_of_vol, trend_strength, iv_percentile_rank, relative_pcr, rsi20",0.1395248432456157,-7915.936091031986,0.0028764905146367176,0.004989241977283528,6,0.42717389470928746
1437,"normalized_vrp, vol_of_vol, trend_strength, iv_percentile_rank, relative_pcr, fg",0.08944046619572485,-8379.362488257215,0.001463899525647729,0.006275759591219841,6,0.23583041876049773
1438,"normalized_vrp, vol_of_vol, trend_strength, iv_percentile_rank, relative_pcr, pct_fg",0.06458088770083655,-4634.811040792699,0.001123310577527675,0.0046916513266330034,6,0.17691194545360406
1439,"normalized_vrp, vol_of_vol, trend_strength, iv_percentile_rank, rsi20, fg",0.10021662787561023,-11583.428821160858,0.006991039356251347,0.008482386063180851,6,0.799320563500745
1440,"normalized_vrp, vol_of_vol, trend_strength, iv_percentile_rank, rsi20, pct_fg",0.14583539210606705,-7757.784719208182,0.000747112406081975,0.003195655227850747,6,0.22054663271426456
1441,"normalized_vrp, vol_of_vol, trend_strength, iv_percentile_rank, fg, pct_fg",0.15368953111445144,-8249.17579836987,0.0038353450766785008,0.007431001204464438,6,0.5372240387823015
1442,"normalized_vrp, vol_of_vol, trend_strength, relative_pcr, rsi20, fg",0.0835298721129035,-7596.543939796142,0.004501463057341663,0.008139848612105937,6,0.5336761778470699
1443,"normalized_vrp, vol_of_vol, trend_strength, relative_pcr, rsi20, pct_fg",0.1084408885209264,-3784.959660311079,0.002513351881599065,0.006552357509644451,6,0.3597760766808329
1444,"normalized_vrp, vol_of_vol, trend_strength, relative_pcr, fg, pct_fg",0.19888337806231424,-4235.812344140979,0.0048901971471881685,0.00010709273966011401,6,0.687903092781131
1445,"normalized_vrp, vol_of_vol, trend_strength, rsi20, fg, pct_fg",0.19028545385574486,-7222.382380382461,0.009891024568913746,0.006771684898978695,6,1.1793879107471195
1446,"normalized_vrp, vol_of_vol, iv_percentile_rank, relative_pcr, rsi20, fg",0.10948473686421967,-10760.442350623398,0.007882146119104115,0.0022843539074456267,6,0.8976993487746312
1447,"normalized_vrp, vol_of_vol, iv_percentile_rank, relative_pcr, rsi20, pct_fg",0.08450854848325574,-7036.237356493564,0.0030898588904425183,0.005070720662610146,6,0.39349443752750757
1448,"normalized_vrp, vol_of_vol, iv_percentile_rank, relative_pcr, fg, pct_fg",0.22464230330822765,-7195.854180172761,0.0030099424828620744,0.019625184310153043,6,0.525636551594435
1449,"normalized_vrp, vol_of_vol, iv_percentile_rank, rsi20, fg, pct_fg",0.03716250636622303,-10468.81055275196,0.008420773228711714,0.006771684898978695,6,0.8792398292373944
1450,"normalized_vrp, vol_of_vol, relative_pcr, rsi20, fg, pct_fg",0.22767532654373404,-6405.259791821718,0.01006105772984232,0.006771684898978695,6,1.233781099527966
1451,"normalized_vrp, trend_strength, iv_percentile_rank, relative_pcr, rsi20, fg",0.08689572744981781,-8555.15642409146,0.0062572574214268435,0.007840654920060176,6,0.7126214695925022
1452,"normalized_vrp, trend_strength, iv_percentile_rank, relative_pcr, rsi20, pct_fg",0.12505301839246388,-4765.800424543574,0.004099453399516189,0.0029767653660215886,6,0.5349983583440827
1453,"normalized_vrp, trend_strength, iv_percentile_rank, relative_pcr, fg, pct_fg",0.2805239438947884,-5128.234831455682,0.0033481421622512386,0.0029767653660215886,6,0.6153381601199123
1454,"normalized_vrp, trend_strength, iv_percentile_rank, rsi20, fg, pct_fg",0.05105065175505252,-8287.222646343322,0.011787552377963764,0.006771684898978695,6,1.2298058895514288
1455,"normalized_vrp, trend_strength, relative_pcr, rsi20, fg, pct_fg",0.23232334018198975,-4188.453077978389,0.011807572846931607,0.006771684898978695,6,1.4130806248751504
1456,"normalized_vrp, iv_percentile_rank, relative_pcr, rsi20, fg, pct_fg",0.048324535764054294,-7451.059031903974,0.012309141164818847,0.006771684898978695,6,1.279238652245939
1457,"pcr_zscore, vol_of_vol, trend_strength, iv_percentile_rank, relative_pcr, rsi20",0.11596924174650824,-8762.6040186622,0.0029698212244585395,0.0048392766940330905,6,0.4129513641923622
1458,"pcr_zscore, vol_of_vol, trend_strength, iv_percentile_rank, relative_pcr, fg",0.10136540493669766,-9288.416244337417,0.0024837960329526843,0.002409745525248771,6,0.3497450082319661
1459,"pcr_zscore, vol_of_vol, trend_strength, iv_percentile_rank, relative_pcr, pct_fg",0.11187308961121302,-5562.954791750978,0.0038208418869922806,0.005238507542399176,6,0.49395727831044106
1460,"pcr_zscore, vol_of_vol, trend_strength, iv_percentile_rank, rsi20, fg",0.12095803893644727,-12390.997760201977,0.007693386309506781,0.019672034703914543,6,0.8902966698871254
1461,"pcr_zscore, vol_of_vol, trend_strength, iv_percentile_rank, rsi20, pct_fg",0.27382784020437645,-9057.94076350352,0.0038920495544663564,0.008920980439977147,6,0.663032795651012
1462,"pcr_zscore, vol_of_vol, trend_strength, iv_percentile_rank, fg, pct_fg",0.2927112918328046,-9266.846231213567,0.002360701093509158,0.010017549418324853,6,0.5287814011837204
1463,"pcr_zscore, vol_of_vol, trend_strength, relative_pcr, rsi20, fg",0.07741347573850668,-8314.86797407684,0.002888435086425275,0.0037837513552147315,6,0.36625698438103416
1464,"pcr_zscore, vol_of_vol, trend_strength, relative_pcr, rsi20, pct_fg",0.29548324693942646,-5243.021595506757,0.007803622271051061,0.007822028626861315,6,1.0758454740445325
1465,"pcr_zscore, vol_of_vol, trend_strength, relative_pcr, fg, pct_fg",0.2872823958895872,-4956.215124644489,0.0043710439256397764,0.00010709273966011401,6,0.7243867884535649
1466,"pcr_zscore, vol_of_vol, trend_strength, rsi20, fg, pct_fg",0.19185855403026061,-8242.841462151733,0.0037364924634674017,0.0043306939957879435,6,0.5655078003770008
1467,"pcr_zscore, vol_of_vol, iv_percentile_rank, relative_pcr, rsi20, fg",0.1229400638004527,-11473.159221317788,0.007777475848494282,0.019672034703914543,6,0.9006876486498809
1468,"pcr_zscore, vol_of_vol, iv_percentile_rank, relative_pcr, rsi20, pct_fg",0.17778089844477063,-7936.207501869273,0.0025233922014999857,0.006401384016120838,6,0.4301201185947692
1469,"pcr_zscore, vol_of_vol, iv_percentile_rank, relative_pcr, fg, pct_fg",0.23853332519427112,-8251.50354204974,0.0026830338821915082,0.003628750095864324,6,0.506836713413422
1470,"pcr_zscore, vol_of_vol, iv_percentile_rank, rsi20, fg, pct_fg",0.18760654994683973,-11478.217832375769,0.0036467574508947083,0.00010709273966011401,6,0.5522822950363105
1471,"pcr_zscore, vol_of_vol, relative_pcr, rsi20, fg, pct_fg",0.22195181484608195,-7288.472519536932,0.004611239089335651,0.00010709273966011401,6,0.6830757237796471
1472,"pcr_zscore, trend_strength, iv_percentile_rank, relative_pcr, rsi20, fg",0.13167705099829316,-9203.91282019,0.006321268814233229,0.019672034703914543,6,0.7638039324216161
1473,"pcr_zscore, trend_strength, iv_percentile_rank, relative_pcr, rsi20, pct_fg",0.16903056041114145,-5631.5449231026305,0.0016791676414173633,0.00507612322195363,6,0.3369473245528778
1474,"pcr_zscore, trend_strength, iv_percentile_rank, relative_pcr, fg, pct_fg",0.3203886183688908,-6026.485570670316,0.0033037074009511667,0.00435627972710695,6,0.6507593584640075
1475,"pcr_zscore, trend_strength, iv_percentile_rank, rsi20, fg, pct_fg",0.1879321322139308,-9295.646429328552,0.004190949894564925,0.00010709273966011401,6,0.6070271216704233
1476,"pcr_zscore, trend_strength, relative_pcr, rsi20, fg, pct_fg",0.2527215213639172,-4997.752506500822,0.0037173296542070775,0.0031931126984587523,6,0.6244544867846249
1477,"pcr_zscore, iv_percentile_rank, relative_pcr, rsi20, fg, pct_fg",0.21111080479422947,-8361.988269843176,0.004688276377295289,0.00010709273966011401,6,0.6799384425237583
1478,"vol_of_vol, trend_strength, iv_percentile_rank, relative_pcr, rsi20, fg",0.12344047688273894,-11010.480690211281,0.007191503397847021,0.019672034703914543,6,0.8425908166674411
1479,"vol_of_vol, trend_strength, iv_percentile_rank, relative_pcr, rsi20, pct_fg",0.2038029392454774,-7485.426820157121,0.002923777872392604,0.010461143595165508,6,0.49618072648473777
1480,"vol_of_vol, trend_strength, iv_percentile_rank, relative_pcr, fg, pct_fg",0.2407519486792519,-7885.402469054735,0.0026413812867681873,0.011490524694419805,6,0.5048900773560706
1481,"vol_of_vol, trend_strength, iv_percentile_rank, rsi20, fg, pct_fg",0.156735714613172,-10828.02353135128,0.004035257705137221,0.00010709273966011401,6,0.5602614851268941
1482,"vol_of_vol, trend_strength, relative_pcr, rsi20, fg, pct_fg",0.26325604398351976,-6932.291341938212,0.005568256429806818,0.00548374458399739,6,0.8200816869642016
1483,"vol_of_vol, iv_percentile_rank, relative_pcr, rsi20, fg, pct_fg",0.1434202504756227,-9998.727258625198,0.00455314286473783,0.00010709273966011401,6,0.5987345369494057
1484,"trend_strength, iv_percentile_rank, relative_pcr, rsi20, fg, pct_fg",0.20546007946067654,-7916.992582577585,0.0037467534176342143,0.00010709273966011401,6,0.580135421224098
1485,"pcr, iv_skew, normalized_vrp, pcr_zscore, vol_of_vol, trend_strength, iv_percentile_rank",0.19296356985680518,-6367.774085913655,0.004614012321275401,0.004671196623271598,7,0.6543648019843453
1486,"pcr, iv_skew, normalized_vrp, pcr_zscore, vol_of_vol, trend_strength, relative_pcr",0.013695884378812695,-1602.8576001666581,0.003917149869803401,0.006473706367937335,7,0.4054108713591528
1487,"pcr, iv_skew, normalized_vrp, pcr_zscore, vol_of_vol, trend_strength, rsi20",0.06769256687565921,-5487.69514139759,0.003334671731916527,0.003747656535125813,7,0.4011597400673119
1488,"pcr, iv_skew, normalized_vrp, pcr_zscore, vol_of_vol, trend_strength, fg",0.05545385432109382,-5744.962712813222,0.0032145905894365,0.005348362614679793,7,0.37691291326474385
1489,"pcr, iv_skew, normalized_vrp, pcr_zscore, vol_of_vol, trend_strength, pct_fg",0.10966313516081916,-2152.6824324420604,0.004321508544784401,0.0044933553683517945,7,0.5418139896392593
1490,"pcr, iv_skew, normalized_vrp, pcr_zscore, vol_of_vol, iv_percentile_rank, relative_pcr",0.11863099263379212,-4972.309063137278,0.0029872612091203727,0.006492727972033884,7,0.4173571135458294
1491,"pcr, iv_skew, normalized_vrp, pcr_zscore, vol_of_vol, iv_percentile_rank, rsi20",0.09350219100843521,-8586.594797369804,0.0033858235949205343,0.011068293606466205,7,0.43208455050048866
1492,"pcr, iv_skew, normalized_vrp, pcr_zscore, vol_of_vol, iv_percentile_rank, fg",0.2002565341398838,-8534.076456323204,0.0028988286676730796,0.007363203254323681,7,0.49013940090719177
1493,"pcr, iv_skew, normalized_vrp, pcr_zscore, vol_of_vol, iv_percentile_rank, pct_fg",0.03512913919393066,-5328.090846574776,0.003854729362355632,0.007475662102989762,7,0.42060207542949385
1494,"pcr, iv_skew, normalized_vrp, pcr_zscore, vol_of_vol, relative_pcr, rsi20",0.027994062826170105,-4525.355284322572,0.0033904942234840997,0.005362611355586284,7,0.3670434851745801
1495,"pcr, iv_skew, normalized_vrp, pcr_zscore, vol_of_vol, relative_pcr, fg",0.06102518917410776,-4836.4478758316845,0.0014987415772715201,0.00641896053401392,7,0.21089934690125978
1496,"pcr, iv_skew, normalized_vrp, pcr_zscore, vol_of_vol, relative_pcr, pct_fg",0.03227751241338242,-1262.0058960188105,0.0038305774121661657,0.0020888437476276507,7,0.415335253629999
1497,"pcr, iv_skew, normalized_vrp, pcr_zscore, vol_of_vol, rsi20, fg",0.12992315374505184,-8089.285333407662,0.00636813867371898,0.008482386063180851,7,0.7667370211169497
1498,"pcr, iv_skew, normalized_vrp, pcr_zscore, vol_of_vol, rsi20, pct_fg",0.22082932149253842,-4458.982725498861,0.005873980687568243,0.007066050445564801,7,0.8082273902493627
1499,"pcr, iv_skew, normalized_vrp, pcr_zscore, vol_of_vol, fg, pct_fg",0.1544944050839634,-4782.77134760377,0.005226055842315322,0.006835477101698186,7,0.6770999893154956
1500,"pcr, iv_skew, normalized_vrp, pcr_zscore, trend_strength, iv_percentile_rank, relative_pcr",0.1776210724417801,-3119.0417990884953,0.004103488591092334,0.014638413672030419,7,0.5879699315510134
1501,"pcr, iv_skew, normalized_vrp, pcr_zscore, trend_strength, iv_percentile_rank, rsi20",0.08790704069975294,-6193.2693854521185,0.0021366470436990827,0.007445221696462552,7,0.3015717450696612
1502,"pcr, iv_skew, normalized_vrp, pcr_zscore, trend_strength, iv_percentile_rank, fg",0.1421162443014695,-6681.542065917077,0.002714959286851235,0.007973334247146613,7,0.41361217298659303
1503,"pcr, iv_skew, normalized_vrp, pcr_zscore, trend_strength, iv_percentile_rank, pct_fg",0.03779285622442024,-2955.9327340346267,0.0034735946340467014,0.007513530330960145,7,0.3851523196290904
1504,"pcr, iv_skew, normalized_vrp, pcr_zscore, trend_strength, relative_pcr, rsi20",0.09786765649313439,-2133.1541477971487,0.0023973427505802553,0.0029890852950338956,7,0.3376019315511599
1505,"pcr, iv_skew, normalized_vrp, pcr_zscore, trend_strength, relative_pcr, fg",0.14984142658554783,-2641.4791954315483,0.006539568233483249,0.006921163024159321,7,0.8037982499338727
1506,"pcr, iv_skew, normalized_vrp, pcr_zscore, trend_strength, relative_pcr, pct_fg",0.2501102779468511,1269.9017191343987,0.004358175114314853,0.004440063159509913,7,0.6859277893783364
1507,"pcr, iv_skew, normalized_vrp, pcr_zscore, trend_strength, rsi20, fg",-0.024627219655266173,-5651.543799752795,0.0049040796512604505,0.004370067524078601,7,0.4657807454707789
1508,"pcr, iv_skew, normalized_vrp, pcr_zscore, trend_strength, rsi20, pct_fg",0.38083969978028553,-1874.7659752924853,0.006020232904131748,0.008491951582946734,7,0.9828629901934604
1509,"pcr, iv_skew, normalized_vrp, pcr_zscore, trend_strength, fg, pct_fg",0.31275879597159156,-2426.2718616209413,0.012321582661211881,0.00435627972710695,7,1.5449170620927797
1510,"pcr, iv_skew, normalized_vrp, pcr_zscore, iv_percentile_rank, relative_pcr, rsi20",0.1094799005677628,-5284.503147691875,0.0022231486148552027,0.007548299072031986,7,0.33179476205328307
1511,"pcr, iv_skew, normalized_vrp, pcr_zscore, iv_percentile_rank, relative_pcr, fg",0.1402838656445578,-5734.423469150624,0.00048631318118395417,0.0032969722321897535,7,0.18891518376295321
1512,"pcr, iv_skew, normalized_vrp, pcr_zscore, iv_percentile_rank, relative_pcr, pct_fg",0.050781361301544196,-2035.3652692548876,0.0034510857344308607,0.004350394398695083,7,0.3958899347446303
1513,"pcr, iv_skew, normalized_vrp, pcr_zscore, iv_percentile_rank, rsi20, fg",0.10883980864648028,-9050.823343900644,0.007052576877114809,0.022003139403346143,7,0.8140974963579611
1514,"pcr, iv_skew, normalized_vrp, pcr_zscore, iv_percentile_rank, rsi20, pct_fg",0.070806124617568,-5281.6033171899,0.0041465856527220955,0.004222836224835056,7,0.48546468988977753
1515,"pcr, iv_skew, normalized_vrp, pcr_zscore, iv_percentile_rank, fg, pct_fg",0.20968145262741825,-5577.441912355076,0.004413889029742537,0.004523864270593326,7,0.6510703556016719
1516,"pcr, iv_skew, normalized_vrp, pcr_zscore, relative_pcr, rsi20, fg",0.09030998056036628,-4696.024451583747,0.00617226572399791,0.0,7,0.7075365529601573
1517,"pcr, iv_skew, normalized_vrp, pcr_zscore, relative_pcr, rsi20, pct_fg",0.37116507791951164,-1085.95063283686,0.005595427261464177,0.008153179290730278,7,0.9307078040659293
1518,"pcr, iv_skew, normalized_vrp, pcr_zscore, relative_pcr, fg, pct_fg",0.3380404434905902,-1497.1017202211535,0.010816646430854218,0.004123799831975276,7,1.419705086576012
1519,"pcr, iv_skew, normalized_vrp, pcr_zscore, rsi20, fg, pct_fg",0.2582588810387467,-4595.257677538001,0.004139232928854829,0.007031061721727103,7,0.6721821739242295
1520,"pcr, iv_skew, normalized_vrp, vol_of_vol, trend_strength, iv_percentile_rank, relative_pcr",0.14340829127501298,-5011.155693490223,0.002959930079599527,0.01361635085416961,7,0.4394012992349657
1521,"pcr, iv_skew, normalized_vrp, vol_of_vol, trend_strength, iv_percentile_rank, rsi20",0.09595836389633253,-8004.653036484229,0.0013797329829818134,0.007097531928645467,7,0.23393166219451386
1522,"pcr, iv_skew, normalized_vrp, vol_of_vol, trend_strength, iv_percentile_rank, fg",0.11269329602688656,-8617.590563570899,0.001830557647496827,0.007995595052254282,7,0.29574906077656926
1523,"pcr, iv_skew, normalized_vrp, vol_of_vol, trend_strength, iv_percentile_rank, pct_fg",0.06705703917216138,-4897.494243676167,0.00416532604762715,0.008211003306716008,7,0.4835896439348764
1524,"pcr, iv_skew, normalized_vrp, vol_of_vol, trend_strength, relative_pcr, rsi20",0.0817424346665745,-4131.820414194904,0.0021899226121934595,0.005572466777290934,7,0.30073469588592044
1525,"pcr, iv_skew, normalized_vrp, vol_of_vol, trend_strength, relative_pcr, fg",0.22557533367219712,-4469.0779058540775,0.007730705468371934,0.019672034703914543,7,0.9986458805093905
1526,"pcr, iv_skew, normalized_vrp, vol_of_vol, trend_strength, relative_pcr, pct_fg",-0.03687594718624592,-709.3350215544824,0.002641066453538108,0.0071640062638818666,7,0.22723069816756492
1527,"pcr, iv_skew, normalized_vrp, vol_of_vol, trend_strength, rsi20, fg",0.09235954710966036,-7760.035483669233,0.005040477188605012,0.008667888951677217,7,0.5964072659701615
1528,"pcr, iv_skew, normalized_vrp, vol_of_vol, trend_strength, rsi20, pct_fg",0.2761134495914719,-3802.529003130235,0.00530256760919083,0.008430506547406475,7,0.8063702105105549
1529,"pcr, iv_skew, normalized_vrp, vol_of_vol, trend_strength, fg, pct_fg",0.05036358451712473,-4541.783784063087,0.005481096430620528,0.003603719751347996,7,0.5984732275791775
1530,"pcr, iv_skew, normalized_vrp, vol_of_vol, iv_percentile_rank, relative_pcr, rsi20",0.06459398377123599,-7221.521176211162,0.003529473784479984,0.009747083568032524,7,0.4175413622192344
1531,"pcr, iv_skew, normalized_vrp, vol_of_vol, iv_percentile_rank, relative_pcr, fg",0.10607471735963599,-7743.6631891490615,0.0027307193675820893,0.009264333393758222,7,0.37914665411784493
1532,"pcr, iv_skew, normalized_vrp, vol_of_vol, iv_percentile_rank, relative_pcr, pct_fg",0.07166391337474423,-4061.7682756547974,0.003734095188944575,0.003134488845943904,7,0.4450734322692017
1533,"pcr, iv_skew, normalized_vrp, vol_of_vol, iv_percentile_rank, rsi20, fg",0.092871089035567,-10949.153160259328,0.005699979963480007,0.0027268354005631633,7,0.6628690853835676
1534,"pcr, iv_skew, normalized_vrp, vol_of_vol, iv_percentile_rank, rsi20, pct_fg",0.16799178982407673,-7130.893874743512,0.001760703265804574,0.007246531635590493,7,0.3440621164045341
1535,"pcr, iv_skew, normalized_vrp, vol_of_vol, iv_percentile_rank, fg, pct_fg",0.18023854164215541,-7604.027879408543,0.0033520669666446614,0.019625184310153043,7,0.5154452383066215
1536,"pcr, iv_skew, normalized_vrp, vol_of_vol, relative_pcr, rsi20, fg",0.12979150296025635,-6867.168882768156,0.005572106756251928,0.007182178427178787,7,0.6870021785854491
1537,"pcr, iv_skew, normalized_vrp, vol_of_vol, relative_pcr, rsi20, pct_fg",0.11911901688413193,-3078.9614861974824,0.0029762343613401886,0.00799932926792223,7,0.4167424530181508
1538,"pcr, iv_skew, normalized_vrp, vol_of_vol, relative_pcr, fg, pct_fg",0.16994125730815476,-3503.4214358975137,0.005711660057062208,0.006573145111939829,7,0.7411072630143756
1539,"pcr, iv_skew, normalized_vrp, vol_of_vol, rsi20, fg, pct_fg",0.2284784408639308,-6474.0923345004185,0.009910835448193246,0.003810532059144666,7,1.2195619856832554
1540,"pcr, iv_skew, normalized_vrp, trend_strength, iv_percentile_rank, relative_pcr, rsi20",0.10616851713252606,-4871.713281762896,0.002141658063491699,0.008241248296162748,7,0.320334323481696
1541,"pcr, iv_skew, normalized_vrp, trend_strength, iv_percentile_rank, relative_pcr, fg",0.14063568838960275,-5477.812959835933,0.0010830128669115484,0.007995595052254282,7,0.24893697508075757
1542,"pcr, iv_skew, normalized_vrp, trend_strength, iv_percentile_rank, relative_pcr, pct_fg",-0.003237465670393452,-1681.9660200171506,0.0026552933953054394,0.0071565267754272275,7,0.26229187386015046
1543,"pcr, iv_skew, normalized_vrp, trend_strength, iv_percentile_rank, rsi20, fg",0.10115792833254243,-8658.217793232106,0.0062930040304928075,0.008482386063180851,7,0.7304583313818233
1544,"pcr, iv_skew, normalized_vrp, trend_strength, iv_percentile_rank, rsi20, pct_fg",0.1988001620172498,-4860.690513306064,0.0018178805697348598,0.005730579205890152,7,0.3805882189907358
1545,"pcr, iv_skew, normalized_vrp, trend_strength, iv_percentile_rank, fg, pct_fg",0.2868888182260751,-5285.90540222015,0.0035170411849370945,0.007051137091174953,7,0.6385929367197846
1546,"pcr, iv_skew, normalized_vrp, trend_strength, relative_pcr, rsi20, fg",0.07458137187921,-4545.607017348893,0.004257024688986467,0.008821363729461993,7,0.5002838407778567
1547,"pcr, iv_skew, normalized_vrp, trend_strength, relative_pcr, rsi20, pct_fg",0.32044334640976907,-493.3563935896275,0.0035729940290225633,0.004800605021325813,7,0.6777427493120254
1548,"pcr, iv_skew, normalized_vrp, trend_strength, relative_pcr, fg, pct_fg",0.32672339418293517,-1273.121912130795,0.011806841633858419,0.00359906920842229,7,1.507407557568777
1549,"pcr, iv_skew, normalized_vrp, trend_strength, rsi20, fg, pct_fg",0.33432487317360143,-4125.287550935095,0.004537428038540732,0.022659417290239715,7,0.7880676770276747
1550,"pcr, iv_skew, normalized_vrp, iv_percentile_rank, relative_pcr, rsi20, fg",0.08874582707518339,-7833.429521655338,0.006606603296834063,0.007840654920060176,7,0.7494061567585898
1551,"pcr, iv_skew, normalized_vrp, iv_percentile_rank, relative_pcr, rsi20, pct_fg",0.11653770492772694,-3983.557767950094,0.0008051402675109195,0.0051593318968353,7,0.1970517316788189
1552,"pcr, iv_skew, normalized_vrp, iv_percentile_rank, relative_pcr, fg, pct_fg",0.27488197334672376,-4454.339918741977,0.0041757182377170216,0.0029767653660215886,7,0.6924537971184259
1553,"pcr, iv_skew, normalized_vrp, iv_percentile_rank, rsi20, fg, pct_fg",0.07693035109666534,-7508.608398453017,0.010305112045139116,0.006771684898978695,7,1.1074415556105768
1554,"pcr, iv_skew, normalized_vrp, relative_pcr, rsi20, fg, pct_fg",0.27253751015739947,-3404.813848552912,0.011714139684609702,0.005741715240660383,7,1.4439514786183698
1555,"pcr, iv_skew, pcr_zscore, vol_of_vol, trend_strength, iv_percentile_rank, relative_pcr",0.14996498760979116,-5910.603984939349,0.0013729031055533113,0.0033749753672825808,7,0.2872552981651223
1556,"pcr, iv_skew, pcr_zscore, vol_of_vol, trend_strength, iv_percentile_rank, rsi20",0.20166426267779033,-9058.388585770568,0.0027335532627479073,0.006233733344376269,7,0.4750195889525811
1557,"pcr, iv_skew, pcr_zscore, vol_of_vol, trend_strength, iv_percentile_rank, fg",0.11341592506825643,-9509.532099213297,0.0011672203088032088,0.006539773870981022,7,0.2301379559485773
1558,"pcr, iv_skew, pcr_zscore, vol_of_vol, trend_strength, iv_percentile_rank, pct_fg",0.11085339845356974,-5776.777956887378,0.0033321194961614337,0.006043506253377927,7,0.4440653480697131
1559,"pcr, iv_skew, pcr_zscore, vol_of_vol, trend_strength, relative_pcr, rsi20",0.08015253389440119,-4782.383015488643,0.0023276928885237243,0.007333561395629527,7,0.3129218227467736
1560,"pcr, iv_skew, pcr_zscore, vol_of_vol, trend_strength, relative_pcr, fg",0.2217836177684268,-5286.187319824285,0.007069953235309061,0.007125751470750344,7,0.9287789412993329
1561,"pcr, iv_skew, pcr_zscore, vol_of_vol, trend_strength, relative_pcr, pct_fg",0.07415087443883518,-1587.698629448683,0.005099414307408794,0.0042671485835053344,7,0.5840923051797146
1562,"pcr, iv_skew, pcr_zscore, vol_of_vol, trend_strength, rsi20, fg",0.08835537499836929,-8361.277190558512,0.0026628867511503413,0.012493426841236152,7,0.3546440501134034
1563,"pcr, iv_skew, pcr_zscore, vol_of_vol, trend_strength, rsi20, pct_fg",0.07196085322074876,-4723.492261635648,0.0008491029379040142,0.008637097687184979,7,0.15687114701115018
1564,"pcr, iv_skew, pcr_zscore, vol_of_vol, trend_strength, fg, pct_fg",0.3981084886052326,-5073.240098860486,0.0045840915419390945,0.00411370274965848,7,0.8565176427991421
1565,"pcr, iv_skew, pcr_zscore, vol_of_vol, iv_percentile_rank, relative_pcr, rsi20",0.1148076338793458,-8017.932643428863,0.003527796646412693,0.005714602424008399,7,0.4675872985206151
1566,"pcr, iv_skew, pcr_zscore, vol_of_vol, iv_percentile_rank, relative_pcr, fg",0.11289977891093218,-8531.850623555569,0.0011488557521805607,0.002671308499592277,7,0.22778535412898826
1567,"pcr, iv_skew, pcr_zscore, vol_of_vol, iv_percentile_rank, relative_pcr, pct_fg",0.1550770704480241,-4899.243789235848,0.002295470189228503,0.0046122705016707986,7,0.38462408937087444
1568,"pcr, iv_skew, pcr_zscore, vol_of_vol, iv_percentile_rank, rsi20, fg",0.12351218052991364,-11520.659903966169,0.0062927082146528625,0.0,7,0.7527830019951999
1569,"pcr, iv_skew, pcr_zscore, vol_of_vol, iv_percentile_rank, rsi20, pct_fg",0.16653561884563092,-8201.30864813734,0.002032781729808604,0.005581571287803523,7,0.3698137918264913
1570,"pcr, iv_skew, pcr_zscore, vol_of_vol, iv_percentile_rank, fg, pct_fg",0.2993648171892675,-8424.270303712581,0.002826940979084944,0.00010709273966011401,7,0.582058915097762
1571,"pcr, iv_skew, pcr_zscore, vol_of_vol, relative_pcr, rsi20, fg",0.17066148914926457,-7292.317867992222,0.00827426527210183,0.00010709273966011401,7,0.9980880163594477
1572,"pcr, iv_skew, pcr_zscore, vol_of_vol, relative_pcr, rsi20, pct_fg",0.1250639817131001,-3970.3209427802867,0.0014016656567051283,0.004542093791916823,7,0.26523054738361296
1573,"pcr, iv_skew, pcr_zscore, vol_of_vol, relative_pcr, fg, pct_fg",0.28757894940484585,-4262.025103621419,0.0037540726401269963,0.013200024107384543,7,0.6629862134175455
1574,"pcr, iv_skew, pcr_zscore, vol_of_vol, rsi20, fg, pct_fg",0.22467082611558914,-7311.053763627449,0.004272142852100335,0.0035110450429631105,7,0.6518851113256227
1575,"pcr, iv_skew, pcr_zscore, trend_strength, iv_percentile_rank, relative_pcr, rsi20",0.11578162094193717,-5701.380297943992,0.002144669403784138,0.007515067583653066,7,0.33024856132035096
1576,"pcr, iv_skew, pcr_zscore, trend_strength, iv_percentile_rank, relative_pcr, fg",0.12117536655672262,-6239.046820185326,0.004329805204838216,0.006539773870981022,7,0.5541558870405442
1577,"pcr, iv_skew, pcr_zscore, trend_strength, iv_percentile_rank, relative_pcr, pct_fg",0.2252659381338794,-2643.766465336372,0.0025956420184357525,0.0067005568497640194,7,0.48483013997745467
1578,"pcr, iv_skew, pcr_zscore, trend_strength, iv_percentile_rank, rsi20, fg",0.13002637427955827,-9228.826621281081,0.008126641525003454,0.0,7,0.9426905267799037
1579,"pcr, iv_skew, pcr_zscore, trend_strength, iv_percentile_rank, rsi20, pct_fg",0.21042974681053395,-6199.317340365784,0.007538852350405143,0.008740776866753903,7,0.9643149818510482
1580,"pcr, iv_skew, pcr_zscore, trend_strength, iv_percentile_rank, fg, pct_fg",0.329603655634814,-6122.567227687833,0.003100792572603551,0.00435627972710695,7,0.6396829128951691
1581,"pcr, iv_skew, pcr_zscore, trend_strength, relative_pcr, rsi20, fg",0.0968756671200016,-5089.894209594864,0.0030000227437449642,0.004420882535433753,7,0.39687794149449807
1582,"pcr, iv_skew, pcr_zscore, trend_strength, relative_pcr, rsi20, pct_fg",0.35303508766575786,-1327.3914944603855,0.003137039605141995,0.004238557953738342,7,0.6667390481799573
1583,"pcr, iv_skew, pcr_zscore, trend_strength, relative_pcr, fg, pct_fg",0.28910019994572195,-1727.2542418636035,0.004846982004946484,0.00010709273966011401,7,0.7737984004403704
1584,"pcr, iv_skew, pcr_zscore, trend_strength, rsi20, fg, pct_fg",0.11056931751650137,-5379.074797952252,0.005796187129815618,0.007817368354458412,7,0.6901880304980631
1585,"pcr, iv_skew, pcr_zscore, iv_percentile_rank, relative_pcr, rsi20, fg",0.12944070288230172,-8295.916542446981,0.007503918453851073,0.00010709273966011401,7,0.879832548267409
1586,"pcr, iv_skew, pcr_zscore, iv_percentile_rank, relative_pcr, rsi20, pct_fg",0.15530374803279745,-4946.366802422272,0.0013694402107022159,0.0066549018090385605,7,0.29224776910301903
1587,"pcr, iv_skew, pcr_zscore, iv_percentile_rank, relative_pcr, fg, pct_fg",0.35183835038499817,-5141.11867511896,0.002868510916160978,0.00010709273966011401,7,0.638689442001096
1588,"pcr, iv_skew, pcr_zscore, iv_percentile_rank, rsi20, fg, pct_fg",0.19252923694320992,-8348.868429906142,0.004338169236663496,0.00010709273966011401,7,0.6263461606095595
1589,"pcr, iv_skew, pcr_zscore, relative_pcr, rsi20, fg, pct_fg",0.23040894986078786,-4077.942120549932,0.0047075437765285305,0.004097832091609144,7,0.7011633275136409
1590,"pcr, iv_skew, vol_of_vol, trend_strength, iv_percentile_rank, relative_pcr, rsi20",0.1361939985748026,-7673.05469254622,0.0024679593571396517,0.007188586504125788,7,0.38298993428876776
1591,"pcr, iv_skew, vol_of_vol, trend_strength, iv_percentile_rank, relative_pcr, fg",0.1032483196409509,-8263.965725661257,0.0012755029214138725,0.005157441739575174,7,0.23079861178233813
1592,"pcr, iv_skew, vol_of_vol, trend_strength, iv_percentile_rank, relative_pcr, pct_fg",0.17808600796537977,-4633.729926279133,0.0030938322981970716,0.008296888069415346,7,0.48746923778508694
1593,"pcr, iv_skew, vol_of_vol, trend_strength, iv_percentile_rank, rsi20, fg",0.11562084846807215,-11108.701512876534,0.004989652334116988,0.019672034703914543,7,0.614586081879771
1594,"pcr, iv_skew, vol_of_vol, trend_strength, iv_percentile_rank, rsi20, pct_fg",0.2220228918911261,-7639.376078897061,0.003255707687488402,0.0058367697896769466,7,0.5475936606399663
1595,"pcr, iv_skew, vol_of_vol, trend_strength, iv_percentile_rank, fg, pct_fg",0.3074099972080281,-8035.889604802549,0.002597794358253072,0.00435627972710695,7,0.5671894330333352
1596,"pcr, iv_skew, vol_of_vol, trend_strength, relative_pcr, rsi20, fg",0.07604832519962759,-7139.822171546523,0.0019325129066774267,0.0019592629343064827,7,0.2692996158673703
1597,"pcr, iv_skew, vol_of_vol, trend_strength, relative_pcr, rsi20, pct_fg",0.23876910186412578,-3269.967767936509,0.0025421035972279906,0.004247969327978869,7,0.49297946158692485
1598,"pcr, iv_skew, vol_of_vol, trend_strength, relative_pcr, fg, pct_fg",0.427787376829428,-3965.3998585526933,0.003992587155786677,0.00010709273966011401,7,0.8270460924080957
1599,"pcr, iv_skew, vol_of_vol, trend_strength, rsi20, fg, pct_fg",0.22484451248525558,-6934.304703147581,0.005792295655140989,0.00010709273966011401,7,0.8040740779993545
1600,"pcr, iv_skew, vol_of_vol, iv_percentile_rank, relative_pcr, rsi20, fg",0.11729637638275037,-10294.093323677953,0.0057336967968224534,0.00010709273966011401,7,0.6906660560649958
1601,"pcr, iv_skew, vol_of_vol, iv_percentile_rank, relative_pcr, rsi20, pct_fg",0.17016688967097562,-6854.7566373938735,0.0032034204826580917,0.008193141399540851,7,0.49050893793678474
1602,"pcr, iv_skew, vol_of_vol, iv_percentile_rank, relative_pcr, fg, pct_fg",0.2937935442922925,-7214.957959669795,0.0025396681035116547,0.00010709273966011401,7,0.547760354643458
1603,"pcr, iv_skew, vol_of_vol, iv_percentile_rank, rsi20, fg, pct_fg",0.15539429035649618,-10142.411059906299,0.005793484120737682,0.00010709273966011401,7,0.7347427024302644
1604,"pcr, iv_skew, vol_of_vol, relative_pcr, rsi20, fg, pct_fg",0.2426968116181682,-6109.6414225597855,0.00501794927136664,0.00010709273966011401,7,0.7444917387548322
1605,"pcr, iv_skew, trend_strength, iv_percentile_rank, relative_pcr, rsi20, fg",0.12293141742970791,-8054.528016938308,0.006228029116210049,0.00010709273966011401,7,0.7457343290507128
1606,"pcr, iv_skew, trend_strength, iv_percentile_rank, relative_pcr, rsi20, pct_fg",0.19042215079257074,-4367.118799214525,0.0023324785873655644,0.01205388299350118,7,0.42367000952912715
1607,"pcr, iv_skew, trend_strength, iv_percentile_rank, relative_pcr, fg, pct_fg",0.3159470593906835,-4903.771137699078,0.0031036639602204045,0.00435627972710695,7,0.626313455412724
1608,"pcr, iv_skew, trend_strength, iv_percentile_rank, rsi20, fg, pct_fg",0.11106217670091258,-8293.566943979733,0.00640978494995913,0.00010709273966011401,7,0.7520406716968256
1609,"pcr, iv_skew, trend_strength, relative_pcr, rsi20, fg, pct_fg",0.2350683659644491,-3909.2450068581334,0.006375922943882662,0.004222035211166827,7,0.8726606603527154
1610,"pcr, iv_skew, iv_percentile_rank, relative_pcr, rsi20, fg, pct_fg",0.1950114255065078,-7144.044500868257,0.0050077642542923646,0.00010709273966011401,7,0.6957878509357442
1611,"pcr, normalized_vrp, pcr_zscore, vol_of_vol, trend_strength, iv_percentile_rank, relative_pcr",0.18907592267558657,-4466.799104808392,0.00397459379359994,0.011789401859111929,7,0.5865353020355806
1612,"pcr, normalized_vrp, pcr_zscore, vol_of_vol, trend_strength, iv_percentile_rank, rsi20",0.1531132603873374,-8315.152142485724,0.0025318551572767536,0.01039919987201552,7,0.40629877611501275
1613,"pcr, normalized_vrp, pcr_zscore, vol_of_vol, trend_strength, iv_percentile_rank, fg",0.1299974453158308,-8657.925939928153,0.0007804328948651251,0.009264333393758222,7,0.2080407348023433
1614,"pcr, normalized_vrp, pcr_zscore, vol_of_vol, trend_strength, iv_percentile_rank, pct_fg",0.07772224937714135,-4957.632752258518,0.003623635258983083,0.005465837775670121,7,0.4400857752754496
1615,"pcr, normalized_vrp, pcr_zscore, vol_of_vol, trend_strength, relative_pcr, rsi20",0.07026956656617285,-4055.74037899161,0.0005373961197404315,0.00918882300611043,7,0.12400917854021601
1616,"pcr, normalized_vrp, pcr_zscore, vol_of_vol, trend_strength, relative_pcr, fg",0.23106523701930526,-4407.515218469003,0.009320435937733457,0.00010709273966011401,7,1.163108830792651
1617,"pcr, normalized_vrp, pcr_zscore, vol_of_vol, trend_strength, relative_pcr, pct_fg",0.16553581374037424,-1027.688956024314,0.0036239945526886606,0.009751052678892716,7,0.5279352690092403
1618,"pcr, normalized_vrp, pcr_zscore, vol_of_vol, trend_strength, rsi20, fg",0.07936234898638446,-7804.445718202494,0.0032519568982919836,0.007151615156887016,7,0.40455803881558283
1619,"pcr, normalized_vrp, pcr_zscore, vol_of_vol, trend_strength, rsi20, pct_fg",0.10417885334666213,-4008.607299841125,0.0016738901942854785,0.010307391298910033,7,0.27156787277521
1620,"pcr, normalized_vrp, pcr_zscore, vol_of_vol, trend_strength, fg, pct_fg",0.23534940785545122,-4329.549036919046,0.005093760226270769,0.00010709273966011401,7,0.7447254304825282
1621,"pcr, normalized_vrp, pcr_zscore, vol_of_vol, iv_percentile_rank, relative_pcr, rsi20",0.11043548348654939,-7341.123713370007,0.002526190004934081,0.007548299072031986,7,0.36305448397995754
1622,"pcr, normalized_vrp, pcr_zscore, vol_of_vol, iv_percentile_rank, relative_pcr, fg",0.11158451349253488,-7700.651723483749,0.0012033462394013229,0.006275759591219841,7,0.23191913743266718
1623,"pcr, normalized_vrp, pcr_zscore, vol_of_vol, iv_percentile_rank, relative_pcr, pct_fg",0.05570556174513648,-4115.199554411005,0.0032987051094734016,0.0038970583894245747,7,0.3855760726924766
1624,"pcr, normalized_vrp, pcr_zscore, vol_of_vol, iv_percentile_rank, rsi20, fg",0.10504334091950683,-11011.830146236769,0.007030987828261791,0.005656279061289191,7,0.808142123745686
1625,"pcr, normalized_vrp, pcr_zscore, vol_of_vol, iv_percentile_rank, rsi20, pct_fg",0.1636715234678027,-7365.6792829572405,0.00393170632627792,0.009785810813520162,7,0.5568421560955946
1626,"pcr, normalized_vrp, pcr_zscore, vol_of_vol, iv_percentile_rank, fg, pct_fg",0.2006997489115404,-7590.775888302527,0.003979394920644074,0.0029767653660215886,7,0.5986392409759478
1627,"pcr, normalized_vrp, pcr_zscore, vol_of_vol, relative_pcr, rsi20, fg",0.13867021132823387,-6807.691547317985,0.006898421040517066,0.013034835612602436,7,0.8285123153799405
1628,"pcr, normalized_vrp, pcr_zscore, vol_of_vol, relative_pcr, rsi20, pct_fg",0.09015165397961981,-3103.889251692133,0.0025266960039343695,0.009357731446193068,7,0.34282125437305677
1629,"pcr, normalized_vrp, pcr_zscore, vol_of_vol, relative_pcr, fg, pct_fg",0.24826484492383769,-3385.7113890493783,0.005992319677485598,0.00010709273966011401,7,0.8474968126723975
1630,"pcr, normalized_vrp, pcr_zscore, vol_of_vol, rsi20, fg, pct_fg",0.2380562388397902,-6451.757946522803,0.009403456061619908,0.0032762600143541624,7,1.178401845001781
1631,"pcr, normalized_vrp, pcr_zscore, trend_strength, iv_percentile_rank, relative_pcr, rsi20",0.1789688080171275,-5048.290846921152,0.0021125347284069573,0.00611797924222484,7,0.39022228085782323
1632,"pcr, normalized_vrp, pcr_zscore, trend_strength, iv_percentile_rank, relative_pcr, fg",0.14235292436573552,-5420.23283249073,0.0027257862533738198,0.009264333393758222,7,0.4149315497031175
1633,"pcr, normalized_vrp, pcr_zscore, trend_strength, iv_percentile_rank, relative_pcr, pct_fg",0.05093769165991695,-1917.8030544164794,0.008912729752844009,0.011283923164506065,7,0.9422106669443178
1634,"pcr, normalized_vrp, pcr_zscore, trend_strength, iv_percentile_rank, rsi20, fg",0.1013780708373617,-8732.561897498781,0.007334243383648445,0.009315238581314899,7,0.8348024092022063
1635,"pcr, normalized_vrp, pcr_zscore, trend_strength, iv_percentile_rank, rsi20, pct_fg",0.13340244403531856,-4995.781466513398,0.0027834731276690362,0.002757242017917126,7,0.41174975680222214
1636,"pcr, normalized_vrp, pcr_zscore, trend_strength, iv_percentile_rank, fg, pct_fg",0.20955635842303788,-5269.009249589801,0.003897533107361015,0.007051137091174953,7,0.5993096691591393
1637,"pcr, normalized_vrp, pcr_zscore, trend_strength, relative_pcr, rsi20, fg",0.08852890461378667,-4468.619505511617,0.004902849369060165,0.004496552494021345,7,0.5788138415198032
1638,"pcr, normalized_vrp, pcr_zscore, trend_strength, relative_pcr, rsi20, pct_fg",0.32594100303696144,-754.9766508667057,0.001850298102618459,0.01281364543744088,7,0.5109708132988073
1639,"pcr, normalized_vrp, pcr_zscore, trend_strength, relative_pcr, fg, pct_fg",0.37782828120091694,-1190.259211831232,0.013499848249236706,0.005607463209345395,7,1.7278131061245876
1640,"pcr, normalized_vrp, pcr_zscore, trend_strength, rsi20, fg, pct_fg",0.22126530559263397,-4334.206744838444,0.004601429854970999,0.00954074145879099,7,0.6814082910897339
1641,"pcr, normalized_vrp, pcr_zscore, iv_percentile_rank, relative_pcr, rsi20, fg",0.08928462674309971,-7845.726495696958,0.007108090212277903,0.008482386063180851,7,0.80009364797089
1642,"pcr, normalized_vrp, pcr_zscore, iv_percentile_rank, relative_pcr, rsi20, pct_fg",0.13535232586920737,-4182.641469411933,0.00255887332033618,0.007024669494245255,7,0.3912396579028254
1643,"pcr, normalized_vrp, pcr_zscore, iv_percentile_rank, relative_pcr, fg, pct_fg",0.2906577165052828,-4389.750968371401,0.003245457646325568,0.0029767653660215886,7,0.6152034811378396
1644,"pcr, normalized_vrp, pcr_zscore, iv_percentile_rank, rsi20, fg, pct_fg",0.04802628677541466,-7575.353889309558,0.012041978924085515,0.007051137091174953,7,1.2522241791839661
1645,"pcr, normalized_vrp, pcr_zscore, relative_pcr, rsi20, fg, pct_fg",0.18682110933479618,-3393.0728557622792,0.0061301955125215865,0.0050374984372317504,7,0.7998406605869548
1646,"pcr, normalized_vrp, vol_of_vol, trend_strength, iv_percentile_rank, relative_pcr, rsi20",0.05086318871025742,-6898.477244430663,0.003289365097876293,0.009035337507166712,7,0.3797996984978867
1647,"pcr, normalized_vrp, vol_of_vol, trend_strength, iv_percentile_rank, relative_pcr, fg",0.11088164445875462,-7429.829702580109,0.0010186035195675228,0.006275759591219841,7,0.2127419964155069
1648,"pcr, normalized_vrp, vol_of_vol, trend_strength, iv_percentile_rank, relative_pcr, pct_fg",0.08864835867472944,-3697.7430072014427,0.003042288950164369,0.005068453971420931,7,0.39287725369116633
1649,"pcr, normalized_vrp, vol_of_vol, trend_strength, iv_percentile_rank, rsi20, fg",0.10447619205948835,-10598.510736045564,0.006948217919970882,0.006847648926511785,7,0.7992979840565765
1650,"pcr, normalized_vrp, vol_of_vol, trend_strength, iv_percentile_rank, rsi20, pct_fg",0.15239305343563356,-6720.047840724726,0.0020001797531181875,0.0034502148094751215,7,0.35241102874745234
1651,"pcr, normalized_vrp, vol_of_vol, trend_strength, iv_percentile_rank, fg, pct_fg",0.2221133299000392,-7330.547352763085,0.0017868041230387206,0.003278354339385264,7,0.4007937422039113
1652,"pcr, normalized_vrp, vol_of_vol, trend_strength, relative_pcr, rsi20, fg",0.07186957339435593,-6583.20910461799,0.0035825844405124813,0.005336225923907699,7,0.430128017445604
1653,"pcr, normalized_vrp, vol_of_vol, trend_strength, relative_pcr, rsi20, pct_fg",0.1029356549953902,-2686.28521299996,0.0018147327407194715,0.007653030807356683,7,0.2844089290673374
1654,"pcr, normalized_vrp, vol_of_vol, trend_strength, relative_pcr, fg, pct_fg",0.25481578345821004,-3107.8652558145536,0.004994910847430848,0.00010709273966011401,7,0.7543068682012948
1655,"pcr, normalized_vrp, vol_of_vol, trend_strength, rsi20, fg, pct_fg",0.2312358928193945,-6145.690371517887,0.01111106748979877,0.0036813340533959358,7,1.3423426417992714
1656,"pcr, normalized_vrp, vol_of_vol, iv_percentile_rank, relative_pcr, rsi20, fg",0.10123698288506063,-9783.737978819581,0.005365032959138023,0.0022843539074456267,7,0.637740278798863
1657,"pcr, normalized_vrp, vol_of_vol, iv_percentile_rank, relative_pcr, rsi20, pct_fg",0.10619956219682938,-6027.866710653232,0.0018568019412248753,0.010839685493371859,7,0.29187975631931695
1658,"pcr, normalized_vrp, vol_of_vol, iv_percentile_rank, relative_pcr, fg, pct_fg",0.13845922212807413,-6336.942202353778,0.0034478947985065213,0.013334303126439507,7,0.48324870197872627
1659,"pcr, normalized_vrp, vol_of_vol, iv_percentile_rank, rsi20, fg, pct_fg",0.04022678832736336,-9436.782313098753,0.009555701701381477,0.006771684898978695,7,0.9957969584655111
1660,"pcr, normalized_vrp, vol_of_vol, relative_pcr, rsi20, fg, pct_fg",0.2291281170077234,-5337.995861906082,0.011110039901859875,0.004031542588961143,7,1.340132107193711
1661,"pcr, normalized_vrp, trend_strength, iv_percentile_rank, relative_pcr, rsi20, fg",0.08976505196943746,-7532.887769443938,0.006472632250392259,0.006921163024159321,7,0.7370282770086634
1662,"pcr, normalized_vrp, trend_strength, iv_percentile_rank, relative_pcr, rsi20, pct_fg",0.054592252325657425,-3635.9154697015097,0.004763237642856428,0.0033275586062620306,7,0.5309160166113002
1663,"pcr, normalized_vrp, trend_strength, iv_percentile_rank, relative_pcr, fg, pct_fg",0.20730028162450098,-4072.482294828197,0.003543628499213151,0.0029767653660215886,7,0.561663131545816
1664,"pcr, normalized_vrp, trend_strength, iv_percentile_rank, rsi20, fg, pct_fg",0.07226964913716338,-7194.497530085093,0.011127639305086767,0.006771684898978695,7,1.18503357964584
1665,"pcr, normalized_vrp, trend_strength, relative_pcr, rsi20, fg, pct_fg",0.33896498555563287,-3006.23141272536,0.0046314127360199756,0.003171286545188236,7,0.8021062591576305
1666,"pcr, normalized_vrp, iv_percentile_rank, relative_pcr, rsi20, fg, pct_fg",0.07577612751559415,-6355.862785346038,0.011485920646789936,0.007051137091174953,7,1.2243681921945877
1667,"pcr, pcr_zscore, vol_of_vol, trend_strength, iv_percentile_rank, relative_pcr, rsi20",0.11347924036279991,-7678.879528378264,0.004570017989682121,0.006417333963014195,7,0.570481039331012
1668,"pcr, pcr_zscore, vol_of_vol, trend_strength, iv_percentile_rank, relative_pcr, fg",0.11011918826376393,-8199.036848641996,0.0014488867062260654,0.006771209573380016,7,0.25500785888637045
1669,"pcr, pcr_zscore, vol_of_vol, trend_strength, iv_percentile_rank, relative_pcr, pct_fg",0.10444024010207455,-4461.168010242568,0.0026036869574409343,0.006342036268681538,7,0.36480893584616797
1670,"pcr, pcr_zscore, vol_of_vol, trend_strength, iv_percentile_rank, rsi20, fg",0.12248059097711515,-11185.531514634864,0.007680426558414372,0.019672034703914543,7,0.8905232468185523
1671,"pcr, pcr_zscore, vol_of_vol, trend_strength, iv_percentile_rank, rsi20, pct_fg",0.14809673084226924,-7850.937780970523,0.00301226561845154,0.005161557443710579,7,0.4493232926874232
1672,"pcr, pcr_zscore, vol_of_vol, trend_strength, iv_percentile_rank, fg, pct_fg",0.30268385430954386,-8097.000169755708,0.002325426750905439,0.001595746032824117,7,0.5352265294000877
1673,"pcr, pcr_zscore, vol_of_vol, trend_strength, relative_pcr, rsi20, fg",0.07513429329971681,-7124.013177929881,0.002250971554503392,0.004704497941906175,7,0.30023144875005603
1674,"pcr, pcr_zscore, vol_of_vol, trend_strength, relative_pcr, rsi20, pct_fg",0.07025251259695768,-3450.338531273612,0.0017023990378239875,0.008967528946457255,7,0.24049241637935642
1675,"pcr, pcr_zscore, vol_of_vol, trend_strength, relative_pcr, fg, pct_fg",0.26719320865984747,-3711.701295943476,0.004748964849039148,0.00010709273966011401,7,0.7420896935637622
1676,"pcr, pcr_zscore, vol_of_vol, trend_strength, rsi20, fg, pct_fg",0.21509774089254408,-6897.746175929493,0.006814269469853973,0.0051270746287536235,7,0.8965246878779414
1677,"pcr, pcr_zscore, vol_of_vol, iv_percentile_rank, relative_pcr, rsi20, fg",0.12252850893580786,-10270.023092975887,0.007680426558414372,0.019672034703914543,7,0.890571164777245
1678,"pcr, pcr_zscore, vol_of_vol, iv_percentile_rank, relative_pcr, rsi20, pct_fg",0.10369817709143246,-6858.50615896746,0.002576470164147796,0.005357373864308358,7,0.3613451935062121
1679,"pcr, pcr_zscore, vol_of_vol, iv_percentile_rank, relative_pcr, fg, pct_fg",0.24468409943061253,-7106.678351781847,0.002562625928592453,0.00010709273966011401,7,0.5009466922898578
1680,"pcr, pcr_zscore, vol_of_vol, iv_percentile_rank, rsi20, fg, pct_fg",0.14452573606263136,-10256.628010054288,0.003487059022942129,0.00010709273966011401,7,0.49323163835684425
1681,"pcr, pcr_zscore, vol_of_vol, relative_pcr, rsi20, fg, pct_fg",0.22487241851170983,-6034.878422949183,0.003993021647478253,0.00010709273966011401,7,0.6241745832595351
1682,"pcr, pcr_zscore, trend_strength, iv_percentile_rank, relative_pcr, rsi20, fg",0.12460813017663536,-7986.269244150986,0.007163865102789865,0.019672034703914543,7,0.8409946404556219
1683,"pcr, pcr_zscore, trend_strength, iv_percentile_rank, relative_pcr, rsi20, pct_fg",0.20314535358661717,-4978.682000351485,0.0076619988171989,0.009454760560121286,7,0.9693452353065073
1684,"pcr, pcr_zscore, trend_strength, iv_percentile_rank, relative_pcr, fg, pct_fg",0.3147601617037988,-4829.524053350111,0.003476979240178302,0.002183965016622263,7,0.6624580857216289
1685,"pcr, pcr_zscore, trend_strength, iv_percentile_rank, rsi20, fg, pct_fg",0.19204361737013734,-8009.52274014932,0.004465389182416837,0.00010709273966011401,7,0.638582535611821
1686,"pcr, pcr_zscore, trend_strength, relative_pcr, rsi20, fg, pct_fg",0.332508074265696,-3695.0212340536,0.003424163529052222,0.00011243300676137824,7,0.6749244271709183
1687,"pcr, pcr_zscore, iv_percentile_rank, relative_pcr, rsi20, fg, pct_fg",0.1921089642987643,-7087.730784093578,0.005430530705076779,0.00010709273966011401,7,0.7351620348064423
1688,"pcr, vol_of_vol, trend_strength, iv_percentile_rank, relative_pcr, rsi20, fg",0.12263762913865776,-9962.964026673164,0.007680426558414372,0.019672034703914543,7,0.8906802849800949
1689,"pcr, vol_of_vol, trend_strength, iv_percentile_rank, relative_pcr, rsi20, pct_fg",0.1649722784599976,-6500.083901458618,0.0025394386950771835,0.005719049151946661,7,0.4189161479677159
1690,"pcr, vol_of_vol, trend_strength, iv_percentile_rank, relative_pcr, fg, pct_fg",0.29972652979712994,-6883.795269223885,0.0026007623190075833,0.00435627972710695,7,0.5598027616978882
1691,"pcr, vol_of_vol, trend_strength, iv_percentile_rank, rsi20, fg, pct_fg",0.10843106367013881,-10223.154096815866,0.008990256637416998,0.00010709273966011401,7,1.0074567274118387
1692,"pcr, vol_of_vol, trend_strength, relative_pcr, rsi20, fg, pct_fg",0.25046244008253815,-5814.620752296196,0.005062306049619331,0.006313808033684815,7,0.7566930450444712
1693,"pcr, vol_of_vol, iv_percentile_rank, relative_pcr, rsi20, fg, pct_fg",0.14914596831164373,-8947.533599917468,0.006266924253007984,0.00010709273966011401,7,0.7758383936124421
1694,"pcr, trend_strength, iv_percentile_rank, relative_pcr, rsi20, fg, pct_fg",0.19168367599266317,-6816.876720244762,0.005769100789891816,0.00010709273966011401,7,0.7685937549818447
1695,"iv_skew, normalized_vrp, pcr_zscore, vol_of_vol, trend_strength, iv_percentile_rank, relative_pcr",0.14941953085493836,-6677.869639647106,0.001797818239841362,0.013110207048583962,7,0.32920135483907453
1696,"iv_skew, normalized_vrp, pcr_zscore, vol_of_vol, trend_strength, iv_percentile_rank, rsi20",0.08933619353320627,-9851.615555291046,0.0021021268810891515,0.007097531928645467,7,0.2995488816421214
1697,"iv_skew, normalized_vrp, pcr_zscore, vol_of_vol, trend_strength, iv_percentile_rank, fg",0.1295096655715457,-10322.10057102437,0.0027399243155079548,0.009264333393758222,7,0.4035020971223412
1698,"iv_skew, normalized_vrp, pcr_zscore, vol_of_vol, trend_strength, iv_percentile_rank, pct_fg",0.12861904887134276,-6615.343596225203,0.00471834461942564,0.009265984898871638,7,0.6004535108139067
1699,"iv_skew, normalized_vrp, pcr_zscore, vol_of_vol, trend_strength, relative_pcr, rsi20",0.07449119483427015,-5764.042938041779,0.0017039385969864756,0.006309978694607504,7,0.2448850545329177
1700,"iv_skew, normalized_vrp, pcr_zscore, vol_of_vol, trend_strength, relative_pcr, fg",0.09206127422368794,-6125.155332772545,0.0023933216895981593,0.008287344405528682,7,0.3313934431835039
1701,"iv_skew, normalized_vrp, pcr_zscore, vol_of_vol, trend_strength, relative_pcr, pct_fg",0.20489508539529475,-2681.54047321967,0.0023293735696811473,0.005754202060590644,7,0.43783244236340946
1702,"iv_skew, normalized_vrp, pcr_zscore, vol_of_vol, trend_strength, rsi20, fg",0.1314687835790444,-9400.293740046574,0.00628665328631149,0.008053349150177868,7,0.7601341122101934
1703,"iv_skew, normalized_vrp, pcr_zscore, vol_of_vol, trend_strength, rsi20, pct_fg",0.135744418399114,-5576.772063531582,0.004840283610595117,0.006664462249356086,7,0.6197727794586256
1704,"iv_skew, normalized_vrp, pcr_zscore, vol_of_vol, trend_strength, fg, pct_fg",0.045899230000520846,-6264.604690775234,0.0049030889085118455,0.0029486284805926503,7,0.5362081208517054
1705,"iv_skew, normalized_vrp, pcr_zscore, vol_of_vol, iv_percentile_rank, relative_pcr, rsi20",0.11865933165861575,-8876.930808363115,0.0010298749141356542,0.007548299072031986,7,0.22164682307218117
1706,"iv_skew, normalized_vrp, pcr_zscore, vol_of_vol, iv_percentile_rank, relative_pcr, fg",0.10718419221362087,-9325.773108363996,0.0012406210515717468,0.009264333393758222,7,0.23124629737079555
1707,"iv_skew, normalized_vrp, pcr_zscore, vol_of_vol, iv_percentile_rank, relative_pcr, pct_fg",0.17656384578826992,-5590.286742295411,0.0008902117381174547,0.008834863103201796,7,0.2655850196000154
1708,"iv_skew, normalized_vrp, pcr_zscore, vol_of_vol, iv_percentile_rank, rsi20, fg",0.1064161193634089,-12668.075135903791,0.005871405172673353,0.0021024574022335107,7,0.6935566366307442
1709,"iv_skew, normalized_vrp, pcr_zscore, vol_of_vol, iv_percentile_rank, rsi20, pct_fg",0.17425171641592285,-8995.276360571175,0.004316075664717293,0.012236974884391082,7,0.6058592828876521
1710,"iv_skew, normalized_vrp, pcr_zscore, vol_of_vol, iv_percentile_rank, fg, pct_fg",0.1919801825280704,-9306.137338005688,0.0027761713918055464,0.011634096896779687,7,0.469597321708625
1711,"iv_skew, normalized_vrp, pcr_zscore, vol_of_vol, relative_pcr, rsi20, fg",0.13370401518020417,-8508.639712980374,0.006461594686519119,0.008482386063180851,7,0.779863483832116
1712,"iv_skew, normalized_vrp, pcr_zscore, vol_of_vol, relative_pcr, rsi20, pct_fg",0.13685018075468117,-4949.435064396128,0.003773274670571907,0.004519675429815274,7,0.5141776478118719
1713,"iv_skew, normalized_vrp, pcr_zscore, vol_of_vol, relative_pcr, fg, pct_fg",0.1218802714627506,-5128.72219094622,0.005907629589108734,0.006367275495422233,7,0.712643230373624
1714,"iv_skew, normalized_vrp, pcr_zscore, vol_of_vol, rsi20, fg, pct_fg",0.26214317383687247,-8273.951945309838,0.007943136465459228,0.008123806520376867,7,1.0564568203827953
1715,"iv_skew, normalized_vrp, pcr_zscore, trend_strength, iv_percentile_rank, relative_pcr, rsi20",0.1158512988002026,-6556.363749064147,0.0025853536680306107,0.009513608989195444,7,0.37438666560326367
1716,"iv_skew, normalized_vrp, pcr_zscore, trend_strength, iv_percentile_rank, relative_pcr, fg",0.1421158163953046,-7080.218080856068,0.002714959286851235,0.007995595052254282,7,0.4136117450804281
1717,"iv_skew, normalized_vrp, pcr_zscore, trend_strength, iv_percentile_rank, relative_pcr, pct_fg",0.17579637547413246,-3503.80742050472,0.0012709803712777819,0.012082292688545866,7,0.30289441260191063
1718,"iv_skew, normalized_vrp, pcr_zscore, trend_strength, iv_percentile_rank, rsi20, fg",0.09318955703976567,-10403.288884300679,0.006697708059651614,0.010515395352544265,7,0.7629603630049271
1719,"iv_skew, normalized_vrp, pcr_zscore, trend_strength, iv_percentile_rank, rsi20, pct_fg",0.14611212460800213,-6556.062759939644,0.0025841163041907685,0.0038026539698083036,7,0.40452375502707894
1720,"iv_skew, normalized_vrp, pcr_zscore, trend_strength, iv_percentile_rank, fg, pct_fg",0.28732719176175764,-6999.8686700793405,0.003697009516606418,0.007051137091174953,7,0.6570281434223995
1721,"iv_skew, normalized_vrp, pcr_zscore, trend_strength, relative_pcr, rsi20, fg",0.09811124533832456,-6147.796809516012,0.003812280693928764,0.00010709273966011401,7,0.47933931473120095
1722,"iv_skew, normalized_vrp, pcr_zscore, trend_strength, relative_pcr, rsi20, pct_fg",0.3190772180757044,-2257.1795949755306,0.005410638547603656,0.005611093418038008,7,0.8601410728360699
1723,"iv_skew, normalized_vrp, pcr_zscore, trend_strength, relative_pcr, fg, pct_fg",0.3221637001694647,-2905.346852823793,0.006322826710078149,0.004123799831975276,7,0.9544463711772796
1724,"iv_skew, normalized_vrp, pcr_zscore, trend_strength, rsi20, fg, pct_fg",0.24172830848586807,-6154.319218122117,0.0073087961298091645,0.00010709273966011401,7,0.9726079214667844
1725,"iv_skew, normalized_vrp, pcr_zscore, iv_percentile_rank, relative_pcr, rsi20, fg",0.09142525427131996,-9473.26751622158,0.007199296528966384,0.008482386063180851,7,0.8113549071679583
1726,"iv_skew, normalized_vrp, pcr_zscore, iv_percentile_rank, relative_pcr, rsi20, pct_fg",0.1595644179290403,-5755.877978583946,0.0027641094147613085,0.014276207062744822,7,0.4359753594051711
1727,"iv_skew, normalized_vrp, pcr_zscore, iv_percentile_rank, relative_pcr, fg, pct_fg",0.2981095024488488,-6031.003494454268,0.0034937283446190345,0.007051137091174953,7,0.6474823369107523
1728,"iv_skew, normalized_vrp, pcr_zscore, iv_percentile_rank, rsi20, fg, pct_fg",0.07814112968101074,-9321.367098724557,0.009635125851215752,0.006771684898978695,7,1.041653714802586
1729,"iv_skew, normalized_vrp, pcr_zscore, relative_pcr, rsi20, fg, pct_fg",0.21326466469986732,-5184.510808855956,0.004140365994991375,0.00010709273966011401,7,0.6273012641990048
1730,"iv_skew, normalized_vrp, vol_of_vol, trend_strength, iv_percentile_rank, relative_pcr, rsi20",0.07572719536557745,-8430.334322595294,0.002539303837809522,0.005732365142289177,7,0.3296575791465296
1731,"iv_skew, normalized_vrp, vol_of_vol, trend_strength, iv_percentile_rank, relative_pcr, fg",0.11360016290336554,-8944.564404145302,0.0011608150481324801,0.007973334247146613,7,0.22968166771661355
1732,"iv_skew, normalized_vrp, vol_of_vol, trend_strength, iv_percentile_rank, relative_pcr, pct_fg",0.06813696557079241,-5185.471411254372,0.0013859850499119836,0.004507241374719678,7,0.20673547056199076
1733,"iv_skew, normalized_vrp, vol_of_vol, trend_strength, iv_percentile_rank, rsi20, fg",0.10262751538065987,-12070.944489518624,0.005901734448749111,0.008482386063180851,7,0.6928009602555709
1734,"iv_skew, normalized_vrp, vol_of_vol, trend_strength, iv_percentile_rank, rsi20, pct_fg",0.1417465748088063,-8210.151723945937,0.0012408351892040205,0.0032079030710440008,7,0.26583009372920835
1735,"iv_skew, normalized_vrp, vol_of_vol, trend_strength, iv_percentile_rank, fg, pct_fg",0.24893063646178398,-8762.331000517031,0.003087537949401542,0.019625184310153043,7,0.5576844314019382
1736,"iv_skew, normalized_vrp, vol_of_vol, trend_strength, relative_pcr, rsi20, fg",0.12646623284884126,-8039.8497040812545,0.005449817589514032,0.008482386063180851,7,0.6714479918002445
1737,"iv_skew, normalized_vrp, vol_of_vol, trend_strength, relative_pcr, rsi20, pct_fg",0.09241401651186823,-4203.326393927648,0.003657341599219007,0.0025231547692309915,7,0.4581481764337689
1738,"iv_skew, normalized_vrp, vol_of_vol, trend_strength, relative_pcr, fg, pct_fg",0.05780240899032735,-4894.43851978708,0.004105060662175894,0.003936833270061514,7,0.46830847520791674
1739,"iv_skew, normalized_vrp, vol_of_vol, trend_strength, rsi20, fg, pct_fg",0.2355230458576233,-7666.2795274744185,0.008971992186716495,0.006771684898978695,7,1.1327222645292727
1740,"iv_skew, normalized_vrp, vol_of_vol, iv_percentile_rank, relative_pcr, rsi20, fg",0.10139564125694815,-11254.897835256605,0.005534713483161688,0.0022843539074456267,7,0.654866989573117
1741,"iv_skew, normalized_vrp, vol_of_vol, iv_percentile_rank, relative_pcr, rsi20, pct_fg",0.177732624440968,-7546.045470159745,0.0026536538908534073,0.013593616744020608,7,0.44309801352630873
1742,"iv_skew, normalized_vrp, vol_of_vol, iv_percentile_rank, relative_pcr, fg, pct_fg",0.1423844629329241,-7732.115684833674,0.0033358046793831664,0.019625184310153043,7,0.4759649308712407
1743,"iv_skew, normalized_vrp, vol_of_vol, iv_percentile_rank, rsi20, fg, pct_fg",0.09210281507129575,-10888.750187855861,0.008818021922287936,0.006771684898978695,7,0.9739050073000892
1744,"iv_skew, normalized_vrp, vol_of_vol, relative_pcr, rsi20, fg, pct_fg",0.22034367887234224,-6859.052593591541,0.01032635715411009,0.006771684898978695,7,1.2529793942833514
1745,"iv_skew, normalized_vrp, trend_strength, iv_percentile_rank, relative_pcr, rsi20, fg",0.09259484133357712,-9036.02210896036,0.0063108833991512275,0.008482386063180851,7,0.7236831812486998
1746,"iv_skew, normalized_vrp, trend_strength, iv_percentile_rank, relative_pcr, rsi20, pct_fg",0.15823111640623277,-5193.700004152988,0.0031305190800750555,0.005227251080172285,7,0.4712830244137383
1747,"iv_skew, normalized_vrp, trend_strength, iv_percentile_rank, relative_pcr, fg, pct_fg",0.26558276525833335,-5665.143289132046,0.0038846507511402055,0.0029767653660215886,7,0.654047840372354
1748,"iv_skew, normalized_vrp, trend_strength, iv_percentile_rank, rsi20, fg, pct_fg",0.07000487870845157,-8767.306960676366,0.010983333755274157,0.006771684898978695,7,1.1683382542358671
1749,"iv_skew, normalized_vrp, trend_strength, relative_pcr, rsi20, fg, pct_fg",0.2485348416946994,-4683.729739303762,0.011679997315304766,0.006771684898978695,7,1.416534573225176
1750,"iv_skew, normalized_vrp, iv_percentile_rank, relative_pcr, rsi20, fg, pct_fg",0.07732855683435351,-7910.097887623902,0.011043158020479369,0.006771684898978695,7,1.1816443588822905
1751,"iv_skew, pcr_zscore, vol_of_vol, trend_strength, iv_percentile_rank, relative_pcr, rsi20",0.11588959888869996,-9236.779775678759,0.0016357847451563287,0.004306242899556931,7,0.27946807340433283
1752,"iv_skew, pcr_zscore, vol_of_vol, trend_strength, iv_percentile_rank, relative_pcr, fg",0.11106240053131947,-9852.61972306665,0.001455460761508686,0.002671308499592277,7,0.25660847668218806
1753,"iv_skew, pcr_zscore, vol_of_vol, trend_strength, iv_percentile_rank, relative_pcr, pct_fg",0.16459072784840678,-6108.678615015347,0.0014687231669920824,0.004422627830078504,7,0.31146304454761503
1754,"iv_skew, pcr_zscore, vol_of_vol, trend_strength, iv_percentile_rank, rsi20, fg",0.12401577156582971,-12855.516931873688,0.006545092837648893,0.00010709273966011401,7,0.778525055330719
1755,"iv_skew, pcr_zscore, vol_of_vol, trend_strength, iv_percentile_rank, rsi20, pct_fg",0.22674864408322493,-9336.79992678835,0.0006398892984015656,0.005144899911079531,7,0.2907375739233815
1756,"iv_skew, pcr_zscore, vol_of_vol, trend_strength, iv_percentile_rank, fg, pct_fg",0.30782779493129947,-9766.946834503364,0.002905807966929223,0.00435627972710695,7,0.5984085916242218
1757,"iv_skew, pcr_zscore, vol_of_vol, trend_strength, relative_pcr, rsi20, fg",0.08235730028318526,-8773.042294835312,0.0036647266901864784,0.0048062831497402946,7,0.4488299693018331
1758,"iv_skew, pcr_zscore, vol_of_vol, trend_strength, relative_pcr, rsi20, pct_fg",0.17074903591618312,-5190.1427060267415,0.0018645945072072675,0.0058414703217452325,7,0.35720848663690985
1759,"iv_skew, pcr_zscore, vol_of_vol, trend_strength, relative_pcr, fg, pct_fg",0.21923027449541613,-5620.46064420939,0.004419179581657562,0.00661190761352557,7,0.6611482326611723
1760,"iv_skew, pcr_zscore, vol_of_vol, trend_strength, rsi20, fg, pct_fg",0.24449569869482712,-8781.990300841071,0.004947483464350137,0.00548374458399739,7,0.7392440451298409
1761,"iv_skew, pcr_zscore, vol_of_vol, iv_percentile_rank, relative_pcr, rsi20, fg",0.12586288748497892,-11937.975036502172,0.007305771520285102,0.019672034703914543,7,0.8564400395134892
1762,"iv_skew, pcr_zscore, vol_of_vol, iv_percentile_rank, relative_pcr, rsi20, pct_fg",0.22996508447826128,-8413.636142348261,0.003673295678985194,0.007962639536235504,7,0.5972946523767807
1763,"iv_skew, pcr_zscore, vol_of_vol, iv_percentile_rank, relative_pcr, fg, pct_fg",0.2375307753994991,-8736.592464168758,0.0022848824893365316,0.00047463598835520773,7,0.46601902433315223
1764,"iv_skew, pcr_zscore, vol_of_vol, iv_percentile_rank, rsi20, fg, pct_fg",0.1437052766522102,-11903.019847273405,0.004970854664179769,0.00010709273966011401,7,0.640790743070187
1765,"iv_skew, pcr_zscore, vol_of_vol, relative_pcr, rsi20, fg, pct_fg",0.2287911606266021,-7729.500912912824,0.005655395476067155,0.00010709273966011401,7,0.7943307082333176
1766,"iv_skew, pcr_zscore, trend_strength, iv_percentile_rank, relative_pcr, rsi20, fg",0.128089541942898,-9719.342509706255,0.007394203837076262,0.019672034703914543,7,0.8675099256505242
1767,"iv_skew, pcr_zscore, trend_strength, iv_percentile_rank, relative_pcr, rsi20, pct_fg",0.21251870068856657,-6528.235795106217,0.007201060450762156,0.009454760560121286,7,0.9326247457647823
1768,"iv_skew, pcr_zscore, trend_strength, iv_percentile_rank, relative_pcr, fg, pct_fg",0.3180868136596207,-6521.361787310244,0.003518039480737571,0.00435627972710695,7,0.6698907617333778
1769,"iv_skew, pcr_zscore, trend_strength, iv_percentile_rank, rsi20, fg, pct_fg",0.12102016652292875,-10069.07710268655,0.005706513489716512,0.00010709273966011401,7,0.69167151549458
1770,"iv_skew, pcr_zscore, trend_strength, relative_pcr, rsi20, fg, pct_fg",0.24081543661773203,-5722.614694488291,0.03378173549090389,0.00010709273966011401,7,3.6189889857081208
1771,"iv_skew, pcr_zscore, iv_percentile_rank, relative_pcr, rsi20, fg, pct_fg",0.21793741307981582,-8822.811460922963,0.004533193044355663,0.00010709273966011401,7,0.6712567175153821
1772,"iv_skew, vol_of_vol, trend_strength, iv_percentile_rank, relative_pcr, rsi20, fg",0.12369540378122176,-11485.330795671534,0.005990094096893267,0.00010709273966011401,7,0.7227048134705485
1773,"iv_skew, vol_of_vol, trend_strength, iv_percentile_rank, relative_pcr, rsi20, pct_fg",0.26988501160014394,-8093.182912297259,0.00276192525444946,0.013536379250772548,7,0.5460775370450899
1774,"iv_skew, vol_of_vol, trend_strength, iv_percentile_rank, relative_pcr, fg, pct_fg",0.2644323405000362,-8434.967477466796,0.0023918902098002477,0.00435627972710695,7,0.503621361480061
1775,"iv_skew, vol_of_vol, trend_strength, iv_percentile_rank, rsi20, fg, pct_fg",0.152705425753421,-11295.41456131084,0.0037202073649494206,0.00010709273966011401,7,0.524726162248363
1776,"iv_skew, vol_of_vol, trend_strength, relative_pcr, rsi20, fg, pct_fg",0.25989280437227796,-7413.224017027946,0.005340999617343579,0.004657619800462775,7,0.7939927661066359
1777,"iv_skew, vol_of_vol, iv_percentile_rank, relative_pcr, rsi20, fg, pct_fg",0.14353041533690136,-10456.038888760335,0.0046455003327662975,0.00010709273966011401,7,0.6080804486135312
1778,"iv_skew, trend_strength, iv_percentile_rank, relative_pcr, rsi20, fg, pct_fg",0.17518797425987095,-8422.892895236066,0.003578879220016767,0.00010709273966011401,7,0.5330758962615476
1779,"normalized_vrp, pcr_zscore, vol_of_vol, trend_strength, iv_percentile_rank, relative_pcr, rsi20",0.12167396793916188,-8536.361312871511,0.0008474824826706976,0.005800593627070062,7,0.20642221620623163
1780,"normalized_vrp, pcr_zscore, vol_of_vol, trend_strength, iv_percentile_rank, relative_pcr, fg",0.11536086757848803,-8967.106248480757,0.0011611365231109071,0.006275759591219841,7,0.23147451988957873
1781,"normalized_vrp, pcr_zscore, vol_of_vol, trend_strength, iv_percentile_rank, relative_pcr, pct_fg",0.21615616679558067,-5247.440977708392,0.000561709919873467,0.007723333290393698,7,0.27232715878292735
1782,"normalized_vrp, pcr_zscore, vol_of_vol, trend_strength, iv_percentile_rank, rsi20, fg",0.102262205740198,-12307.231074341671,0.007051165398128865,0.006847648926511785,7,0.8073787455530844
1783,"normalized_vrp, pcr_zscore, vol_of_vol, trend_strength, iv_percentile_rank, rsi20, pct_fg",0.1703809643408352,-8541.020216712255,0.0040563377195856395,0.009776943822451917,7,0.5760147362993991
1784,"normalized_vrp, pcr_zscore, vol_of_vol, trend_strength, iv_percentile_rank, fg, pct_fg",0.19658157277804292,-8945.608164647763,0.003298040980086173,0.011634096896779687,7,0.5263856707866602
1785,"normalized_vrp, pcr_zscore, vol_of_vol, trend_strength, relative_pcr, rsi20, fg",0.07515116742203644,-8185.986486294642,0.004911272577117109,0.008588295161973583,7,0.5662784251337474
1786,"normalized_vrp, pcr_zscore, vol_of_vol, trend_strength, relative_pcr, rsi20, pct_fg",0.10357908324131375,-4368.27260567042,0.003416386835588253,0.008082035350868506,7,0.4452177668001391
1787,"normalized_vrp, pcr_zscore, vol_of_vol, trend_strength, relative_pcr, fg, pct_fg",0.2446928263586741,-4665.54073645638,0.004380573519510593,0.00010709273966011401,7,0.6827501783097334
1788,"normalized_vrp, pcr_zscore, vol_of_vol, trend_strength, rsi20, fg, pct_fg",0.20540877333885474,-7921.185968024707,0.011472357670974015,0.007051137091174953,7,1.3526445404362561
1789,"normalized_vrp, pcr_zscore, vol_of_vol, iv_percentile_rank, relative_pcr, rsi20, fg",0.10739917433606355,-11395.250169026644,0.006312930255890614,0.00558951656447364,7,0.738692199925125
1790,"normalized_vrp, pcr_zscore, vol_of_vol, iv_percentile_rank, relative_pcr, rsi20, pct_fg",0.1546581180889055,-7693.503709319927,0.003941101148818225,0.005699217418657601,7,0.548768232970728
1791,"normalized_vrp, pcr_zscore, vol_of_vol, iv_percentile_rank, relative_pcr, fg, pct_fg",0.21223276746139982,-7883.364461620067,0.00282242216261627,0.013476205346235335,7,0.4944749837230268
1792,"normalized_vrp, pcr_zscore, vol_of_vol, iv_percentile_rank, rsi20, fg, pct_fg",0.03545943403031151,-11220.484009612404,0.009994913904714431,0.006771684898978695,7,1.0349508245017547
1793,"normalized_vrp, pcr_zscore, vol_of_vol, relative_pcr, rsi20, fg, pct_fg",0.26123731959492463,-7007.277595656093,0.00789317036115799,0.008399317450901764,7,1.0505543557107238
1794,"normalized_vrp, pcr_zscore, trend_strength, iv_percentile_rank, relative_pcr, rsi20, fg",0.0825286392694302,-9144.156532883879,0.007908053020372483,0.007840654920060176,7,0.8733339413066785
1795,"normalized_vrp, pcr_zscore, trend_strength, iv_percentile_rank, relative_pcr, rsi20, pct_fg",0.08945976460735051,-5394.29323702184,0.0019961010446059957,0.0038026539698083036,7,0.28906986906795007
1796,"normalized_vrp, pcr_zscore, trend_strength, iv_percentile_rank, relative_pcr, fg, pct_fg",0.2948875283932949,-5708.0005137100015,0.0031610835998150417,0.007051137091174953,7,0.610995888374799
1797,"normalized_vrp, pcr_zscore, trend_strength, iv_percentile_rank, rsi20, fg, pct_fg",0.05262678270229052,-8970.447117672866,0.012118015349521522,0.007051137091174953,7,1.2644283176544429
1798,"normalized_vrp, pcr_zscore, trend_strength, relative_pcr, rsi20, fg, pct_fg",0.19341577787163675,-4827.363007214426,0.0037866511188137074,0.006212229889118503,7,0.5720808897530075
1799,"normalized_vrp, pcr_zscore, iv_percentile_rank, relative_pcr, rsi20, fg, pct_fg",0.04851282244410671,-8059.081518972835,0.012151428072538106,0.006771684898978695,7,1.2636556296979173
1800,"normalized_vrp, vol_of_vol, trend_strength, iv_percentile_rank, relative_pcr, rsi20, fg",0.09924023420453217,-10928.624715014326,0.005233210686087975,0.006847648926511785,7,0.6225613028133297
1801,"normalized_vrp, vol_of_vol, trend_strength, iv_percentile_rank, relative_pcr, rsi20, pct_fg",0.15418718327639502,-7104.022791738561,0.001777867595522569,0.005275303157153454,7,0.3319739428286519
1802,"normalized_vrp, vol_of_vol, trend_strength, iv_percentile_rank, relative_pcr, fg, pct_fg",0.14212692413361874,-7500.984554289963,0.003727960772833141,0.054791654293411235,7,0.5149230014169328
1803,"normalized_vrp, vol_of_vol, trend_strength, iv_percentile_rank, rsi20, fg, pct_fg",0.05097221154550429,-10594.813354277183,0.0077151568290378895,0.004040704323147851,7,0.8224878944492932
1804,"normalized_vrp, vol_of_vol, trend_strength, relative_pcr, rsi20, fg, pct_fg",0.19103078142058263,-6539.6649965751685,0.010619946741612894,0.006771684898978695,7,1.253025455581872
1805,"normalized_vrp, vol_of_vol, iv_percentile_rank, relative_pcr, rsi20, fg, pct_fg",0.038638433421106365,-9802.60955263161,0.007673348223671162,0.006771684898978695,7,0.8059732557882227
1806,"normalized_vrp, trend_strength, iv_percentile_rank, relative_pcr, rsi20, fg, pct_fg",0.0486422426133942,-7597.580743720893,0.011713802013334782,0.006771684898978695,7,1.2200224439468723
1807,"pcr_zscore, vol_of_vol, trend_strength, iv_percentile_rank, relative_pcr, rsi20, fg",0.12248006810562821,-11588.19499227102,0.007680426558414372,0.019672034703914543,7,0.8905227239470653
1808,"pcr_zscore, vol_of_vol, trend_strength, iv_percentile_rank, relative_pcr, rsi20, pct_fg",0.16046065504786888,-7895.796251319505,0.004335526114708726,0.00524659449805218,7,0.5940132665187414
1809,"pcr_zscore, vol_of_vol, trend_strength, iv_percentile_rank, relative_pcr, fg, pct_fg",0.23874571940725103,-8430.186267531464,0.002705682976829772,0.0044150471510934364,7,0.5093140170902282
1810,"pcr_zscore, vol_of_vol, trend_strength, iv_percentile_rank, rsi20, fg, pct_fg",0.10988439850722426,-11962.614002596418,0.007490550967744863,0.00010709273966011401,7,0.8589394952817107
1811,"pcr_zscore, vol_of_vol, trend_strength, relative_pcr, rsi20, fg, pct_fg",0.2653972090322352,-7463.024152097004,0.004729489844471328,0.008748035852041425,7,0.738346193479368
1812,"pcr_zscore, vol_of_vol, iv_percentile_rank, relative_pcr, rsi20, fg, pct_fg",0.10992636908362637,-11059.906051547248,0.007490550967744863,0.00010709273966011401,7,0.8589814658581127
1813,"pcr_zscore, trend_strength, iv_percentile_rank, relative_pcr, rsi20, fg, pct_fg",0.19532798038540308,-8447.283875771755,0.004049839316076322,0.00010709273966011401,7,0.6003119119930352
1814,"vol_of_vol, trend_strength, iv_percentile_rank, relative_pcr, rsi20, fg, pct_fg",0.13908109988140963,-10137.063083304307,0.004049111335456665,0.00010709273966011401,7,0.5439922334270761
1815,"pcr, iv_skew, normalized_vrp, pcr_zscore, vol_of_vol, trend_strength, iv_percentile_rank, relative_pcr",0.14405239558821203,-5536.011316787976,0.0028090678318247386,0.01282547102102746,8,0.4249591787706859
1816,"pcr, iv_skew, normalized_vrp, pcr_zscore, vol_of_vol, trend_strength, iv_percentile_rank, rsi20",0.09897131821326768,-8681.938018692905,0.0015616095622115046,0.008033904267341359,8,0.2551322744344181
1817,"pcr, iv_skew, normalized_vrp, pcr_zscore, vol_of_vol, trend_strength, iv_percentile_rank, fg",0.21029824410688966,-8627.449717038136,0.0008584493893224509,0.007897337897411053,8,0.2961431830391347
1818,"pcr, iv_skew, normalized_vrp, pcr_zscore, vol_of_vol, trend_strength, iv_percentile_rank, pct_fg",0.052235560832588214,-5448.87127709675,0.004816624801981399,0.007859876733457262,8,0.5338980410307281
1819,"pcr, iv_skew, normalized_vrp, pcr_zscore, vol_of_vol, trend_strength, relative_pcr, rsi20",0.05197556759790239,-4478.277157318235,0.001342712565924668,0.00877024363289534,8,0.1862468241903692
1820,"pcr, iv_skew, normalized_vrp, pcr_zscore, vol_of_vol, trend_strength, relative_pcr, fg",0.08755474263359839,-4963.9776153020775,0.0025325093002368706,0.00909860245914754,8,0.34080567265728545
1821,"pcr, iv_skew, normalized_vrp, pcr_zscore, vol_of_vol, trend_strength, relative_pcr, pct_fg",0.037127847063678825,-1281.9307036667067,0.002870116811062276,0.006292293365897954,8,0.32413952816990643
1822,"pcr, iv_skew, normalized_vrp, pcr_zscore, vol_of_vol, trend_strength, rsi20, fg",0.0916095417348149,-8297.515714903644,0.005060990951188922,0.009123109672521898,8,0.5977086368537072
1823,"pcr, iv_skew, normalized_vrp, pcr_zscore, vol_of_vol, trend_strength, rsi20, pct_fg",0.10527525890793696,-4431.763071285621,0.001556993241680794,0.010307391298910033,8,0.2609745830760164
1824,"pcr, iv_skew, normalized_vrp, pcr_zscore, vol_of_vol, trend_strength, fg, pct_fg",0.09727783733688003,-4891.111043327582,0.004574205837313714,0.00553303266213729,8,0.5546984210682514
1825,"pcr, iv_skew, normalized_vrp, pcr_zscore, vol_of_vol, iv_percentile_rank, relative_pcr, rsi20",0.106954471864671,-7753.47418590623,0.0016874702261050283,0.008114793077152994,8,0.27570149447517384
1826,"pcr, iv_skew, normalized_vrp, pcr_zscore, vol_of_vol, iv_percentile_rank, relative_pcr, fg",0.10723635657248066,-8179.560806688218,0.00213693192458741,0.007973334247146613,8,0.3209295490312217
1827,"pcr, iv_skew, normalized_vrp, pcr_zscore, vol_of_vol, iv_percentile_rank, relative_pcr, pct_fg",0.007629311467324187,-4437.814666238046,0.003101344235999646,0.005295854976651237,8,0.3177637350672888
1828,"pcr, iv_skew, normalized_vrp, pcr_zscore, vol_of_vol, iv_percentile_rank, rsi20, fg",0.09550898430756337,-11467.371029462649,0.005389931138941581,0.00985143554107031,8,0.6345020982017215
1829,"pcr, iv_skew, normalized_vrp, pcr_zscore, vol_of_vol, iv_percentile_rank, rsi20, pct_fg",0.20194365151534996,-7842.8058743372685,0.0032128357007268574,0.009316979319529057,8,0.5232272215880357
1830,"pcr, iv_skew, normalized_vrp, pcr_zscore, vol_of_vol, iv_percentile_rank, fg, pct_fg",0.19544144123012144,-8027.070446577128,0.0032446708781827746,0.0029767653660215886,8,0.5199085290483989
1831,"pcr, iv_skew, normalized_vrp, pcr_zscore, vol_of_vol, relative_pcr, rsi20, fg",0.1306747757027126,-7303.1735669982745,0.006560850883397905,0.007182178427178787,8,0.7867598640425031
1832,"pcr, iv_skew, normalized_vrp, pcr_zscore, vol_of_vol, relative_pcr, rsi20, pct_fg",0.16541616496986197,-3761.265801028582,0.0016154076526436602,0.005252165451262218,8,0.326956930234228
1833,"pcr, iv_skew, normalized_vrp, pcr_zscore, vol_of_vol, relative_pcr, fg, pct_fg",0.12214108425958829,-3965.1316969486893,0.005314299537471578,0.0049009356316844395,8,0.6535710380067461
1834,"pcr, iv_skew, normalized_vrp, pcr_zscore, vol_of_vol, rsi20, fg, pct_fg",0.22822234023950985,-6937.090079631156,0.010011476245340566,0.0055723744583968966,8,1.2293699647735663
1835,"pcr, iv_skew, normalized_vrp, pcr_zscore, trend_strength, iv_percentile_rank, relative_pcr, rsi20",0.11166220454375778,-5386.579567984393,0.0021076307713808955,0.008211423145955181,8,0.3224252816818473
1836,"pcr, iv_skew, normalized_vrp, pcr_zscore, trend_strength, iv_percentile_rank, relative_pcr, fg",0.1421107239452911,-5897.806195912399,0.002714959286851235,0.007973334247146613,8,0.41360665263041463
1837,"pcr, iv_skew, normalized_vrp, pcr_zscore, trend_strength, iv_percentile_rank, relative_pcr, pct_fg",0.015504744554513549,-2201.416443757999,0.0033901933314006163,0.004291347140613005,8,0.35452407769457517
1838,"pcr, iv_skew, normalized_vrp, pcr_zscore, trend_strength, iv_percentile_rank, rsi20, fg",0.10193301388828385,-9183.850232714256,0.006592317574170793,0.009315238581314899,8,0.7611647713053631
1839,"pcr, iv_skew, normalized_vrp, pcr_zscore, trend_strength, iv_percentile_rank, rsi20, pct_fg",0.07653402527117328,-5335.543196515634,0.003647081953907351,0.004172887625299152,8,0.44124222066190844
1840,"pcr, iv_skew, normalized_vrp, pcr_zscore, trend_strength, iv_percentile_rank, fg, pct_fg",0.20433058491089004,-5698.62154532587,0.0038131777823695065,0.007051137091174953,8,0.5856483631478406
1841,"pcr, iv_skew, normalized_vrp, pcr_zscore, trend_strength, relative_pcr, rsi20, fg",0.07743838726192483,-4893.637869693414,0.004939077526651573,0.01487635129931332,8,0.5713461399270822
1842,"pcr, iv_skew, normalized_vrp, pcr_zscore, trend_strength, relative_pcr, rsi20, pct_fg",0.32649386897178273,-1108.4623884275943,0.004293838349579988,0.004812371874623266,8,0.7558777039297815
1843,"pcr, iv_skew, normalized_vrp, pcr_zscore, trend_strength, relative_pcr, fg, pct_fg",0.3411141567291595,-1656.7468024874563,0.013755795865560617,0.005374252855230046,8,1.7166937432852214
1844,"pcr, iv_skew, normalized_vrp, pcr_zscore, trend_strength, rsi20, fg, pct_fg",0.22196924670485996,-4752.055691485048,0.005174961090920969,0.012159432145277132,8,0.7394653557969568
1845,"pcr, iv_skew, normalized_vrp, pcr_zscore, iv_percentile_rank, relative_pcr, rsi20, fg",0.10477158042275504,-8272.49350685049,0.005421623000000443,0.007459317129027226,8,0.6469338804227993
1846,"pcr, iv_skew, normalized_vrp, pcr_zscore, iv_percentile_rank, relative_pcr, rsi20, pct_fg",0.11600680320515185,-4509.035431903712,0.0007117916918991281,0.005157312113688612,8,0.18718597239506465
1847,"pcr, iv_skew, normalized_vrp, pcr_zscore, iv_percentile_rank, relative_pcr, fg, pct_fg",0.29663493996770446,-4835.213106697607,0.0030125267808540717,0.0029767653660215886,8,0.5978876180531116
1848,"pcr, iv_skew, normalized_vrp, pcr_zscore, iv_percentile_rank, rsi20, fg, pct_fg",0.07957287926261704,-7983.081863619032,0.009641840271010584,0.006771684898978695,8,1.0437569063636756
1849,"pcr, iv_skew, normalized_vrp, pcr_zscore, relative_pcr, rsi20, fg, pct_fg",0.18832301286572414,-3847.7860588150584,0.005273333113734263,0.0035110450429631105,8,0.7156563242391505
1850,"pcr, iv_skew, normalized_vrp, vol_of_vol, trend_strength, iv_percentile_rank, relative_pcr, rsi20",0.11961908085123696,-6708.866583262437,0.005802257755978877,0.007508564070905121,8,0.6998448564491246
1851,"pcr, iv_skew, normalized_vrp, vol_of_vol, trend_strength, iv_percentile_rank, relative_pcr, fg",0.11014122651179366,-7909.464165056498,0.0021327644946655074,0.007995595052254282,8,0.3234176759783444
1852,"pcr, iv_skew, normalized_vrp, vol_of_vol, trend_strength, iv_percentile_rank, relative_pcr, pct_fg",0.12312807168157533,-4236.864591400978,0.005140977820969903,0.012970987733149605,8,0.6372258537785657
1853,"pcr, iv_skew, normalized_vrp, vol_of_vol, trend_strength, iv_percentile_rank, rsi20, fg",0.09300771278707241,-11056.619505179295,0.00488927051918127,0.006847648926511785,8,0.5819347647051994
1854,"pcr, iv_skew, normalized_vrp, vol_of_vol, trend_strength, iv_percentile_rank, rsi20, pct_fg",0.13179601352511638,-7166.035547265091,0.0030921242113625823,0.007676602652264153,8,0.4410084346613746
1855,"pcr, iv_skew, normalized_vrp, vol_of_vol, trend_strength, iv_percentile_rank, fg, pct_fg",0.21885059135340382,-7735.000372035155,0.002465330191515686,0.0407151263546806,8,0.46538361050497246
1856,"pcr, iv_skew, normalized_vrp, vol_of_vol, trend_strength, relative_pcr, rsi20, fg",0.12888997294733,-6966.927072309937,0.005879669087022503,0.007182178427178787,8,0.7168568816495802
1857,"pcr, iv_skew, normalized_vrp, vol_of_vol, trend_strength, relative_pcr, rsi20, pct_fg",0.2786876110755725,-3128.3282850595865,0.004602916665916274,0.007789876709951263,8,0.7389792776672
1858,"pcr, iv_skew, normalized_vrp, vol_of_vol, trend_strength, relative_pcr, fg, pct_fg",0.04053117152349441,-3807.0612008127378,0.004728930141956202,0.0034364669765331365,8,0.5134241857191146
1859,"pcr, iv_skew, normalized_vrp, vol_of_vol, trend_strength, rsi20, fg, pct_fg",0.23080444262350439,-6564.15165094721,0.01111106748979877,0.003810532059144666,8,1.3419111916033812
1860,"pcr, iv_skew, normalized_vrp, vol_of_vol, iv_percentile_rank, relative_pcr, rsi20, fg",0.0928694681873349,-10255.373788692628,0.005699979963480007,0.0032822883388212124,8,0.6628674645353355
1861,"pcr, iv_skew, normalized_vrp, vol_of_vol, iv_percentile_rank, relative_pcr, rsi20, pct_fg",0.17272235448818957,-6441.648218535268,0.0023523292909397495,0.005260667277375887,8,0.4079552835821645
1862,"pcr, iv_skew, normalized_vrp, vol_of_vol, iv_percentile_rank, relative_pcr, fg, pct_fg",0.16386067527992368,-6764.3705215296895,0.0033507891178897265,0.054791654293411235,8,0.4989395870688963
1863,"pcr, iv_skew, normalized_vrp, vol_of_vol, iv_percentile_rank, rsi20, fg, pct_fg",0.07516491194512905,-9833.571503610952,0.008986731692293578,0.006771684898978695,8,0.9738380811744869
1864,"pcr, iv_skew, normalized_vrp, vol_of_vol, relative_pcr, rsi20, fg, pct_fg",0.21226236429112064,-5764.413131749948,0.011200514076531014,0.004031542588961143,8,1.332313771944222
1865,"pcr, iv_skew, normalized_vrp, trend_strength, iv_percentile_rank, relative_pcr, rsi20, fg",0.10107891643304331,-7963.411141577108,0.005848665664345329,0.008482386063180851,8,0.6859454828675763
1866,"pcr, iv_skew, normalized_vrp, trend_strength, iv_percentile_rank, relative_pcr, rsi20, pct_fg",0.11348191036740922,-3993.1694132095367,0.001058936546824596,0.004434684126774147,8,0.21937556504986883
1867,"pcr, iv_skew, normalized_vrp, trend_strength, iv_percentile_rank, relative_pcr, fg, pct_fg",0.28335846058756875,-4572.921088107606,0.003874212653813148,0.007051137091174953,8,0.6707797259688835
1868,"pcr, iv_skew, normalized_vrp, trend_strength, iv_percentile_rank, rsi20, fg, pct_fg",0.07115019339368814,-7612.223987058191,0.010567301105958075,0.006771684898978695,8,1.1278803039894958
1869,"pcr, iv_skew, normalized_vrp, trend_strength, relative_pcr, rsi20, fg, pct_fg",0.27430928903355534,-3506.8625084131763,0.011449224204255044,0.005886151219518156,8,1.4192317094590599
1870,"pcr, iv_skew, normalized_vrp, iv_percentile_rank, relative_pcr, rsi20, fg, pct_fg",0.06788262502679497,-6789.367314410427,0.010598243779050456,0.006771684898978695,8,1.1277070029318406
1871,"pcr, iv_skew, pcr_zscore, vol_of_vol, trend_strength, iv_percentile_rank, relative_pcr, rsi20",0.11049166885609218,-8102.519859838876,0.002133147846064148,0.004525115715159682,8,0.323806453462507
1872,"pcr, iv_skew, pcr_zscore, vol_of_vol, trend_strength, iv_percentile_rank, relative_pcr, fg",0.1108652034734382,-8680.202362369695,0.0015103583736085307,0.0051732730515941065,8,0.2619010408342913
1873,"pcr, iv_skew, pcr_zscore, vol_of_vol, trend_strength, iv_percentile_rank, relative_pcr, pct_fg",0.11737556644778281,-4914.729617645412,0.004060134768424968,0.006371106427885893,8,0.5233890432902796
1874,"pcr, iv_skew, pcr_zscore, vol_of_vol, trend_strength, iv_percentile_rank, rsi20, fg",0.12321016886330395,-11618.361727133199,0.005790832615537065,0.0,8,0.7022934304170104
1875,"pcr, iv_skew, pcr_zscore, vol_of_vol, trend_strength, iv_percentile_rank, rsi20, pct_fg",0.13914206596719295,-8027.032705075051,0.002791251120196161,0.005379684313664881,8,0.418267177986809
1876,"pcr, iv_skew, pcr_zscore, vol_of_vol, trend_strength, iv_percentile_rank, fg, pct_fg",0.30652884468988534,-8537.80435111683,0.0028568172180275706,0.00435627972710695,8,0.5922105664926425
1877,"pcr, iv_skew, pcr_zscore, vol_of_vol, trend_strength, relative_pcr, rsi20, fg",0.08150587326706236,-7545.667233003873,0.0022269204365495264,0.007628431971683945,8,0.30419791692201503
1878,"pcr, iv_skew, pcr_zscore, vol_of_vol, trend_strength, relative_pcr, rsi20, pct_fg",0.0849210822562221,-3870.810859148838,0.0010490143284014057,0.00792895999705383,8,0.18982251509636267
1879,"pcr, iv_skew, pcr_zscore, vol_of_vol, trend_strength, relative_pcr, fg, pct_fg",0.35991814062552685,-4262.187809630268,0.005308860404440187,0.007050867770537593,8,0.8908041810695456
1880,"pcr, iv_skew, pcr_zscore, vol_of_vol, trend_strength, rsi20, fg, pct_fg",0.234609964408007,-7307.273162418932,0.004857628094242351,0.00010709273966011401,8,0.7203727738322421
1881,"pcr, iv_skew, pcr_zscore, vol_of_vol, iv_percentile_rank, relative_pcr, rsi20, fg",0.11540829662181816,-10717.35590902841,0.005481829854022818,0.019672034703914543,8,0.6635912820241
1882,"pcr, iv_skew, pcr_zscore, vol_of_vol, iv_percentile_rank, relative_pcr, rsi20, pct_fg",0.12337091975489334,-7256.674574583255,0.0014393344586400754,0.00884672217762079,8,0.26730436561890086
1883,"pcr, iv_skew, pcr_zscore, vol_of_vol, iv_percentile_rank, relative_pcr, fg, pct_fg",0.2946739503294788,-7590.973567435086,0.0026270518320246124,0.00010709273966011401,8,0.55737913353194
1884,"pcr, iv_skew, pcr_zscore, vol_of_vol, iv_percentile_rank, rsi20, fg, pct_fg",0.1426153250910622,-10602.8466888086,0.00392471327010738,0.00010709273966011401,8,0.5350866521018002
1885,"pcr, iv_skew, pcr_zscore, vol_of_vol, relative_pcr, rsi20, fg, pct_fg",0.2244568322061386,-6444.610305717013,0.006347691173147036,0.004167731220758211,8,0.8592259495208421
1886,"pcr, iv_skew, pcr_zscore, trend_strength, iv_percentile_rank, relative_pcr, rsi20, fg",0.12938534156713632,-8422.061383870341,0.007503918453851073,0.00010709273966011401,8,0.8797771869522436
1887,"pcr, iv_skew, pcr_zscore, trend_strength, iv_percentile_rank, relative_pcr, rsi20, pct_fg",0.2008771180989639,-5396.334510187894,0.007868152686481732,0.009454760560121286,8,0.9876923867471371
1888,"pcr, iv_skew, pcr_zscore, trend_strength, iv_percentile_rank, relative_pcr, fg, pct_fg",0.32053322411218627,-5289.623528896293,0.002936971586385549,0.00435627972710695,8,0.6142303827507412
1889,"pcr, iv_skew, pcr_zscore, trend_strength, iv_percentile_rank, rsi20, fg, pct_fg",0.18800804005690508,-8427.799763509358,0.004651843629061477,0.00010709273966011401,8,0.6531924029630527
1890,"pcr, iv_skew, pcr_zscore, trend_strength, relative_pcr, rsi20, fg, pct_fg",0.11064219713029826,-4583.0240175714725,0.005854448402376709,0.007817368354458412,8,0.6960870373679692
1891,"pcr, iv_skew, pcr_zscore, iv_percentile_rank, relative_pcr, rsi20, fg, pct_fg",0.1881409619639041,-7518.074992705447,0.004675059150865549,0.00010709273966011401,8,0.655646877050459
1892,"pcr, iv_skew, vol_of_vol, trend_strength, iv_percentile_rank, relative_pcr, rsi20, fg",0.1173942030761236,-10402.051523834023,0.0051334945408810775,0.00010709273966011401,8,0.6307436571642313
1893,"pcr, iv_skew, vol_of_vol, trend_strength, iv_percentile_rank, relative_pcr, rsi20, pct_fg",0.18128540529076542,-6897.415415686912,0.002836960632778487,0.0051056806976013235,8,0.4649814685686141
1894,"pcr, iv_skew, vol_of_vol, trend_strength, iv_percentile_rank, relative_pcr, fg, pct_fg",0.2995727019581901,-7326.857422622952,0.0025822022424317626,0.00435627972710695,8,0.5577929262013663
1895,"pcr, iv_skew, vol_of_vol, trend_strength, iv_percentile_rank, rsi20, fg, pct_fg",0.10843815882334752,-10662.720205835283,0.007726761085814692,0.00010709273966011401,8,0.8811142674048167
1896,"pcr, iv_skew, vol_of_vol, trend_strength, relative_pcr, rsi20, fg, pct_fg",0.2613506183469881,-6267.810163631868,0.0050051894041761,0.00548374458399739,8,0.761869558764598
1897,"pcr, iv_skew, vol_of_vol, iv_percentile_rank, relative_pcr, rsi20, fg, pct_fg",0.14872752531927994,-9373.418668895572,0.006149629929229052,0.00010709273966011401,8,0.7636905182421851
1898,"pcr, iv_skew, trend_strength, iv_percentile_rank, relative_pcr, rsi20, fg, pct_fg",0.11400554575899433,-7591.530400778993,0.005468100024117957,0.00010709273966011401,8,0.66081554817079
1899,"pcr, normalized_vrp, pcr_zscore, vol_of_vol, trend_strength, iv_percentile_rank, relative_pcr, rsi20",0.10568691761672888,-7427.763318795045,0.002471664976686556,0.007548299072031986,8,0.3528534152853845
1900,"pcr, normalized_vrp, pcr_zscore, vol_of_vol, trend_strength, iv_percentile_rank, relative_pcr, fg",0.11348179308404036,-7848.512193837835,0.0007404121813721581,0.006275759591219841,8,0.18752301122125617
1901,"pcr, normalized_vrp, pcr_zscore, vol_of_vol, trend_strength, iv_percentile_rank, relative_pcr, pct_fg",0.07951120098743752,-4112.0908001430025,0.004056799005578306,0.001283342135152521,8,0.4851911015452681
1902,"pcr, normalized_vrp, pcr_zscore, vol_of_vol, trend_strength, iv_percentile_rank, rsi20, fg",0.1050018502733473,-11111.816374566453,0.007030987828261791,0.0076126825225813636,8,0.8081006330995264
1903,"pcr, normalized_vrp, pcr_zscore, vol_of_vol, trend_strength, iv_percentile_rank, rsi20, pct_fg",0.20027430432857604,-7367.240308727313,0.004724926384204731,0.005217701012394023,8,0.6727669427490491
1904,"pcr, normalized_vrp, pcr_zscore, vol_of_vol, trend_strength, iv_percentile_rank, fg, pct_fg",0.14909154844920983,-7761.603926101576,0.0026922994639119167,0.004351409488483239,8,0.4183214948404015
1905,"pcr, normalized_vrp, pcr_zscore, vol_of_vol, trend_strength, relative_pcr, rsi20, fg",0.07571586777253624,-6994.653077628224,0.003030049817991788,0.005906077903669939,8,0.37872084957171503
1906,"pcr, normalized_vrp, pcr_zscore, vol_of_vol, trend_strength, relative_pcr, rsi20, pct_fg",0.08244857900169468,-3135.803827885404,0.0013217819797444789,0.011171840034304362,8,0.21462677697614257
1907,"pcr, normalized_vrp, pcr_zscore, vol_of_vol, trend_strength, relative_pcr, fg, pct_fg",0.22242745506640446,-3438.017781554772,0.004186853691928483,0.00010709273966011401,8,0.6411128242592528
1908,"pcr, normalized_vrp, pcr_zscore, vol_of_vol, trend_strength, rsi20, fg, pct_fg",0.23882534945140504,-6582.586154919937,0.010024113421299535,0.007051137091174953,8,1.2412366915813584
1909,"pcr, normalized_vrp, pcr_zscore, vol_of_vol, iv_percentile_rank, relative_pcr, rsi20, fg",0.10366833904480446,-10209.232990504805,0.0072734592827663185,0.0060044904194995015,8,0.8310142673214362
1910,"pcr, normalized_vrp, pcr_zscore, vol_of_vol, iv_percentile_rank, relative_pcr, rsi20, pct_fg",0.15634924957008636,-6558.293264816846,0.0034993938896278618,0.009892077983553632,8,0.5062886385328725
1911,"pcr, normalized_vrp, pcr_zscore, vol_of_vol, iv_percentile_rank, relative_pcr, fg, pct_fg",0.1741142238964447,-6720.213141188923,0.0030545450241809434,0.054791654293411235,8,0.47956872631453906
1912,"pcr, normalized_vrp, pcr_zscore, vol_of_vol, iv_percentile_rank, rsi20, fg, pct_fg",0.03165833812103063,-9912.230505713735,0.01015500312407596,0.005457727658399402,8,1.0471586505286268
1913,"pcr, normalized_vrp, pcr_zscore, vol_of_vol, relative_pcr, rsi20, fg, pct_fg",0.22237334794501867,-5697.980780123986,0.010526829141808716,0.004112886345838364,8,1.2750562621258903
1914,"pcr, normalized_vrp, pcr_zscore, trend_strength, iv_percentile_rank, relative_pcr, rsi20, fg",0.09008085960870105,-7966.793894690222,0.007144935530134011,0.008482386063180851,8,0.8045744126221022
1915,"pcr, normalized_vrp, pcr_zscore, trend_strength, iv_percentile_rank, relative_pcr, rsi20, pct_fg",0.036300091109489,-4140.803562543638,0.0032068662091519506,0.007325057922210821,8,0.35698671202468407
1916,"pcr, normalized_vrp, pcr_zscore, trend_strength, iv_percentile_rank, relative_pcr, fg, pct_fg",0.28369755908354377,-4520.708283356403,0.004258509104990469,0.007051137091174953,8,0.7095484695825907
1917,"pcr, normalized_vrp, pcr_zscore, trend_strength, iv_percentile_rank, rsi20, fg, pct_fg",0.052922109383644285,-7678.823251254889,0.012176178037968392,0.007051137091174953,8,1.2705399131804835
1918,"pcr, normalized_vrp, pcr_zscore, trend_strength, relative_pcr, rsi20, fg, pct_fg",0.18551411713257798,-3476.9579675701534,0.0060707480864919715,0.002604211069093008,8,0.7925889257817751
1919,"pcr, normalized_vrp, pcr_zscore, iv_percentile_rank, relative_pcr, rsi20, fg, pct_fg",0.07167212099435108,-6712.788406787153,0.009813559082955656,0.007051137091174953,8,1.0530280292899168
1920,"pcr, normalized_vrp, vol_of_vol, trend_strength, iv_percentile_rank, relative_pcr, rsi20, fg",0.10149577401287369,-9897.913725980086,0.00525515281668478,0.006847648926511785,8,0.6270110556813516
1921,"pcr, normalized_vrp, vol_of_vol, trend_strength, iv_percentile_rank, relative_pcr, rsi20, pct_fg",0.08990337788871246,-6108.265721865565,0.0031646152786045188,0.011753731699053709,8,0.40636490574916434
1922,"pcr, normalized_vrp, vol_of_vol, trend_strength, iv_percentile_rank, relative_pcr, fg, pct_fg",0.15226563767540735,-6448.674653042444,0.003350060385994334,0.023293233144949944,8,0.48727167627484075
1923,"pcr, normalized_vrp, vol_of_vol, trend_strength, iv_percentile_rank, rsi20, fg, pct_fg",0.048046365953316614,-9523.563880676209,0.009430832239347237,0.006771684898978695,8,0.9911295898880402
1924,"pcr, normalized_vrp, vol_of_vol, trend_strength, relative_pcr, rsi20, fg, pct_fg",0.24707740749196036,-5418.8428741015,0.011095569547701902,0.00396672726272848,8,1.3566343622621506
1925,"pcr, normalized_vrp, vol_of_vol, iv_percentile_rank, relative_pcr, rsi20, fg, pct_fg",0.06732700585067307,-8664.509595356105,0.00973063654803226,0.007051137091174953,8,1.0403906606538988
1926,"pcr, normalized_vrp, trend_strength, iv_percentile_rank, relative_pcr, rsi20, fg, pct_fg",0.07563271347625353,-6459.039888139671,0.010952211991794344,0.007051137091174953,8,1.170853912655688
1927,"pcr, pcr_zscore, vol_of_vol, trend_strength, iv_percentile_rank, relative_pcr, rsi20, fg",0.12247848391058938,-10372.988412951847,0.007680426558414372,0.019672034703914543,8,0.8905211397520265
1928,"pcr, pcr_zscore, vol_of_vol, trend_strength, iv_percentile_rank, relative_pcr, rsi20, pct_fg",0.11156810489877211,-6901.131934716343,0.0013110423355116535,0.015031386318814774,8,0.24267233844993746
1929,"pcr, pcr_zscore, vol_of_vol, trend_strength, iv_percentile_rank, relative_pcr, fg, pct_fg",0.19563826708202223,-7246.3743260742995,0.002749667873103573,0.002642724560736563,8,0.47060505439237954
1930,"pcr, pcr_zscore, vol_of_vol, trend_strength, iv_percentile_rank, rsi20, fg, pct_fg",0.10947125737113561,-10717.575676204133,0.007525553542360493,0.00010709273966011401,8,0.862026611607185
1931,"pcr, pcr_zscore, vol_of_vol, trend_strength, relative_pcr, rsi20, fg, pct_fg",0.16458366356890372,-6292.759368009307,0.0034782842868696204,0.006844451670017936,8,0.5124120922558658
1932,"pcr, pcr_zscore, vol_of_vol, iv_percentile_rank, relative_pcr, rsi20, fg, pct_fg",0.10951338971485002,-9810.942564177936,0.007525553542360493,0.00010709273966011401,8,0.8620687439508994
1933,"pcr, pcr_zscore, trend_strength, iv_percentile_rank, relative_pcr, rsi20, fg, pct_fg",0.1922428248650641,-7164.443574818789,0.005358243795370344,0.00010709273966011401,8,0.7280672044020984
1934,"pcr, vol_of_vol, trend_strength, iv_percentile_rank, relative_pcr, rsi20, fg, pct_fg",0.10842930039609192,-9510.415003743226,0.008990256637416998,0.00010709273966011401,8,1.0074549641377917
1935,"iv_skew, normalized_vrp, pcr_zscore, vol_of_vol, trend_strength, iv_percentile_rank, relative_pcr, rsi20",0.10908129891064003,-9003.502468791025,0.002179817223409028,0.007548299072031986,8,0.32706302125154285
1936,"iv_skew, normalized_vrp, pcr_zscore, vol_of_vol, trend_strength, iv_percentile_rank, relative_pcr, fg",0.11083259039932081,-9510.89153645816,0.0011967626336708884,0.009264333393758222,8,0.23050885376640964
1937,"iv_skew, normalized_vrp, pcr_zscore, vol_of_vol, trend_strength, iv_percentile_rank, relative_pcr, pct_fg",0.20092399158382676,-5796.466974211494,0.002440835715052375,0.01236385201878828,8,0.4450075630890643
1938,"iv_skew, normalized_vrp, pcr_zscore, vol_of_vol, trend_strength, iv_percentile_rank, rsi20, fg",0.10608299467242707,-12773.711549482936,0.005862462365393983,0.01627319063469687,8,0.6923292312118254
1939,"iv_skew, normalized_vrp, pcr_zscore, vol_of_vol, trend_strength, iv_percentile_rank, rsi20, pct_fg",0.1373629437739218,-9009.635697199681,0.0036086401754223865,0.006596665467364662,8,0.4982269613161604
1940,"iv_skew, normalized_vrp, pcr_zscore, vol_of_vol, trend_strength, iv_percentile_rank, fg, pct_fg",0.20545182929461753,-9460.257841883635,0.0031866476048550913,0.011634096896779687,8,0.5241165897801267
1941,"iv_skew, normalized_vrp, pcr_zscore, vol_of_vol, trend_strength, relative_pcr, rsi20, fg",0.12698420168034802,-8607.874530875755,0.004971236341024539,0.006698374303041251,8,0.6241078357828018
1942,"iv_skew, normalized_vrp, pcr_zscore, vol_of_vol, trend_strength, relative_pcr, rsi20, pct_fg",0.07198965590340291,-4724.6122989097485,0.0029494226680030315,0.009679204038981634,8,0.36693192270370606
1943,"iv_skew, normalized_vrp, pcr_zscore, vol_of_vol, trend_strength, relative_pcr, fg, pct_fg",0.05025032261913126,-5449.425814815903,0.0037582174217667364,0.005388329418020423,8,0.4260720647958049
1944,"iv_skew, normalized_vrp, pcr_zscore, vol_of_vol, trend_strength, rsi20, fg, pct_fg",0.2548263611119176,-8344.12413058835,0.008162270776671813,0.006771684898978695,8,1.0710534387790989
1945,"iv_skew, normalized_vrp, pcr_zscore, vol_of_vol, iv_percentile_rank, relative_pcr, rsi20, fg",0.10530735252475078,-11869.484833133312,0.007504161628668915,0.00558951656447364,8,0.8557235153916423
1946,"iv_skew, normalized_vrp, pcr_zscore, vol_of_vol, iv_percentile_rank, relative_pcr, rsi20, pct_fg",0.17683241544074074,-8090.009207310862,0.0030060502012746633,0.007600750069742017,8,0.47743743556820706
1947,"iv_skew, normalized_vrp, pcr_zscore, vol_of_vol, iv_percentile_rank, relative_pcr, fg, pct_fg",0.17320522463761753,-8378.525005008954,0.0031526360067368015,0.054791654293411235,8,0.48846882531129765
1948,"iv_skew, normalized_vrp, pcr_zscore, vol_of_vol, iv_percentile_rank, rsi20, fg, pct_fg",0.09143625652310247,-11631.297872293408,0.00998625834830635,0.006771684898978695,8,1.0900620913537376
1949,"iv_skew, normalized_vrp, pcr_zscore, vol_of_vol, relative_pcr, rsi20, fg, pct_fg",0.23507728528309846,-7469.354065924879,0.008660114433691631,0.006771684898978695,8,1.1010887286522615
1950,"iv_skew, normalized_vrp, pcr_zscore, trend_strength, iv_percentile_rank, relative_pcr, rsi20, fg",0.09219229322805773,-9610.728253644242,0.0064276314667455064,0.008482386063180851,8,0.7349554399026085
1951,"iv_skew, normalized_vrp, pcr_zscore, trend_strength, iv_percentile_rank, relative_pcr, rsi20, pct_fg",0.18227222307403265,-5764.375003755679,0.0029223129341353583,0.016561366036239117,8,0.4745035164875685
1952,"iv_skew, normalized_vrp, pcr_zscore, trend_strength, iv_percentile_rank, relative_pcr, fg, pct_fg",0.29114475355057834,-6194.382173675437,0.003989073918203414,0.007051137091174953,8,0.6900521453709196
1953,"iv_skew, normalized_vrp, pcr_zscore, trend_strength, iv_percentile_rank, rsi20, fg, pct_fg",0.07844402819090708,-9408.57962021845,0.008137015861491247,0.006771684898978695,8,0.8921456143400318
1954,"iv_skew, normalized_vrp, pcr_zscore, trend_strength, relative_pcr, rsi20, fg, pct_fg",0.21898364149617916,-5287.940298532998,0.0038433926538766483,0.00010709273966011401,8,0.6033229068838439
1955,"iv_skew, normalized_vrp, pcr_zscore, iv_percentile_rank, relative_pcr, rsi20, fg, pct_fg",0.07613855433123343,-8510.217642633885,0.011108926577255946,0.006771684898978695,8,1.187031212056828
1956,"iv_skew, normalized_vrp, vol_of_vol, trend_strength, iv_percentile_rank, relative_pcr, rsi20, fg",0.10135433338735968,-11413.751846409077,0.005534713483161688,0.006847648926511785,8,0.6548256817035285
1957,"iv_skew, normalized_vrp, vol_of_vol, trend_strength, iv_percentile_rank, relative_pcr, rsi20, pct_fg",0.17483949503588408,-7616.008313355567,0.002426949175995648,0.005325194871434827,8,0.4175344126354489
1958,"iv_skew, normalized_vrp, vol_of_vol, trend_strength, iv_percentile_rank, relative_pcr, fg, pct_fg",0.17742063987456577,-8005.49949015602,0.0033842116831665145,0.054791654293411235,8,0.5158418081912173
1959,"iv_skew, normalized_vrp, vol_of_vol, trend_strength, iv_percentile_rank, rsi20, fg, pct_fg",0.09192253478131847,-11042.70901177734,0.007454439761134297,0.006771684898978695,8,0.8373665108947482
1960,"iv_skew, normalized_vrp, vol_of_vol, trend_strength, relative_pcr, rsi20, fg, pct_fg",0.23728356480120563,-6980.001363918959,0.009252930674659057,0.006771684898978695,8,1.1625766322671114
1961,"iv_skew, normalized_vrp, vol_of_vol, iv_percentile_rank, relative_pcr, rsi20, fg, pct_fg",0.0931030298474041,-10221.699504331586,0.008502652509266222,0.006771684898978695,8,0.9433682807740262
1962,"iv_skew, normalized_vrp, trend_strength, iv_percentile_rank, relative_pcr, rsi20, fg, pct_fg",0.10006869998028077,-8620.541506327852,0.006005686273996233,0.008250396212875134,8,0.7006373273799041
1963,"iv_skew, pcr_zscore, vol_of_vol, trend_strength, iv_percentile_rank, relative_pcr, rsi20, fg",0.12499552014190578,-12048.23275010226,0.0066012343218719155,0.00010709273966011401,8,0.7851189523290973
1964,"iv_skew, pcr_zscore, vol_of_vol, trend_strength, iv_percentile_rank, relative_pcr, rsi20, pct_fg",0.23565776853060227,-8513.112946367704,0.002551640734968491,0.007018484350828558,8,0.4908218420274514
1965,"iv_skew, pcr_zscore, vol_of_vol, trend_strength, iv_percentile_rank, relative_pcr, fg, pct_fg",0.24031485655635118,-8948.779499124694,0.002717913044838165,0.010017549418324853,8,0.5121061610401677
1966,"iv_skew, pcr_zscore, vol_of_vol, trend_strength, iv_percentile_rank, rsi20, fg, pct_fg",0.1542058889357815,-11962.146999457776,0.0040495303259567095,0.00010709273966011401,8,0.5591589215314524
1967,"iv_skew, pcr_zscore, vol_of_vol, trend_strength, relative_pcr, rsi20, fg, pct_fg",0.2670665286682095,-7915.36853772875,0.0036526908823170385,0.008748035852041425,8,0.6323356168999134
1968,"iv_skew, pcr_zscore, vol_of_vol, iv_percentile_rank, relative_pcr, rsi20, fg, pct_fg",0.14510475274634832,-11036.031802711539,0.003989650332656416,0.00010709273966011401,8,0.54406978601199
1969,"iv_skew, pcr_zscore, trend_strength, iv_percentile_rank, relative_pcr, rsi20, fg, pct_fg",0.19030307580048228,-8908.197511726548,0.00365780864381913,0.00010709273966011401,8,0.5560839401823954
1970,"iv_skew, vol_of_vol, trend_strength, iv_percentile_rank, relative_pcr, rsi20, fg, pct_fg",0.10894306984187418,-11055.780446856299,0.005194438065952705,0.00010709273966011401,8,0.6283868764371447
1971,"normalized_vrp, pcr_zscore, vol_of_vol, trend_strength, iv_percentile_rank, relative_pcr, rsi20, fg",0.10296986745406735,-11504.737594093489,0.0071354348984950374,0.006847648926511785,8,0.8165133573035711
1972,"normalized_vrp, pcr_zscore, vol_of_vol, trend_strength, iv_percentile_rank, relative_pcr, rsi20, pct_fg",0.1561670082808938,-7820.839551679225,0.0025960232014417177,0.011037074408542992,8,0.4157693284250656
1973,"normalized_vrp, pcr_zscore, vol_of_vol, trend_strength, iv_percentile_rank, relative_pcr, fg, pct_fg",0.15520677761266072,-8059.397541061553,0.004285777068822227,0.005091520141237684,8,0.5837844844948834
1974,"normalized_vrp, pcr_zscore, vol_of_vol, trend_strength, iv_percentile_rank, rsi20, fg, pct_fg",0.08703512011374787,-11268.500726912445,0.00854286183957581,0.005607463209345395,8,0.9413213040713289
1975,"normalized_vrp, pcr_zscore, vol_of_vol, trend_strength, relative_pcr, rsi20, fg, pct_fg",0.18748843331553622,-7099.800216788018,0.0102849838152074,0.007051137091174953,8,1.2159868148362762
1976,"normalized_vrp, pcr_zscore, vol_of_vol, iv_percentile_rank, relative_pcr, rsi20, fg, pct_fg",0.04840566040095607,-10379.724549964922,0.005824170876229925,0.005872215472201863,8,0.6308227480239486
1977,"normalized_vrp, pcr_zscore, trend_strength, iv_percentile_rank, relative_pcr, rsi20, fg, pct_fg",0.01556180349050656,-8202.016116327843,0.014369723142311303,0.007118329258209794,8,1.4525341177216369
1978,"normalized_vrp, vol_of_vol, trend_strength, iv_percentile_rank, relative_pcr, rsi20, fg, pct_fg",0.037092485401546575,-9902.127083535324,0.0067086773563572,0.004139922661241446,8,0.7079602210372665
1979,"pcr_zscore, vol_of_vol, trend_strength, iv_percentile_rank, relative_pcr, rsi20, fg, pct_fg",0.13894717313056973,-10617.889034574535,0.0049492025803196055,0.00010709273966011401,8,0.6338674311625303
1980,"pcr, iv_skew, normalized_vrp, pcr_zscore, vol_of_vol, trend_strength, iv_percentile_rank, relative_pcr, rsi20",0.10677372119307318,-7841.471984662385,0.0020963088318804992,0.008114793077152994,9,0.3164046043811231
1981,"pcr, iv_skew, normalized_vrp, pcr_zscore, vol_of_vol, trend_strength, iv_percentile_rank, relative_pcr, fg",0.12672218217604825,-8329.359721821358,0.0019369888779133223,0.007995595052254282,9,0.3204210699673805
1982,"pcr, iv_skew, normalized_vrp, pcr_zscore, vol_of_vol, trend_strength, iv_percentile_rank, relative_pcr, pct_fg",0.0620461931580125,-4604.628293180357,0.0038886937872319085,0.007859876733457262,9,0.45091557188120335
1983,"pcr, iv_skew, normalized_vrp, pcr_zscore, vol_of_vol, trend_strength, iv_percentile_rank, rsi20, fg",0.09351679004833145,-11565.975910023384,0.004544143787665563,0.0076126825225813636,9,0.5479311688148877
1984,"pcr, iv_skew, normalized_vrp, pcr_zscore, vol_of_vol, trend_strength, iv_percentile_rank, rsi20, pct_fg",0.2505231993083353,-7873.010774840418,0.0031462670141378995,0.007403599161875418,9,0.5651499007221252
1985,"pcr, iv_skew, normalized_vrp, pcr_zscore, vol_of_vol, trend_strength, iv_percentile_rank, fg, pct_fg",0.16566437352518773,-8167.919342142924,0.004816020529705172,0.014251456104111212,9,0.6472664264957049
1986,"pcr, iv_skew, normalized_vrp, pcr_zscore, vol_of_vol, trend_strength, relative_pcr, rsi20, fg",0.073735368638242,-7422.247575086479,0.003437197383588773,0.0067837340107636665,9,0.4174551069971193
1987,"pcr, iv_skew, normalized_vrp, pcr_zscore, vol_of_vol, trend_strength, relative_pcr, rsi20, pct_fg",0.08086267429671913,-3539.3477110368817,0.004035431733461326,0.0067248695203489224,9,0.4844058476428518
1988,"pcr, iv_skew, normalized_vrp, pcr_zscore, vol_of_vol, trend_strength, relative_pcr, fg, pct_fg",-0.010315251907407706,-4146.148140472998,0.0018602061690100975,0.008057569140055768,9,0.17570536499360204
1989,"pcr, iv_skew, normalized_vrp, pcr_zscore, vol_of_vol, trend_strength, rsi20, fg, pct_fg",0.21772046332369005,-7012.753943143627,0.010739542682623945,0.007051137091174953,9,1.2916747315860844
1990,"pcr, iv_skew, normalized_vrp, pcr_zscore, vol_of_vol, iv_percentile_rank, relative_pcr, rsi20, fg",0.09899391173119831,-10665.197281082577,0.00553849525278984,0.0060044904194995015,9,0.6528434370101823
1991,"pcr, iv_skew, normalized_vrp, pcr_zscore, vol_of_vol, iv_percentile_rank, relative_pcr, rsi20, pct_fg",0.15476535429150357,-6954.582747918425,0.0036440264541409617,0.010854545019162377,9,0.5191679997055998
1992,"pcr, iv_skew, normalized_vrp, pcr_zscore, vol_of_vol, iv_percentile_rank, relative_pcr, fg, pct_fg",0.17164175708500798,-7156.270349256161,0.003142477925748074,0.054791654293411235,9,0.48588954965981535
1993,"pcr, iv_skew, normalized_vrp, pcr_zscore, vol_of_vol, iv_percentile_rank, rsi20, fg, pct_fg",0.04458267816520301,-10373.529670261018,0.01206226348646618,0.006771684898978695,9,1.250809026811821
1994,"pcr, iv_skew, normalized_vrp, pcr_zscore, vol_of_vol, relative_pcr, rsi20, fg, pct_fg",0.20948051945640567,-6105.799934215937,0.010987158128744278,0.0075580778176674215,9,1.3081963323308337
1995,"pcr, iv_skew, normalized_vrp, pcr_zscore, trend_strength, iv_percentile_rank, relative_pcr, rsi20, fg",0.1079534836011469,-8387.267626243922,0.006759368451858578,0.007917227107143968,9,0.7838903287870047
1996,"pcr, iv_skew, normalized_vrp, pcr_zscore, trend_strength, iv_percentile_rank, relative_pcr, rsi20, pct_fg",0.053747012557450256,-4489.462498134657,0.003864373226095845,0.005903213459588188,9,0.44018433516703476
1997,"pcr, iv_skew, normalized_vrp, pcr_zscore, trend_strength, iv_percentile_rank, relative_pcr, fg, pct_fg",0.28396275277762023,-4970.362578013859,0.004227369601768408,0.007051137091174953,9,0.706699712954461
1998,"pcr, iv_skew, normalized_vrp, pcr_zscore, trend_strength, iv_percentile_rank, rsi20, fg, pct_fg",0.1266212170729799,-8082.987902126408,0.008350875727538717,0.005374252855230046,9,0.9617087898268517
1999,"pcr, iv_skew, normalized_vrp, pcr_zscore, trend_strength, relative_pcr, rsi20, fg, pct_fg",0.23330827555199696,-3933.7316863513533,0.0044876976641543415,0.012159432145277132,9,0.682078041967431
2000,"pcr, iv_skew, normalized_vrp, pcr_zscore, iv_percentile_rank, relative_pcr, rsi20, fg, pct_fg",0.06932490135035443,-7160.296216194028,0.010595908050273647,0.006771684898978695,9,1.1289157063777193
2001,"pcr, iv_skew, normalized_vrp, vol_of_vol, trend_strength, iv_percentile_rank, relative_pcr, rsi20, fg",0.0972857526567962,-10359.307383899592,0.0057070543542278515,0.0060044904194995015,9,0.6679911880795814
2002,"pcr, iv_skew, normalized_vrp, vol_of_vol, trend_strength, iv_percentile_rank, relative_pcr, rsi20, pct_fg",0.1749046913846652,-6476.727583763714,0.002406839568342805,0.005325194871434827,9,0.4155886482189457
2003,"pcr, iv_skew, normalized_vrp, vol_of_vol, trend_strength, iv_percentile_rank, relative_pcr, fg, pct_fg",0.16510674843369016,-6879.4934397871575,0.0031691532370881313,0.054791654293411235,9,0.4820220721425033
2004,"pcr, iv_skew, normalized_vrp, vol_of_vol, trend_strength, iv_percentile_rank, rsi20, fg, pct_fg",0.08851242125166585,-10608.459527263904,0.006830862987677069,0.008250396212875134,9,0.7715987200193727
2005,"pcr, iv_skew, normalized_vrp, vol_of_vol, trend_strength, relative_pcr, rsi20, fg, pct_fg",0.22208793088144377,-5847.394922970069,0.010095364674683624,0.004031542588961143,9,1.2316243983498063
2006,"pcr, iv_skew, normalized_vrp, vol_of_vol, iv_percentile_rank, relative_pcr, rsi20, fg, pct_fg",0.06839214095339143,-9093.395498347956,0.008843002172741032,0.006771684898978695,9,0.9526923582274947
2007,"pcr, iv_skew, normalized_vrp, trend_strength, iv_percentile_rank, relative_pcr, rsi20, fg, pct_fg",0.05791740175811359,-6909.7607950793745,0.011998674500737275,0.004063799519617662,9,1.2577848518318413
2008,"pcr, iv_skew, pcr_zscore, vol_of_vol, trend_strength, iv_percentile_rank, relative_pcr, rsi20, fg",0.11546303404375285,-10815.359060450166,0.004989652334116988,0.019672034703914543,9,0.6144282674554518
2009,"pcr, iv_skew, pcr_zscore, vol_of_vol, trend_strength, iv_percentile_rank, relative_pcr, rsi20, pct_fg",0.12664171117845108,-7255.870472442835,0.0033742478257443036,0.006649444093170743,9,0.46406649375288145
2010,"pcr, iv_skew, pcr_zscore, vol_of_vol, trend_strength, iv_percentile_rank, relative_pcr, fg, pct_fg",0.2977228172561164,-7704.993277717914,0.002590120007248264,0.00435627972710695,9,0.5567348179809428
2011,"pcr, iv_skew, pcr_zscore, vol_of_vol, trend_strength, iv_percentile_rank, rsi20, fg, pct_fg",0.110261822787719,-11156.35717932824,0.006681574979323217,0.00010709273966011401,9,0.7784193207200407
2012,"pcr, iv_skew, pcr_zscore, vol_of_vol, trend_strength, relative_pcr, rsi20, fg, pct_fg",0.27282851187705415,-6619.293281547266,0.005488728720440186,0.006267856780962739,9,0.8217013839210727
2013,"pcr, iv_skew, pcr_zscore, vol_of_vol, iv_percentile_rank, relative_pcr, rsi20, fg, pct_fg",0.14056136976970623,-9727.480106373447,0.004444751968885725,0.00010709273966011401,9,0.5850365666582787
2014,"pcr, iv_skew, pcr_zscore, trend_strength, iv_percentile_rank, relative_pcr, rsi20, fg, pct_fg",0.19748106122505227,-7579.199928462264,0.005127667406982099,0.00010709273966011401,9,0.7102478019232622
2015,"pcr, iv_skew, vol_of_vol, trend_strength, iv_percentile_rank, relative_pcr, rsi20, fg, pct_fg",0.11006719133700386,-9948.258779802747,0.006473794613025838,0.00010709273966011401,9,0.7574466526395877
2016,"pcr, normalized_vrp, pcr_zscore, vol_of_vol, trend_strength, iv_percentile_rank, relative_pcr, rsi20, fg",0.10362677350225778,-10309.167364920308,0.0072734592827663185,0.0060044904194995015,9,0.8309727017788896
2017,"pcr, normalized_vrp, pcr_zscore, vol_of_vol, trend_strength, iv_percentile_rank, relative_pcr, rsi20, pct_fg",0.16245616016600806,-6625.344499211727,0.0025941389747739375,0.011497323492920354,9,0.4218700576434018
2018,"pcr, normalized_vrp, pcr_zscore, vol_of_vol, trend_strength, iv_percentile_rank, relative_pcr, fg, pct_fg",0.14917356814138086,-6912.6487514992805,0.0028194253243178473,0.005079530566045936,9,0.43111610057316563
2019,"pcr, normalized_vrp, pcr_zscore, vol_of_vol, trend_strength, iv_percentile_rank, rsi20, fg, pct_fg",0.09190571526734731,-10664.728847826313,0.007164571551412135,0.016755653198781195,9,0.8083628704085608
2020,"pcr, normalized_vrp, pcr_zscore, vol_of_vol, trend_strength, relative_pcr, rsi20, fg, pct_fg",0.28195537697580864,-5751.507534781145,0.008289795334195634,0.007095954041946499,9,1.110934910395372
2021,"pcr, normalized_vrp, pcr_zscore, vol_of_vol, iv_percentile_rank, relative_pcr, rsi20, fg, pct_fg",0.09194038446252607,-9762.151461471285,0.007164571551412135,0.0111353612686881,9,0.8083975396037396
2022,"pcr, normalized_vrp, pcr_zscore, trend_strength, iv_percentile_rank, relative_pcr, rsi20, fg, pct_fg",0.08105386643635891,-6849.997506346273,0.009636590919556352,0.006235690831998876,9,1.044712958391994
2023,"pcr, normalized_vrp, vol_of_vol, trend_strength, iv_percentile_rank, relative_pcr, rsi20, fg, pct_fg",0.09224955471592813,-9454.0794749403,0.00843973663306835,0.004765588944104434,9,0.936223218022763
2024,"pcr, pcr_zscore, vol_of_vol, trend_strength, iv_percentile_rank, relative_pcr, rsi20, fg, pct_fg",0.10974162856736848,-9899.820429265716,0.0066024870649228195,0.00010709273966011401,9,0.7699903350596504
2025,"iv_skew, normalized_vrp, pcr_zscore, vol_of_vol, trend_strength, iv_percentile_rank, relative_pcr, rsi20, fg",0.10455054711306538,-11972.203718967869,0.006040189928881928,0.0060044904194995015,9,0.7085695400012582
2026,"iv_skew, normalized_vrp, pcr_zscore, vol_of_vol, trend_strength, iv_percentile_rank, relative_pcr, rsi20, pct_fg",0.18336382490154787,-8178.390506790943,0.002538671751008561,0.005578766384437083,9,0.437231000002404
2027,"iv_skew, normalized_vrp, pcr_zscore, vol_of_vol, trend_strength, iv_percentile_rank, relative_pcr, fg, pct_fg",0.15038329908221085,-8545.616816723248,0.004066752243744384,0.003314439237004516,9,0.5570585234566492
2028,"iv_skew, normalized_vrp, pcr_zscore, vol_of_vol, trend_strength, iv_percentile_rank, rsi20, fg, pct_fg",0.10111190877888677,-11700.30597281345,0.006931683280230772,0.007051137091174953,9,0.7942802368019639
2029,"iv_skew, normalized_vrp, pcr_zscore, vol_of_vol, trend_strength, relative_pcr, rsi20, fg, pct_fg",0.23893568794719283,-7527.875458663897,0.008877911802607446,0.006771684898978695,9,1.1267268682079374
2030,"iv_skew, normalized_vrp, pcr_zscore, vol_of_vol, iv_percentile_rank, relative_pcr, rsi20, fg, pct_fg",0.09212185064580634,-10796.409327070574,0.008466435036364803,0.006771684898978695,9,0.9387653542822867
2031,"iv_skew, normalized_vrp, pcr_zscore, trend_strength, iv_percentile_rank, relative_pcr, rsi20, fg, pct_fg",0.059013932950001936,-8636.869649490558,0.012835381318264366,0.007101265264668815,9,1.3425520647764384
2032,"iv_skew, normalized_vrp, vol_of_vol, trend_strength, iv_percentile_rank, relative_pcr, rsi20, fg, pct_fg",0.07788700155318447,-10342.847657497881,0.009280101588820464,0.006771684898978695,9,1.005897160435231
2033,"iv_skew, pcr_zscore, vol_of_vol, trend_strength, iv_percentile_rank, relative_pcr, rsi20, fg, pct_fg",0.14734915647361527,-11102.712325819632,0.0038290146125540088,0.00010709273966011401,9,0.5302506177290162
2034,"normalized_vrp, pcr_zscore, vol_of_vol, trend_strength, iv_percentile_rank, relative_pcr, rsi20, fg, pct_fg",0.10801871908839608,-10376.15253144319,0.005329242808396922,0.0033497323149086714,9,0.6409429999280883
2035,"pcr, iv_skew, normalized_vrp, pcr_zscore, vol_of_vol, trend_strength, iv_percentile_rank, relative_pcr, rsi20, fg",0.10391991583975671,-10755.54869066354,0.006985801324948009,0.0060044904194995015,10,0.8025000483345576
2036,"pcr, iv_skew, normalized_vrp, pcr_zscore, vol_of_vol, trend_strength, iv_percentile_rank, relative_pcr, rsi20, pct_fg",0.14910329223809318,-7037.086722718927,0.0022744264500572453,0.010945799158720923,10,0.3765459372438177
2037,"pcr, iv_skew, normalized_vrp, pcr_zscore, vol_of_vol, trend_strength, iv_percentile_rank, relative_pcr, fg, pct_fg",0.15861532452769875,-7304.539410229563,0.004034294049793833,0.007083431242082147,10,0.5620447295070821
2038,"pcr, iv_skew, normalized_vrp, pcr_zscore, vol_of_vol, trend_strength, iv_percentile_rank, rsi20, fg, pct_fg",0.07934113985664447,-10383.06713186514,0.011048754527087036,0.006771684898978695,10,1.184216592565348
2039,"pcr, iv_skew, normalized_vrp, pcr_zscore, vol_of_vol, trend_strength, relative_pcr, rsi20, fg, pct_fg",0.22585348872398772,-6180.169928245338,0.006886583343820227,0.004031542588961143,10,0.9145118231060103
2040,"pcr, iv_skew, normalized_vrp, pcr_zscore, vol_of_vol, iv_percentile_rank, relative_pcr, rsi20, fg, pct_fg",0.08187197562454576,-9466.982197809855,0.008899053366974847,0.007051137091174953,10,0.9717773123220305
2041,"pcr, iv_skew, normalized_vrp, pcr_zscore, trend_strength, iv_percentile_rank, relative_pcr, rsi20, fg, pct_fg",0.08497233092473239,-7253.545524939537,0.008280929081415632,0.00596110988593247,10,0.9130652390662957
2042,"pcr, iv_skew, normalized_vrp, vol_of_vol, trend_strength, iv_percentile_rank, relative_pcr, rsi20, fg, pct_fg",0.06667486343089116,-9210.101967247443,0.00840370026507639,0.006771684898978695,10,0.90704488993853
2043,"pcr, iv_skew, pcr_zscore, vol_of_vol, trend_strength, iv_percentile_rank, relative_pcr, rsi20, fg, pct_fg",0.1424419664438767,-9807.444630968861,0.005430889523214768,0.00010709273966011401,10,0.6855309187653535
2044,"pcr, normalized_vrp, pcr_zscore, vol_of_vol, trend_strength, iv_percentile_rank, relative_pcr, rsi20, fg, pct_fg",0.09190410239023325,-9849.750296936898,0.007164571551412135,0.016755653198781195,10,0.8083612575314468
2045,"iv_skew, normalized_vrp, pcr_zscore, vol_of_vol, trend_strength, iv_percentile_rank, relative_pcr, rsi20, fg, pct_fg",0.06837657132324702,-10899.409697793308,0.005159304854092061,0.006170796706086891,10,0.5843070567324531
2046,"pcr, iv_skew, normalized_vrp, pcr_zscore, vol_of_vol, trend_strength, iv_percentile_rank, relative_pcr, rsi20, fg, pct_fg",0.07241836725173516,-9519.453709730815,0.007844691168467616,0.005883084596000356,11,0.8568874840984967
