model_id,model_type,scaling,features,n_features,silhouette_score,log_likelihood,window_size,step_size,n_mixtures,n_factors
StandardHMM_none_fg+pct_RSI_24,StandardHMM,none,fg+pct_RSI,2,0.5587276618172509,-5695.579717308765,,,,
StandardHMM_none_Returns+fg_9,StandardHMM,none,Returns+fg,2,0.5534636468984268,-3459.5146823050063,,,,
GMMHMM_none_Returns+fg_9,GMMHMM,none,Returns+fg,2,0.5531925807352847,-3601.848795622263,,,3.0,
GMMHMM_none_pct_Range+pct_RSI_21,GMMHMM,none,pct_Range+pct_RSI,2,0.5519095654660231,-5118.652084927139,,,3.0,
StandardHMM_none_fg+pct_fg_22,StandardHMM,none,fg+pct_fg,2,0.5303207467590899,-6758.798507997299,,,,
GMMHMM_none_fg+pct_fg_22,GMMHMM,none,fg+pct_fg,2,0.5300183665560645,-3746.404971645905,,,3.0,
StandardHMM_none_Returns+fg+pct_fg_37,StandardHMM,none,Returns+fg+pct_fg,3,0.5284650234655904,-2738.44259360547,,,,
GMMHMM_none_Range+fg_14,GMMHMM,none,Range+fg,2,0.5236916921935659,-3199.4444654252734,,,3.0,
StandardHMM_none_Range+fg_14,StandardHMM,none,Range+fg,2,0.5226282887400727,-3384.4250900308007,,,,
HierarchicalHMM_1factors_none_pct_Range+pct_RSI_14,HierarchicalHMM,none,pct_Range+pct_RSI,2,0.5131964091097717,-1805.9334028154037,,,,1.0
GMMHMM_none_Returns+Range+fg_29,GMMHMM,none,Returns+Range+fg,3,0.48920394767672126,-6190.698364038886,,,3.0,
HierarchicalHMM_1factors_none_Returns+pct_Range_1,HierarchicalHMM,none,Returns+pct_Range,2,0.4747780430555079,-1847.8734700870482,,,,1.0
StandardHMM_none_pct_Range+pct_RSI_21,StandardHMM,none,pct_Range+pct_RSI,2,0.47348703278152915,106.79974044281015,,,,
StandardHMM_none_Returns+Range+fg_29,StandardHMM,none,Returns+Range+fg,3,0.4729304334111822,831.2296978711892,,,,
StandardHMM_none_Returns+pct_Range_8,StandardHMM,none,Returns+pct_Range,2,0.470980025120305,2302.619326823373,,,,
GMMHMM_robust_pct_Range+pct_RSI_148,GMMHMM,robust,pct_Range+pct_RSI,2,0.4661794933706034,-5118.652084927264,,,3.0,
StandardHMM_robust_pct_Range+pct_RSI_148,StandardHMM,robust,pct_Range+pct_RSI,2,0.4661794933706034,-5118.652084927139,,,,
GMMHMM_none_Returns+pct_Range_8,GMMHMM,none,Returns+pct_Range,2,0.46231360304589825,-4949.432624969486,,,3.0,
HierarchicalHMM_2factors_none_Returns+pct_Range+pct_RSI_38,HierarchicalHMM,none,Returns+pct_Range+pct_RSI,3,0.450429273836216,-4129.477173824917,,,,2.0
GMMHMM_robust_Returns+Range+pct_Range_155,GMMHMM,robust,Returns+Range+pct_Range,3,0.4451941602947413,-7186.68388404589,,,3.0,
StandardHMM_robust_Returns+Range+pct_Range_155,StandardHMM,robust,Returns+Range+pct_Range,3,0.4451941602947413,-7186.683884045965,,,,
HierarchicalHMM_2factors_robust_Returns+Range+pct_Range_342,HierarchicalHMM,robust,Returns+Range+pct_Range,3,0.44280412178362843,-4334.8578506077165,,,,2.0
HierarchicalHMM_3factors_none_Returns+pct_Range+pct_fg+pct_RSI_135,HierarchicalHMM,none,Returns+pct_Range+pct_fg+pct_RSI,4,0.439504615919949,-6753.159901726972,,,,3.0
GMMHMM_none_Range+fg+pct_fg+pct_RSI_90,GMMHMM,none,Range+fg+pct_fg+pct_RSI,4,0.43919565687920953,-9582.086018431546,,,3.0,
HierarchicalHMM_2factors_none_Range+pct_Range+pct_RSI_58,HierarchicalHMM,none,Range+pct_Range+pct_RSI,3,0.43759046185009043,-4462.2434559812555,,,,2.0
HierarchicalHMM_2factors_robust_Range+pct_Range+pct_RSI_378,HierarchicalHMM,robust,Range+pct_Range+pct_RSI,3,0.4330741821166678,-4462.2434559812555,,,,2.0
HierarchicalHMM_1factors_robust_Range+pct_Range_326,HierarchicalHMM,robust,Range+pct_Range,2,0.43266469948499076,-2122.988481835368,,,,1.0
StandardHMM_none_Returns+Range_7,StandardHMM,none,Returns+Range,2,0.4258695050769134,9385.757320302806,,,,
StandardHMM_none_Range+pct_Range_13,StandardHMM,none,Range+pct_Range,2,0.4222618172018545,2495.1428895533554,,,,
GMMHMM_none_RSI+pct_RSI_27,GMMHMM,none,RSI+pct_RSI,2,0.4166080146506667,-3922.557277595345,,,3.0,
StandardHMM_none_RSI+pct_RSI_27,StandardHMM,none,RSI+pct_RSI,2,0.4134988227978078,-5085.60396886572,,,,
HierarchicalHMM_2factors_none_Range+pct_Range+RSI+pct_RSI_167,HierarchicalHMM,none,Range+pct_Range+RSI+pct_RSI,4,0.4098661921698996,-4472.767221830322,,,,2.0
StandardHMM_none_Returns+RSI_11,StandardHMM,none,Returns+RSI,2,0.4050917965423361,-2881.3907110400733,,,,
HierarchicalHMM_1factors_none_Range+pct_Range_6,HierarchicalHMM,none,Range+pct_Range,2,0.40423083356758804,-2122.9884818353876,,,,1.0
GMMHMM_none_Returns+RSI_11,GMMHMM,none,Returns+RSI,2,0.39625435453144137,-4059.5330938242237,,,3.0,
HierarchicalHMM_1factors_none_Range+pct_Range+pct_RSI_57,HierarchicalHMM,none,Range+pct_Range+pct_RSI,3,0.3960410541122683,-2122.629709027079,,,,1.0
HierarchicalHMM_1factors_none_pct_Range+RSI+pct_RSI_81,HierarchicalHMM,none,pct_Range+RSI+pct_RSI,3,0.3868375195820165,-2453.40855153747,,,,1.0
HierarchicalHMM_2factors_robust_pct_Range+RSI+pct_RSI_402,HierarchicalHMM,robust,pct_Range+RSI+pct_RSI,3,0.38625865521934394,-4545.700016019986,,,,2.0
HierarchicalHMM_2factors_none_Range+pct_Range+fg+pct_RSI_158,HierarchicalHMM,none,Range+pct_Range+fg+pct_RSI,4,0.3851846879523296,-4353.437805288723,,,,2.0
HierarchicalHMM_2factors_none_Returns+RSI+pct_RSI_50,HierarchicalHMM,none,Returns+RSI+pct_RSI,3,0.38254157794116606,-4531.623223771659,,,,2.0
GMMHMM_none_fg+RSI+pct_RSI_61,GMMHMM,none,fg+RSI+pct_RSI,3,0.37998825635503547,-4929.6997485296315,,,3.0,
StandardHMM_none_fg+RSI+pct_RSI_61,StandardHMM,none,fg+RSI+pct_RSI,3,0.378092650829449,-13166.67852842974,,,,
StandardHMM_none_pct_Range+pct_fg+pct_RSI_57,StandardHMM,none,pct_Range+pct_fg+pct_RSI,3,0.37466973633055883,744.2158387263657,,,,
HierarchicalHMM_2factors_none_Range+pct_Range+fg+pct_fg+RSI+pct_RSI_311,HierarchicalHMM,none,Range+pct_Range+fg+pct_fg+RSI+pct_RSI,6,0.374253714748026,-3896.743363228208,,,,2.0
HierarchicalHMM_4factors_robust_Returns+Range+pct_Range+RSI+pct_RSI_539,HierarchicalHMM,robust,Returns+Range+pct_Range+RSI+pct_RSI,5,0.37329229178331663,-9068.194900630071,,,,4.0
StandardHMM_none_Range+pct_fg+pct_RSI_51,StandardHMM,none,Range+pct_fg+pct_RSI,3,0.37204796673825213,7416.273107106309,,,,
GMMHMM_none_pct_Range+RSI_20,GMMHMM,none,pct_Range+RSI,2,0.37197836088372344,-4043.217179113093,,,3.0,
StandardHMM_none_pct_Range+pct_fg_19,StandardHMM,none,pct_Range+pct_fg,2,0.3693316014464846,-1513.6836058951385,,,,
HierarchicalHMM_2factors_none_fg+RSI+pct_RSI_88,HierarchicalHMM,none,fg+RSI+pct_RSI,3,0.36893816031637344,-4220.771737721281,,,,2.0
StandardHMM_none_fg+pct_fg+RSI_59,StandardHMM,none,fg+pct_fg+RSI,3,0.3679209311920195,-14350.88445196853,,,,
StandardHMM_none_pct_Range+RSI_20,StandardHMM,none,pct_Range+RSI,2,0.3679028698776254,-10029.35433397949,,,,
StandardHMM_none_Returns+fg+RSI_38,StandardHMM,none,Returns+fg+RSI,3,0.3678748448067279,-10804.483434766338,,,,
StandardHMM_none_Returns+Range+pct_RSI_32,StandardHMM,none,Returns+Range+pct_RSI,3,0.3671989076976868,13669.93110980897,,,,
GMMHMM_robust_Returns+Range+pct_Range+RSI_192,GMMHMM,robust,Returns+Range+pct_Range+RSI,4,0.36714045367203535,-9320.873325893843,,,3.0,
StandardHMM_robust_Returns+Range+pct_Range+RSI_192,StandardHMM,robust,Returns+Range+pct_Range+RSI,4,0.36714045367203535,-9320.873325893843,,,,
HierarchicalHMM_3factors_none_pct_Range+fg+pct_fg+RSI+pct_RSI_278,HierarchicalHMM,none,pct_Range+fg+pct_fg+RSI+pct_RSI,5,0.3669754577505648,-6504.193356923384,,,,3.0
StandardHMM_none_pct_fg+RSI_25,StandardHMM,none,pct_fg+RSI,2,0.3660480885961,-6483.639996733802,,,,
GMMHMM_none_Returns+fg+RSI_38,GMMHMM,none,Returns+fg+RSI,3,0.3657502624644324,-4915.869529212299,,,3.0,
HierarchicalHMM_2factors_none_Returns+fg+RSI_42,HierarchicalHMM,none,Returns+fg+RSI,3,0.3648477648135914,-4240.873891659967,,,,2.0
StandardHMM_none_Range+pct_Range+fg_43,StandardHMM,none,Range+pct_Range+fg,3,0.3641614700406282,-6042.405175758895,,,,
StandardHMM_none_fg+pct_fg+RSI+pct_RSI_97,StandardHMM,none,fg+pct_fg+RSI+pct_RSI,4,0.362326086627062,-12443.426743690716,,,,
StandardHMM_none_Range+RSI_16,StandardHMM,none,Range+RSI,2,0.36134516614313844,-2924.6610038271165,,,,
StandardHMM_none_Returns+pct_Range+pct_fg_34,StandardHMM,none,Returns+pct_Range+pct_fg,3,0.36107796977532064,2956.7042089637994,,,,
StandardHMM_none_Returns+fg+pct_fg+RSI_79,StandardHMM,none,Returns+fg+pct_fg+RSI,4,0.3608364670906463,-10081.521414530174,,,,
HierarchicalHMM_3factors_none_Range+pct_Range+fg+RSI+pct_RSI_266,HierarchicalHMM,none,Range+pct_Range+fg+RSI+pct_RSI,5,0.35873179017350665,-6916.440040327823,,,,3.0
GMMHMM_none_pct_fg+RSI+pct_RSI_62,GMMHMM,none,pct_fg+RSI+pct_RSI,3,0.3586933161014979,-7315.835536167416,,,3.0,
StandardHMM_none_pct_fg+RSI+pct_RSI_62,StandardHMM,none,pct_fg+RSI+pct_RSI,3,0.3586933161014979,-4431.546310352807,,,,
GMMHMM_none_Range+fg+RSI_48,GMMHMM,none,Range+fg+RSI,3,0.35855521307739513,-4725.25035317032,,,3.0,
HierarchicalHMM_4factors_robust_Returns+Range+pct_Range+pct_fg+pct_RSI_535,HierarchicalHMM,robust,Returns+Range+pct_Range+pct_fg+pct_RSI,5,0.3574076961375402,-8668.267033334638,,,,4.0
GMMHMM_none_Range+pct_Range+fg_43,GMMHMM,none,Range+pct_Range+fg,3,0.3573330921841629,-5904.343474058663,,,3.0,
StandardHMM_none_Range+pct_Range+RSI_45,StandardHMM,none,Range+pct_Range+RSI,3,0.35706135361348845,-5382.182218649953,,,,
StandardHMM_none_Range+pct_fg_15,StandardHMM,none,Range+pct_fg,2,0.35303576737629405,5357.210845823116,,,,
HierarchicalHMM_2factors_none_Range+pct_fg+RSI+pct_RSI_179,HierarchicalHMM,none,Range+pct_fg+RSI+pct_RSI,4,0.35251254233854407,-4165.315973738508,,,,2.0
HierarchicalHMM_2factors_robust_Returns+Range+pct_Range+fg_412,HierarchicalHMM,robust,Returns+Range+pct_Range+fg,4,0.35237249376637025,-4314.47148071677,,,,2.0
HierarchicalHMM_2factors_none_fg+pct_fg+RSI+pct_RSI_194,HierarchicalHMM,none,fg+pct_fg+RSI+pct_RSI,4,0.35169365706697964,-3678.922957261709,,,,2.0
GMMHMM_none_Range+pct_Range+RSI_45,GMMHMM,none,Range+pct_Range+RSI,3,0.3503158597715296,-6277.668019620911,,,3.0,
GMMHMM_none_pct_Range+pct_fg+RSI_56,GMMHMM,none,pct_Range+pct_fg+RSI,3,0.3499585267422241,-7366.4696875440095,,,3.0,
HierarchicalHMM_2factors_none_pct_Range+fg+pct_fg+RSI_182,HierarchicalHMM,none,pct_Range+fg+pct_fg+RSI,4,0.349705610644346,-3679.809739622871,,,,2.0
HierarchicalHMM_2factors_none_pct_Range+fg+RSI+pct_RSI_188,HierarchicalHMM,none,pct_Range+fg+RSI+pct_RSI,4,0.34857336239136505,-4249.616366215783,,,,2.0
HierarchicalHMM_2factors_none_Range+pct_Range+fg_52,HierarchicalHMM,none,Range+pct_Range+fg,3,0.34794948600771486,-4187.071791926306,,,,2.0
HierarchicalHMM_3factors_none_Returns+fg+pct_fg+pct_RSI_144,HierarchicalHMM,none,Returns+fg+pct_fg+pct_RSI,4,0.34748544462970377,-6692.190418907522,,,,3.0
StandardHMM_robust_Returns+Range+pct_RSI_159,StandardHMM,robust,Returns+Range+pct_RSI,3,0.3474413532507304,-5249.388300072269,,,,
GMMHMM_robust_Returns+Range+pct_RSI_159,GMMHMM,robust,Returns+Range+pct_RSI,3,0.3474413532507304,-5249.388300072269,,,3.0,
GMMHMM_none_fg+pct_fg+RSI_59,GMMHMM,none,fg+pct_fg+RSI,3,0.3473484475965882,-5519.7368122817315,,,3.0,
HierarchicalHMM_2factors_none_Range+fg+RSI_62,HierarchicalHMM,none,Range+fg+RSI,3,0.3461850524191915,-4135.000102552736,,,,2.0
HierarchicalHMM_3factors_robust_Returns+pct_Range+pct_fg+pct_RSI_455,HierarchicalHMM,robust,Returns+pct_Range+pct_fg+pct_RSI,4,0.34599098661560135,-6753.159901727142,,,,3.0
HierarchicalHMM_2factors_none_Returns+Range+fg+RSI_107,HierarchicalHMM,none,Returns+Range+fg+RSI,4,0.34138448295919926,-4219.548920966623,,,,2.0
HierarchicalHMM_3factors_none_Returns+Range+pct_Range+fg+pct_RSI_206,HierarchicalHMM,none,Returns+Range+pct_Range+fg+pct_RSI,5,0.34036945730745616,-6931.694246275485,,,,3.0
GMMHMM_none_Range+RSI_16,GMMHMM,none,Range+RSI,2,0.34010648217070494,-3800.958471490239,,,3.0,
HierarchicalHMM_3factors_none_Range+pct_Range+fg+pct_fg_153,HierarchicalHMM,none,Range+pct_Range+fg+pct_fg,4,0.340073817292667,-6365.904155222533,,,,3.0
StandardHMM_none_Range+pct_Range+fg+pct_fg_83,StandardHMM,none,Range+pct_Range+fg+pct_fg,4,0.3390257632460599,-5113.750699907468,,,,
StandardHMM_none_Returns+fg+pct_RSI_39,StandardHMM,none,Returns+fg+pct_RSI,3,0.3378440992849442,70.44512164375462,,,,
GMMHMM_none_pct_Range+fg_18,GMMHMM,none,pct_Range+fg,2,0.336884992969676,-3678.3539929559506,,,3.0,
HierarchicalHMM_3factors_none_Range+pct_Range+fg+pct_fg+pct_RSI_262,HierarchicalHMM,none,Range+pct_Range+fg+pct_fg+pct_RSI,5,0.3367909054450811,-6402.192781206057,,,,3.0
StandardHMM_none_Range+RSI+pct_RSI_52,StandardHMM,none,Range+RSI+pct_RSI,3,0.3360467117724171,-752.0118457997834,,,,
GMMHMM_none_Range+pct_Range+fg+pct_fg_83,GMMHMM,none,Range+pct_Range+fg+pct_fg,4,0.3349557064768554,-9027.903008892195,,,3.0,
StandardHMM_none_Range+fg+pct_fg_47,StandardHMM,none,Range+fg+pct_fg,3,0.3344637843829257,-2665.144714232978,,,,
HierarchicalHMM_2factors_none_Returns+pct_Range+fg+RSI_125,HierarchicalHMM,none,Returns+pct_Range+fg+RSI,4,0.3339170335665107,-4236.286208900254,,,,2.0
GMMHMM_robust_pct_Range_129,GMMHMM,robust,pct_Range,1,0.3334884185874929,-2235.503838779996,,,3.0,
GMMHMM_none_pct_Range_2,GMMHMM,none,pct_Range,1,0.3334884185874929,-2235.503838779996,,,3.0,
StandardHMM_none_pct_Range_2,StandardHMM,none,pct_Range,1,0.3334884185874929,-2190.773746110677,,,,
StandardHMM_robust_pct_Range_129,StandardHMM,robust,pct_Range,1,0.3334884185874929,-2235.503838779996,,,,
HierarchicalHMM_3factors_robust_Range+pct_Range+pct_fg+pct_RSI_485,HierarchicalHMM,robust,Range+pct_Range+pct_fg+pct_RSI,4,0.3331588858733714,-6801.90727776637,,,,3.0
HierarchicalHMM_2factors_robust_Range+fg+RSI_382,HierarchicalHMM,robust,Range+fg+RSI,3,0.3320648158858132,-4135.000102552736,,,,2.0
StandardHMM_none_Range+pct_Range+RSI+pct_RSI_88,StandardHMM,none,Range+pct_Range+RSI+pct_RSI,4,0.3316032025600454,-3146.1554482079773,,,,
GMMHMM_none_Range+pct_Range+pct_RSI_46,GMMHMM,none,Range+pct_Range+pct_RSI,3,0.3313466362502139,-6919.502258491682,,,3.0,
GMMHMM_none_Range+RSI+pct_RSI_52,GMMHMM,none,Range+RSI+pct_RSI,3,0.33076428113553474,-6463.372011351986,,,3.0,
HierarchicalHMM_4factors_none_Range+pct_Range+fg+pct_fg+RSI_259,HierarchicalHMM,none,Range+pct_Range+fg+pct_fg+RSI,5,0.3306312421528478,-8798.507933964942,,,,4.0
GMMHMM_none_Returns+Range+pct_Range_28,GMMHMM,none,Returns+Range+pct_Range,3,0.33040636706692167,-7186.6838840457285,,,3.0,
StandardHMM_none_Range+fg+RSI_48,StandardHMM,none,Range+fg+RSI,3,0.3303616705045643,-11177.241606856684,,,,
StandardHMM_robust_Returns+Range+pct_Range+pct_RSI_193,StandardHMM,robust,Returns+Range+pct_Range+pct_RSI,4,0.3295913530781563,-7656.241165119151,,,,
GMMHMM_robust_Returns+Range+pct_Range+pct_RSI_193,GMMHMM,robust,Returns+Range+pct_Range+pct_RSI,4,0.3295913530781563,-7656.241165118947,,,3.0,
HierarchicalHMM_1factors_robust_Range+pct_Range+pct_RSI_377,HierarchicalHMM,robust,Range+pct_Range+pct_RSI,3,0.32955993732697836,-2122.629709027079,,,,1.0
GMMHMM_robust_pct_Range+RSI_147,GMMHMM,robust,pct_Range+RSI,2,0.32854556843609245,-4043.217179113093,,,3.0,
StandardHMM_robust_pct_Range+RSI_147,StandardHMM,robust,pct_Range+RSI,2,0.32854556843609245,-4043.217179113093,,,,
StandardHMM_none_Range+pct_Range+fg+RSI_84,StandardHMM,none,Range+pct_Range+fg+RSI,4,0.32727969833148635,-13575.5165990048,,,,
HierarchicalHMM_1factors_robust_Range+pct_Range+fg_371,HierarchicalHMM,robust,Range+pct_Range+fg,3,0.3266544522188275,-2121.8720563768534,,,,1.0
HierarchicalHMM_2factors_none_Range+pct_Range+fg+pct_fg+RSI_257,HierarchicalHMM,none,Range+pct_Range+fg+pct_fg+RSI,5,0.32648520686683763,-3972.8477998368494,,,,2.0
StandardHMM_none_Returns+pct_Range+fg+pct_fg_73,StandardHMM,none,Returns+pct_Range+fg+pct_fg,4,0.3261556657563702,-5592.068239422919,,,,
GMMHMM_none_Returns+pct_Range+fg+pct_fg_73,GMMHMM,none,Returns+pct_Range+fg+pct_fg,4,0.3251316456533446,-9833.789119955556,,,3.0,
GMMHMM_robust_Returns+Range+pct_Range+fg_190,GMMHMM,robust,Returns+Range+pct_Range+fg,4,0.3243252347968326,-9308.149046781007,,,3.0,
StandardHMM_robust_Returns+Range+pct_Range+fg_190,StandardHMM,robust,Returns+Range+pct_Range+fg,4,0.3243252347968326,-9308.149046781207,,,,
StandardHMM_none_Returns+Range+pct_fg_30,StandardHMM,none,Returns+Range+pct_fg,3,0.3242979166784422,9856.921941583112,,,,
HierarchicalHMM_3factors_none_Returns+Range+fg+pct_RSI_111,HierarchicalHMM,none,Returns+Range+fg+pct_RSI,4,0.3234387086968889,-6263.906592279032,,,,3.0
HierarchicalHMM_3factors_none_Returns+pct_fg+RSI+pct_RSI_150,HierarchicalHMM,none,Returns+pct_fg+RSI+pct_RSI,4,0.323365709623347,-6667.203226108601,,,,3.0
StandardHMM_none_Range+fg+pct_fg+pct_RSI_90,StandardHMM,none,Range+fg+pct_fg+pct_RSI,4,0.32256755704563067,-597.4489107513298,,,,
GMMHMM_none_Returns+Range+pct_RSI_32,GMMHMM,none,Returns+Range+pct_RSI,3,0.3221538315122687,-5249.388300072339,,,3.0,
HierarchicalHMM_1factors_none_fg+pct_fg+RSI_83,HierarchicalHMM,none,fg+pct_fg+RSI,3,0.32189995126117005,-1863.3489861616724,,,,1.0
HierarchicalHMM_2factors_none_Returns+Range+pct_Range_22,HierarchicalHMM,none,Returns+Range+pct_Range,3,0.3214478827513138,-4334.857850607757,,,,2.0
GMMHMM_robust_Returns+Range+RSI+pct_RSI_199,GMMHMM,robust,Returns+Range+RSI+pct_RSI,4,0.3206498004633154,-7204.1057133662725,,,3.0,
StandardHMM_robust_Returns+Range+RSI+pct_RSI_199,StandardHMM,robust,Returns+Range+RSI+pct_RSI,4,0.3206498004633154,-7204.105713366486,,,,
HierarchicalHMM_2factors_none_Range+pct_Range+fg+RSI_155,HierarchicalHMM,none,Range+pct_Range+fg+RSI,4,0.3193943908062093,-3977.8675428152515,,,,2.0
HierarchicalHMM_4factors_none_Returns+Range+pct_Range+fg+RSI_203,HierarchicalHMM,none,Returns+Range+pct_Range+fg+RSI,5,0.31874226235993175,-9096.39160870301,,,,4.0
GMMHMM_none_Returns+fg+pct_fg_37,GMMHMM,none,Returns+fg+pct_fg,3,0.3179198759940585,-7175.967156694578,,,3.0,
HierarchicalHMM_4factors_none_Returns+Range+pct_Range+fg+pct_fg+pct_RSI_288,HierarchicalHMM,none,Returns+Range+pct_Range+fg+pct_fg+pct_RSI,6,0.3172855558100038,-8548.361230024502,,,,4.0
HierarchicalHMM_4factors_none_Returns+Range+pct_Range+fg+pct_fg+RSI_283,HierarchicalHMM,none,Returns+Range+pct_Range+fg+pct_fg+RSI,6,0.3172847145555651,-8958.43449956187,,,,4.0
HierarchicalHMM_3factors_robust_Returns+Range+pct_Range+pct_fg_416,HierarchicalHMM,robust,Returns+Range+pct_Range+pct_fg,4,0.31692435382695544,-6672.226881417242,,,,3.0
HierarchicalHMM_3factors_none_Returns+fg+RSI+pct_RSI_147,HierarchicalHMM,none,Returns+fg+RSI+pct_RSI,4,0.3165901464842107,-6865.721900204707,,,,3.0
HierarchicalHMM_1factors_none_Range+RSI+pct_RSI_69,HierarchicalHMM,none,Range+RSI+pct_RSI,3,0.31641500173972364,-2218.08236202078,,,,1.0
StandardHMM_none_Returns+Range+pct_Range+RSI_65,StandardHMM,none,Returns+Range+pct_Range+RSI,4,0.31628245443001335,-720.0309777875929,,,,
GMMHMM_robust_Returns+Range+pct_Range+RSI+pct_RSI_230,GMMHMM,robust,Returns+Range+pct_Range+RSI+pct_RSI,5,0.31491952005380214,-9567.746979514908,,,3.0,
StandardHMM_robust_Returns+Range+pct_Range+RSI+pct_RSI_230,StandardHMM,robust,Returns+Range+pct_Range+RSI+pct_RSI,5,0.31491952005380214,-9567.746979514932,,,,
GMMHMM_robust_pct_Range+fg_145,GMMHMM,robust,pct_Range+fg,2,0.3147749333113217,-3678.3539929559506,,,3.0,
StandardHMM_robust_pct_Range+fg_145,StandardHMM,robust,pct_Range+fg,2,0.3147749333113217,-3678.3539929559506,,,,
HierarchicalHMM_2factors_none_Returns+Range+pct_Range+RSI_98,HierarchicalHMM,none,Returns+Range+pct_Range+RSI,4,0.3144869818267634,-4518.959460488847,,,,2.0
StandardHMM_none_Returns+pct_Range+RSI_35,StandardHMM,none,Returns+pct_Range+RSI,3,0.31427675813553174,-5599.663984255205,,,,
StandardHMM_none_Range+pct_Range+pct_fg_44,StandardHMM,none,Range+pct_Range+pct_fg,3,0.3137178314840345,3192.2224473488873,,,,
StandardHMM_none_Returns+Range+pct_fg+pct_RSI_71,StandardHMM,none,Returns+Range+pct_fg+pct_RSI,4,0.31275864445453705,13785.906942839301,,,,
HierarchicalHMM_2factors_robust_Returns+Range+pct_Range+fg+pct_RSI_525,HierarchicalHMM,robust,Returns+Range+pct_Range+fg+pct_RSI,5,0.31216583552576177,-4408.538176588945,,,,2.0
StandardHMM_none_pct_fg+pct_RSI_26,StandardHMM,none,pct_fg+pct_RSI,2,0.3116756747655693,2879.9004228337044,,,,
GMMHMM_robust_Range+pct_Range+RSI+pct_RSI_215,GMMHMM,robust,Range+pct_Range+RSI+pct_RSI,4,0.31139722791397295,-9335.823639698101,,,3.0,
StandardHMM_robust_Range+pct_Range+RSI+pct_RSI_215,StandardHMM,robust,Range+pct_Range+RSI+pct_RSI,4,0.31139722791397295,-9335.82363969811,,,,
GMMHMM_none_Returns+fg+pct_fg+pct_RSI_80,GMMHMM,none,Returns+fg+pct_fg+pct_RSI,4,0.31061751628944173,-8123.73743571348,,,3.0,
StandardHMM_none_Range+pct_Range+fg+pct_fg+pct_RSI_114,StandardHMM,none,Range+pct_Range+fg+pct_fg+pct_RSI,5,0.3100447367666978,-3004.358566682867,,,,
HierarchicalHMM_1factors_none_pct_Range+fg+pct_fg+RSI_181,HierarchicalHMM,none,pct_Range+fg+pct_fg+RSI,4,0.3095584966045003,-1870.5669550914529,,,,1.0
HierarchicalHMM_1factors_none_pct_Range+fg+pct_fg+RSI+pct_RSI_276,HierarchicalHMM,none,pct_Range+fg+pct_fg+RSI+pct_RSI,5,0.3095462792249036,-1870.8085370005983,,,,1.0
HierarchicalHMM_1factors_none_pct_Range+fg+RSI_73,HierarchicalHMM,none,pct_Range+fg+RSI,3,0.3091729671703337,-1866.740950863041,,,,1.0
HierarchicalHMM_2factors_robust_Returns+Range+pct_Range+fg+RSI+pct_RSI_611,HierarchicalHMM,robust,Returns+Range+pct_Range+fg+RSI+pct_RSI,6,0.30863742139712647,-4220.3268821530655,,,,2.0
GMMHMM_none_Range+pct_Range+fg+pct_fg+pct_RSI_114,GMMHMM,none,Range+pct_Range+fg+pct_fg+pct_RSI,5,0.30704994478056447,-11917.100281742754,,,3.0,
StandardHMM_none_Returns+Range+RSI_31,StandardHMM,none,Returns+Range+RSI,3,0.30691592860918143,1719.524132064476,,,,
HierarchicalHMM_2factors_none_Returns+fg+pct_RSI_44,HierarchicalHMM,none,Returns+fg+pct_RSI,3,0.30676714035462394,-4600.21394685681,,,,2.0
GMMHMM_none_Returns+pct_Range+RSI_35,GMMHMM,none,Returns+pct_Range+RSI,3,0.3064692753026887,-6822.869360108772,,,3.0,
StandardHMM_none_Returns+pct_fg+RSI_40,StandardHMM,none,Returns+pct_fg+RSI,3,0.30609223638081723,-2172.09985768307,,,,
HierarchicalHMM_1factors_robust_Returns+pct_Range_321,HierarchicalHMM,robust,Returns+pct_Range,2,0.3059214498519862,-1847.8734700870482,,,,1.0
StandardHMM_none_Range+pct_fg+RSI_50,StandardHMM,none,Range+pct_fg+RSI,3,0.3058944536023929,-2112.737002040543,,,,
GMMHMM_none_Range+fg+pct_fg_47,GMMHMM,none,Range+fg+pct_fg,3,0.3056903785862091,-6710.109791711246,,,3.0,
StandardHMM_none_Returns+Range+fg+pct_fg_67,StandardHMM,none,Returns+Range+fg+pct_fg,4,0.3045846206276371,1775.1572570560743,,,,
StandardHMM_none_Returns+pct_Range+fg_33,StandardHMM,none,Returns+pct_Range+fg,3,0.30409907762349997,-6451.633300010595,,,,
HierarchicalHMM_2factors_robust_Range+pct_Range+RSI_376,HierarchicalHMM,robust,Range+pct_Range+RSI,3,0.30379060409482106,-4783.102950328106,,,,2.0
StandardHMM_none_Returns+Range+pct_Range+pct_fg_64,StandardHMM,none,Returns+Range+pct_Range+pct_fg,4,0.30363963982034253,7910.787650680841,,,,
GMMHMM_none_Range+pct_fg+RSI_50,GMMHMM,none,Range+pct_fg+RSI,3,0.3033531150858019,-7018.820412872485,,,3.0,
GMMHMM_none_Returns+pct_Range+fg+pct_fg+pct_RSI_109,GMMHMM,none,Returns+pct_Range+fg+pct_fg+pct_RSI,5,0.3020069069564766,-10806.82536146726,,,3.0,
HierarchicalHMM_4factors_none_Returns+Range+pct_Range+fg+pct_fg_199,HierarchicalHMM,none,Returns+Range+pct_Range+fg+pct_fg,5,0.30093547732408554,-8739.39929410299,,,,4.0
HierarchicalHMM_4factors_none_Returns+Range+pct_Range+fg+pct_RSI_207,HierarchicalHMM,none,Returns+Range+pct_Range+fg+pct_RSI,5,0.30078906339558503,-8513.545668540268,,,,4.0
HierarchicalHMM_4factors_none_Returns+Range+pct_Range+pct_fg+pct_RSI_215,HierarchicalHMM,none,Returns+Range+pct_Range+pct_fg+pct_RSI,5,0.3007454370349855,-8668.26703333485,,,,4.0
HierarchicalHMM_4factors_none_Returns+Range+fg+pct_fg+pct_RSI_227,HierarchicalHMM,none,Returns+Range+fg+pct_fg+pct_RSI,5,0.3000972076210896,-8350.622412997816,,,,4.0
StandardHMM_none_Returns+pct_RSI_12,StandardHMM,none,Returns+pct_RSI,2,0.2992440858008001,8536.23584091445,,,,
StandardHMM_none_pct_Range+RSI+pct_RSI_58,StandardHMM,none,pct_Range+RSI+pct_RSI,3,0.2984576955157165,-7821.492459186697,,,,
StandardHMM_none_Range+pct_fg+RSI+pct_RSI_92,StandardHMM,none,Range+pct_fg+RSI+pct_RSI,4,0.2981974241202325,31.59837164717019,,,,
GMMHMM_none_pct_Range+RSI+pct_RSI_58,GMMHMM,none,pct_Range+RSI+pct_RSI,3,0.29794185236213677,-6695.732168488433,,,3.0,
HierarchicalHMM_1factors_robust_pct_Range+fg_331,HierarchicalHMM,robust,pct_Range+fg,2,0.29790512710964995,-1804.3995154347617,,,,1.0
HierarchicalHMM_5factors_none_Returns+Range+pct_Range+pct_fg+RSI+pct_RSI_299,HierarchicalHMM,none,Returns+Range+pct_Range+pct_fg+RSI+pct_RSI,6,0.29682357870512743,-10871.73240972018,,,,5.0
StandardHMM_none_Returns+RSI+pct_RSI_42,StandardHMM,none,Returns+RSI+pct_RSI,3,0.2965517608183505,1168.3291409034903,,,,
HierarchicalHMM_3factors_none_Returns+Range+fg+pct_fg+RSI_222,HierarchicalHMM,none,Returns+Range+fg+pct_fg+RSI,5,0.2956846178727534,-6493.559715764873,,,,3.0
GMMHMM_none_Returns+Range+RSI_31,GMMHMM,none,Returns+Range+RSI,3,0.29561437611972835,-6337.572467396779,,,3.0,
HierarchicalHMM_2factors_none_Returns+Range+pct_Range+fg+pct_fg+RSI+pct_RSI_316,HierarchicalHMM,none,Returns+Range+pct_Range+fg+pct_fg+RSI+pct_RSI,7,0.29543799166054174,-4280.789102789792,,,,2.0
HierarchicalHMM_5factors_none_Returns+Range+pct_Range+fg+pct_fg+pct_RSI_289,HierarchicalHMM,none,Returns+Range+pct_Range+fg+pct_fg+pct_RSI,6,0.29539523126003536,-10692.458057610605,,,,5.0
HierarchicalHMM_4factors_none_Returns+pct_Range+fg+pct_fg+pct_RSI_243,HierarchicalHMM,none,Returns+pct_Range+fg+pct_fg+pct_RSI,5,0.29537220628212896,-8881.248493791823,,,,4.0
HierarchicalHMM_3factors_none_Range+pct_Range+pct_fg+pct_RSI_165,HierarchicalHMM,none,Range+pct_Range+pct_fg+pct_RSI,4,0.2944540556109761,-6801.90727776637,,,,3.0
StandardHMM_none_Returns+pct_Range+RSI+pct_RSI_78,StandardHMM,none,Returns+pct_Range+RSI+pct_RSI,4,0.29428304510993913,-1279.503388588718,,,,
HierarchicalHMM_4factors_none_Returns+fg+pct_fg+RSI+pct_RSI_255,HierarchicalHMM,none,Returns+fg+pct_fg+RSI+pct_RSI,5,0.2942410090439016,-9065.134173371853,,,,4.0
HierarchicalHMM_3factors_none_Returns+Range+fg+RSI_108,HierarchicalHMM,none,Returns+Range+fg+RSI,4,0.2940540842535747,-6584.227230578784,,,,3.0
StandardHMM_none_fg+pct_fg+pct_RSI_60,StandardHMM,none,fg+pct_fg+pct_RSI,3,0.2940255137664185,-5126.304397668384,,,,
HierarchicalHMM_1factors_robust_pct_Range+RSI_333,HierarchicalHMM,robust,pct_Range+RSI,2,0.29392130211225426,-1816.2296231616974,,,,1.0
GMMHMM_none_fg+pct_fg+pct_RSI_60,GMMHMM,none,fg+pct_fg+pct_RSI,3,0.2938477061075432,-6974.327216369516,,,3.0,
HierarchicalHMM_4factors_none_Range+pct_Range+fg+RSI+pct_RSI_267,HierarchicalHMM,none,Range+pct_Range+fg+RSI+pct_RSI,5,0.29346209300561454,-9082.83805040205,,,,4.0
StandardHMM_robust_Returns+Range+pct_Range+pct_fg+pct_RSI_229,StandardHMM,robust,Returns+Range+pct_Range+pct_fg+pct_RSI,5,0.29314912343834937,-11309.238492254146,,,,
GMMHMM_robust_Returns+Range+pct_Range+pct_fg+pct_RSI_229,GMMHMM,robust,Returns+Range+pct_Range+pct_fg+pct_RSI,5,0.29314912343834937,-11309.238492254126,,,3.0,
HierarchicalHMM_3factors_none_Returns+fg+pct_fg+RSI_141,HierarchicalHMM,none,Returns+fg+pct_fg+RSI,4,0.29312262854441073,-6479.219193836847,,,,3.0
GMMHMM_none_pct_Range+fg+pct_fg_53,GMMHMM,none,pct_Range+fg+pct_fg,3,0.292922086423819,-6833.742785265676,,,3.0,
StandardHMM_none_Returns+Range+fg+pct_fg+pct_RSI_105,StandardHMM,none,Returns+Range+fg+pct_fg+pct_RSI,5,0.2926931903917839,5808.270463830804,,,,
GMMHMM_none_pct_Range+fg+pct_RSI_55,GMMHMM,none,pct_Range+fg+pct_RSI,3,0.2920933386678288,-6435.483441909329,,,3.0,
StandardHMM_none_pct_Range+fg+pct_RSI_55,StandardHMM,none,pct_Range+fg+pct_RSI,3,0.2920933386678288,-8597.494091460841,,,,
HierarchicalHMM_4factors_none_Returns+Range+pct_fg+RSI+pct_RSI_235,HierarchicalHMM,none,Returns+Range+pct_fg+RSI+pct_RSI,5,0.29175673502402294,-8535.656008230422,,,,4.0
StandardHMM_none_Range+fg+pct_RSI_49,StandardHMM,none,Range+fg+pct_RSI,3,0.29170104728111534,-1769.6849880218751,,,,
HierarchicalHMM_2factors_none_Returns+Range+fg+pct_fg+RSI+pct_RSI_301,HierarchicalHMM,none,Returns+Range+fg+pct_fg+RSI+pct_RSI,6,0.2914460557394179,-4291.87323014863,,,,2.0
GMMHMM_none_fg+RSI_23,GMMHMM,none,fg+RSI,2,0.29102642542369417,-2621.2891806347066,,,3.0,
StandardHMM_none_fg+RSI_23,StandardHMM,none,fg+RSI,2,0.29102642542369417,-15719.307077609032,,,,
HierarchicalHMM_2factors_none_Range+fg+RSI+pct_RSI_176,HierarchicalHMM,none,Range+fg+RSI+pct_RSI,4,0.29101102142098506,-4723.661881619044,,,,2.0
StandardHMM_none_Range+fg+RSI+pct_RSI_91,StandardHMM,none,Range+fg+RSI+pct_RSI,4,0.2909675874962403,-8931.994627758391,,,,
StandardHMM_none_pct_Range+fg+pct_fg+pct_RSI_94,StandardHMM,none,pct_Range+fg+pct_fg+pct_RSI,4,0.2904390503699438,-7911.757595110868,,,,
GMMHMM_none_pct_Range+fg+pct_fg+pct_RSI_94,GMMHMM,none,pct_Range+fg+pct_fg+pct_RSI,4,0.2903937680334922,-9804.26573841076,,,3.0,
HierarchicalHMM_3factors_none_Range+fg+RSI+pct_RSI_177,HierarchicalHMM,none,Range+fg+RSI+pct_RSI,4,0.2897528813549021,-6704.833831315935,,,,3.0
StandardHMM_none_Returns+Range+pct_fg+RSI_70,StandardHMM,none,Returns+Range+pct_fg+RSI,4,0.28967114215253004,2493.309929777239,,,,
StandardHMM_robust_fg_130,StandardHMM,robust,fg,1,0.2888134056191616,-1055.9429117563404,,,,
GMMHMM_robust_fg_130,GMMHMM,robust,fg,1,0.2888134056191616,-1055.9429117563404,,,3.0,
StandardHMM_none_fg_3,StandardHMM,none,fg,1,0.28881340561916136,-8123.0894480219395,,,,
GMMHMM_none_fg_3,GMMHMM,none,fg,1,0.28881340561916136,-1055.9429117563404,,,3.0,
HierarchicalHMM_5factors_none_Returns+Range+pct_Range+fg+pct_fg+RSI_284,HierarchicalHMM,none,Returns+Range+pct_Range+fg+pct_fg+RSI,6,0.2886933496312439,-11250.507328919959,,,,5.0
HierarchicalHMM_2factors_robust_Range+fg+pct_fg_380,HierarchicalHMM,robust,Range+fg+pct_fg,3,0.2880673455331373,-4270.51180445896,,,,2.0
StandardHMM_none_Returns+pct_fg+RSI+pct_RSI_82,StandardHMM,none,Returns+pct_fg+RSI+pct_RSI,4,0.287299105366968,1879.1669955264401,,,,
GMMHMM_none_Range+pct_Range+pct_fg+RSI_86,GMMHMM,none,Range+pct_Range+pct_fg+RSI,4,0.287184518333538,-9608.381472052466,,,3.0,
HierarchicalHMM_1factors_none_Range+fg+pct_fg+RSI_169,HierarchicalHMM,none,Range+fg+pct_fg+RSI,4,0.28501504441325554,-1949.3836846310287,,,,1.0
StandardHMM_none_Returns+fg+pct_fg+pct_RSI_80,StandardHMM,none,Returns+fg+pct_fg+pct_RSI,4,0.28470926016382975,946.533295194215,,,,
HierarchicalHMM_1factors_none_Range+pct_Range+fg+pct_fg+RSI_256,HierarchicalHMM,none,Range+pct_Range+fg+pct_fg+RSI,5,0.2841035799272475,-1957.0046558534673,,,,1.0
StandardHMM_none_pct_Range+pct_fg+RSI_56,StandardHMM,none,pct_Range+pct_fg+RSI,3,0.28379019144626333,-9521.398606481745,,,,
StandardHMM_robust_Returns+Range+pct_Range+fg+RSI+pct_RSI_248,StandardHMM,robust,Returns+Range+pct_Range+fg+RSI+pct_RSI,6,0.2835817014678404,-10860.81045507332,,,,
GMMHMM_robust_Returns+Range+pct_Range+fg+RSI+pct_RSI_248,GMMHMM,robust,Returns+Range+pct_Range+fg+RSI+pct_RSI,6,0.2835817014678404,-10860.810455073168,,,3.0,
StandardHMM_none_Range+fg+pct_fg+RSI_89,StandardHMM,none,Range+fg+pct_fg+RSI,4,0.28286719826517975,-10218.630205722267,,,,
StandardHMM_none_Range+pct_Range+fg+pct_fg+RSI_113,StandardHMM,none,Range+pct_Range+fg+pct_fg+RSI,5,0.2823474312005742,-12664.320252634378,,,,
StandardHMM_none_Returns+pct_Range+fg+pct_RSI_75,StandardHMM,none,Returns+pct_Range+fg+pct_RSI,4,0.2820131572006737,-2360.3193625970207,,,,
StandardHMM_none_Returns+Range+pct_Range+fg+pct_fg_98,StandardHMM,none,Returns+Range+pct_Range+fg+pct_fg,5,0.2819613341007114,-794.4140719206425,,,,
HierarchicalHMM_5factors_none_Returns+pct_Range+fg+pct_fg+RSI+pct_RSI_309,HierarchicalHMM,none,Returns+pct_Range+fg+pct_fg+RSI+pct_RSI,6,0.28190941504928446,-11439.875084902284,,,,5.0
HierarchicalHMM_3factors_none_Returns+pct_Range+fg+pct_fg+RSI_238,HierarchicalHMM,none,Returns+pct_Range+fg+pct_fg+RSI,5,0.28028670482994106,-6454.785674136184,,,,3.0
StandardHMM_none_Returns+Range+fg+RSI_68,StandardHMM,none,Returns+Range+fg+RSI,4,0.2801364475749203,-6470.952324140434,,,,
HierarchicalHMM_2factors_none_Returns+Range+fg+RSI+pct_RSI_229,HierarchicalHMM,none,Returns+Range+fg+RSI+pct_RSI,5,0.279966954324774,-4299.432047235634,,,,2.0
StandardHMM_none_pct_Range+fg+pct_fg_53,StandardHMM,none,pct_Range+fg+pct_fg,3,0.27921710885506174,-10312.274260942062,,,,
HierarchicalHMM_2factors_none_Returns+pct_Range+fg+pct_fg+RSI+pct_RSI_306,HierarchicalHMM,none,Returns+pct_Range+fg+pct_fg+RSI+pct_RSI,6,0.2792170616865428,-4299.84142273083,,,,2.0
GMMHMM_none_Range+pct_Range+fg+pct_fg+RSI_113,GMMHMM,none,Range+pct_Range+fg+pct_fg+RSI,5,0.2784061098783421,-10547.55998826317,,,3.0,
GMMHMM_robust_pct_Range+pct_fg_146,GMMHMM,robust,pct_Range+pct_fg,2,0.27833247556919766,-5635.669707868226,,,3.0,
StandardHMM_robust_pct_Range+pct_fg_146,StandardHMM,robust,pct_Range+pct_fg,2,0.27833247556919766,-5635.669707868226,,,,
HierarchicalHMM_2factors_none_Returns+fg+pct_fg+RSI+pct_RSI_253,HierarchicalHMM,none,Returns+fg+pct_fg+RSI+pct_RSI,5,0.27827421075316,-4316.922069658341,,,,2.0
GMMHMM_none_Range+pct_Range+pct_fg+RSI+pct_RSI_116,GMMHMM,none,Range+pct_Range+pct_fg+RSI+pct_RSI,5,0.27798111156838795,-12280.638013807162,,,3.0,
StandardHMM_none_Returns+fg+pct_fg+RSI+pct_RSI_112,StandardHMM,none,Returns+fg+pct_fg+RSI+pct_RSI,5,0.2777416359174233,-6397.833476056299,,,,
HierarchicalHMM_2factors_none_Range+fg+pct_fg+RSI_170,HierarchicalHMM,none,Range+fg+pct_fg+RSI,4,0.2770826050622758,-3813.382085874706,,,,2.0
HierarchicalHMM_2factors_none_Returns+pct_Range+fg+RSI+pct_RSI_245,HierarchicalHMM,none,Returns+pct_Range+fg+RSI+pct_RSI,5,0.2767765513502955,-4309.605454849306,,,,2.0
HierarchicalHMM_2factors_robust_Returns+Range+pct_RSI_350,HierarchicalHMM,robust,Returns+Range+pct_RSI,3,0.27619442498239316,-3942.7967719743924,,,,2.0
StandardHMM_none_Returns+pct_Range+pct_fg+RSI+pct_RSI_111,StandardHMM,none,Returns+pct_Range+pct_fg+RSI+pct_RSI,5,0.2761780979794646,-894.8314558343559,,,,
HierarchicalHMM_2factors_none_Returns+fg+RSI+pct_RSI_146,HierarchicalHMM,none,Returns+fg+RSI+pct_RSI,4,0.27588124102714295,-4325.9431011106635,,,,2.0
GMMHMM_none_Returns+fg+pct_fg+RSI_79,GMMHMM,none,Returns+fg+pct_fg+RSI,4,0.2757306618634713,-8495.921947999856,,,3.0,
HierarchicalHMM_1factors_robust_pct_Range+pct_RSI_334,HierarchicalHMM,robust,pct_Range+pct_RSI,2,0.2756227930199927,-1805.9334028154037,,,,1.0
GMMHMM_none_Returns+pct_Range+fg+pct_fg+RSI_108,GMMHMM,none,Returns+pct_Range+fg+pct_fg+RSI,5,0.2743164358033337,-11204.845219103658,,,3.0,
HierarchicalHMM_4factors_none_Returns+Range+fg+RSI+pct_RSI_231,HierarchicalHMM,none,Returns+Range+fg+RSI+pct_RSI,5,0.274208132036377,-9445.273334600148,,,,4.0
GMMHMM_none_Returns+Range+pct_Range+fg+pct_fg_98,GMMHMM,none,Returns+Range+pct_Range+fg+pct_fg,5,0.27412148833070255,-11915.828928667255,,,3.0,
HierarchicalHMM_2factors_none_Range+pct_Range+fg+RSI+pct_RSI_265,HierarchicalHMM,none,Range+pct_Range+fg+RSI+pct_RSI,5,0.27346713355729896,-4132.178846322326,,,,2.0
HierarchicalHMM_3factors_none_Range+pct_Range+fg+RSI_156,HierarchicalHMM,none,Range+pct_Range+fg+RSI,4,0.2731036514091498,-6686.931922712336,,,,3.0
HierarchicalHMM_1factors_none_Returns+Range+pct_fg+RSI_112,HierarchicalHMM,none,Returns+Range+pct_fg+RSI,4,0.2723830442940426,-2507.1664091014445,,,,1.0
GMMHMM_none_Returns+Range+fg+RSI_68,GMMHMM,none,Returns+Range+fg+RSI,4,0.27227303013725374,-7462.522269149042,,,3.0,
GMMHMM_none_fg+pct_fg+RSI+pct_RSI_97,GMMHMM,none,fg+pct_fg+RSI+pct_RSI,4,0.271561796512496,-8368.61433942295,,,3.0,
HierarchicalHMM_1factors_robust_Range+pct_Range+fg+pct_RSI_477,HierarchicalHMM,robust,Range+pct_Range+fg+pct_RSI,4,0.2712656177607736,-2121.6591788667993,,,,1.0
HierarchicalHMM_4factors_none_Returns+Range+fg+pct_fg+RSI_223,HierarchicalHMM,none,Returns+Range+fg+pct_fg+RSI,5,0.2704947411633772,-8691.037900832012,,,,4.0
HierarchicalHMM_4factors_none_Returns+Range+pct_Range+fg+RSI+pct_RSI_293,HierarchicalHMM,none,Returns+Range+pct_Range+fg+RSI+pct_RSI,6,0.2699148368122105,-8966.28341213064,,,,4.0
HierarchicalHMM_3factors_none_fg+pct_fg+RSI+pct_RSI_195,HierarchicalHMM,none,fg+pct_fg+RSI+pct_RSI,4,0.2692349339507369,-6561.619519888117,,,,3.0
StandardHMM_none_Range+fg+pct_fg+RSI+pct_RSI_117,StandardHMM,none,Range+fg+pct_fg+RSI+pct_RSI,5,0.2689949277260569,-8032.321254715867,,,,
HierarchicalHMM_1factors_none_Returns+RSI_4,HierarchicalHMM,none,Returns+RSI,2,0.26774081531238664,-2533.3968577624064,,,,1.0
HierarchicalHMM_3factors_robust_Returns+Range+pct_Range+fg+pct_fg_518,HierarchicalHMM,robust,Returns+Range+pct_Range+fg+pct_fg,5,0.26711399170421757,-6631.787969353942,,,,3.0
GMMHMM_none_fg+pct_RSI_24,GMMHMM,none,fg+pct_RSI,2,0.26668306420387267,-3924.3911886730893,,,3.0,
GMMHMM_none_Returns+RSI+pct_RSI_42,GMMHMM,none,Returns+RSI+pct_RSI,3,0.2660370585034399,-4838.187239000748,,,3.0,
StandardHMM_none_Range+pct_Range+fg+RSI+pct_RSI_115,StandardHMM,none,Range+pct_Range+fg+RSI+pct_RSI,5,0.26585409636625795,-11278.453390128094,,,,
HierarchicalHMM_3factors_none_Range+fg+pct_fg+RSI_171,HierarchicalHMM,none,Range+fg+pct_fg+RSI,4,0.2658143008388789,-6207.958791879376,,,,3.0
StandardHMM_robust_Range+pct_Range+fg+RSI+pct_RSI_242,StandardHMM,robust,Range+pct_Range+fg+RSI+pct_RSI,5,0.26522833177817595,-10669.198250885227,,,,
GMMHMM_robust_Range+pct_Range+fg+RSI+pct_RSI_242,GMMHMM,robust,Range+pct_Range+fg+RSI+pct_RSI,5,0.26522833177817595,-10669.198250885061,,,3.0,
GMMHMM_none_Range+fg+pct_fg+RSI+pct_RSI_117,GMMHMM,none,Range+fg+pct_fg+RSI+pct_RSI,5,0.2650291984299094,-10731.404289925575,,,3.0,
HierarchicalHMM_2factors_robust_Range+pct_Range+pct_fg_374,HierarchicalHMM,robust,Range+pct_Range+pct_fg,3,0.26493255105556984,-4326.327883154329,,,,2.0
HierarchicalHMM_3factors_robust_Range+pct_Range+fg+RSI_476,HierarchicalHMM,robust,Range+pct_Range+fg+RSI,4,0.2647273969429234,-6686.93192271277,,,,3.0
StandardHMM_robust_fg+RSI_150,StandardHMM,robust,fg+RSI,2,0.264496243915616,-2621.2891806347006,,,,
GMMHMM_robust_fg+RSI_150,GMMHMM,robust,fg+RSI,2,0.264496243915616,-2621.2891806347006,,,3.0,
StandardHMM_none_Returns+pct_Range+pct_fg+RSI_76,StandardHMM,none,Returns+pct_Range+pct_fg+RSI,4,0.26314363219777276,-5085.090776532208,,,,
HierarchicalHMM_3factors_none_Returns+Range+pct_Range+fg_93,HierarchicalHMM,none,Returns+Range+pct_Range+fg,4,0.2630657051708808,-6510.057208616041,,,,3.0
HierarchicalHMM_2factors_none_pct_Range+fg+pct_fg+RSI+pct_RSI_277,HierarchicalHMM,none,pct_Range+fg+pct_fg+RSI+pct_RSI,5,0.2627116656946291,-3865.396369295426,,,,2.0
HierarchicalHMM_2factors_none_Returns+Range+fg+pct_fg+pct_RSI_225,HierarchicalHMM,none,Returns+Range+fg+pct_fg+pct_RSI,5,0.2619315472763329,-4602.048803108519,,,,2.0
HierarchicalHMM_1factors_none_Range+fg+pct_fg+RSI+pct_RSI_272,HierarchicalHMM,none,Range+fg+pct_fg+RSI+pct_RSI,5,0.26145260084974653,-2044.7425995313786,,,,1.0
HierarchicalHMM_4factors_none_Range+fg+pct_fg+RSI+pct_RSI_275,HierarchicalHMM,none,Range+fg+pct_fg+RSI+pct_RSI,5,0.26122151479992795,-8778.090080296359,,,,4.0
StandardHMM_none_pct_Range+fg_18,StandardHMM,none,pct_Range+fg,2,0.2611062153307675,-10994.261081041566,,,,
GMMHMM_none_Returns+pct_Range+pct_fg+RSI+pct_RSI_111,GMMHMM,none,Returns+pct_Range+pct_fg+RSI+pct_RSI,5,0.26091194548131474,-11015.197411796345,,,3.0,
StandardHMM_none_Returns+Range+pct_Range_28,StandardHMM,none,Returns+Range+pct_Range,3,0.2606290644811829,7282.334225240315,,,,
HierarchicalHMM_1factors_none_Range+pct_Range+fg+pct_fg+RSI+pct_RSI_310,HierarchicalHMM,none,Range+pct_Range+fg+pct_fg+RSI+pct_RSI,6,0.26057538789051476,-2046.278851468257,,,,1.0
HierarchicalHMM_1factors_none_Range+fg+RSI+pct_RSI_175,HierarchicalHMM,none,Range+fg+RSI+pct_RSI,4,0.26036020125236015,-2051.6920857194514,,,,1.0
HierarchicalHMM_5factors_none_Returns+Range+fg+pct_fg+RSI+pct_RSI_304,HierarchicalHMM,none,Returns+Range+fg+pct_fg+RSI+pct_RSI,6,0.2602665655276778,-11090.433111568698,,,,5.0
GMMHMM_none_Returns+Range+fg+pct_fg_67,GMMHMM,none,Returns+Range+fg+pct_fg,4,0.2601599964539648,-9501.369010548915,,,3.0,
GMMHMM_none_Returns+pct_Range+pct_fg+RSI_76,GMMHMM,none,Returns+pct_Range+pct_fg+RSI,4,0.2601230153029471,-10362.917666655285,,,3.0,
GMMHMM_none_Returns+pct_fg+RSI+pct_RSI_82,GMMHMM,none,Returns+pct_fg+RSI+pct_RSI,4,0.2599883112698384,-8192.933025403418,,,3.0,
GMMHMM_robust_Range+RSI_143,GMMHMM,robust,Range+RSI,2,0.2598536056050287,-3800.958471490239,,,3.0,
StandardHMM_robust_Range+RSI_143,StandardHMM,robust,Range+RSI,2,0.2598536056050287,-3800.958471490239,,,,
HierarchicalHMM_4factors_none_Returns+pct_Range+pct_fg+RSI+pct_RSI_251,HierarchicalHMM,none,Returns+pct_Range+pct_fg+RSI+pct_RSI,5,0.2593456438147376,-9065.343857685333,,,,4.0
GMMHMM_robust_Returns+Range+pct_Range+pct_fg+RSI+pct_RSI_249,GMMHMM,robust,Returns+Range+pct_Range+pct_fg+RSI+pct_RSI,6,0.2587588194571108,-13037.29775137152,,,3.0,
StandardHMM_robust_Returns+Range+pct_Range+pct_fg+RSI+pct_RSI_249,StandardHMM,robust,Returns+Range+pct_Range+pct_fg+RSI+pct_RSI,6,0.2587588194571108,-13037.297751371332,,,,
HierarchicalHMM_2factors_none_Returns+pct_fg+pct_RSI_48,HierarchicalHMM,none,Returns+pct_fg+pct_RSI,3,0.25856904952570187,-4616.3768471436515,,,,2.0
StandardHMM_robust_fg+pct_RSI_151,StandardHMM,robust,fg+pct_RSI,2,0.25839425718902254,-3924.391188672968,,,,
GMMHMM_robust_fg+pct_RSI_151,GMMHMM,robust,fg+pct_RSI,2,0.25839425718902254,-3924.391188672968,,,3.0,
HierarchicalHMM_3factors_none_Range+pct_Range+fg+pct_fg+RSI_258,HierarchicalHMM,none,Range+pct_Range+fg+pct_fg+RSI,5,0.2583889509762313,-6156.585663434759,,,,3.0
HierarchicalHMM_3factors_none_Returns+Range+fg+RSI+pct_RSI_230,HierarchicalHMM,none,Returns+Range+fg+RSI+pct_RSI,5,0.2582012036906752,-6291.33169980518,,,,3.0
HierarchicalHMM_3factors_none_Range+pct_Range+fg+pct_fg+RSI+pct_RSI_312,HierarchicalHMM,none,Range+pct_Range+fg+pct_fg+RSI+pct_RSI,6,0.2579672646733318,-6190.6600967128425,,,,3.0
HierarchicalHMM_1factors_none_Returns+fg+RSI_41,HierarchicalHMM,none,Returns+fg+RSI,3,0.2575802392362359,-2078.1265921337954,,,,1.0
HierarchicalHMM_1factors_none_Returns+Range+fg+RSI_106,HierarchicalHMM,none,Returns+Range+fg+RSI,4,0.2575791434082916,-2079.0493800551803,,,,1.0
StandardHMM_robust_Range+pct_Range+pct_fg_171,StandardHMM,robust,Range+pct_Range+pct_fg,3,0.257538114681615,-7698.4995180539345,,,,
GMMHMM_robust_Range+pct_Range+pct_fg_171,GMMHMM,robust,Range+pct_Range+pct_fg,3,0.257538114681615,-7698.4995180539345,,,3.0,
HierarchicalHMM_1factors_none_Returns+fg+pct_fg+RSI_139,HierarchicalHMM,none,Returns+fg+pct_fg+RSI,4,0.25750204502565077,-2077.5550794819414,,,,1.0
HierarchicalHMM_1factors_none_Returns+Range+fg+pct_fg+RSI_220,HierarchicalHMM,none,Returns+Range+fg+pct_fg+RSI,5,0.2575009861449414,-2078.589567335119,,,,1.0
StandardHMM_none_Range+pct_Range+fg+pct_fg+RSI+pct_RSI_125,StandardHMM,none,Range+pct_Range+fg+pct_fg+RSI+pct_RSI,6,0.25698119576860223,-10588.426826976984,,,,
HierarchicalHMM_2factors_robust_Range+pct_Range+pct_fg+RSI+pct_RSI_589,HierarchicalHMM,robust,Range+pct_Range+pct_fg+RSI+pct_RSI,5,0.256925747451918,-4300.916774866954,,,,2.0
HierarchicalHMM_1factors_none_Returns+pct_Range+fg+RSI_124,HierarchicalHMM,none,Returns+pct_Range+fg+RSI,4,0.2566981188662095,-2078.099504268393,,,,1.0
HierarchicalHMM_1factors_none_Returns+pct_Range+fg+pct_fg+RSI_236,HierarchicalHMM,none,Returns+pct_Range+fg+pct_fg+RSI,5,0.2566226383903114,-2077.5521364560313,,,,1.0
HierarchicalHMM_1factors_none_Returns+Range+pct_Range+fg+pct_fg+RSI_280,HierarchicalHMM,none,Returns+Range+pct_Range+fg+pct_fg+RSI,6,0.2566216672446521,-2078.5629728826493,,,,1.0
StandardHMM_robust_Returns+pct_Range+fg+RSI+pct_RSI_237,StandardHMM,robust,Returns+pct_Range+fg+RSI+pct_RSI,5,0.2562450295636316,-9210.852110248501,,,,
GMMHMM_robust_Returns+pct_Range+fg+RSI+pct_RSI_237,GMMHMM,robust,Returns+pct_Range+fg+RSI+pct_RSI,5,0.2562450295636316,-9210.852110248603,,,3.0,
HierarchicalHMM_4factors_none_Range+pct_Range+fg+pct_fg+pct_RSI_263,HierarchicalHMM,none,Range+pct_Range+fg+pct_fg+pct_RSI,5,0.25426883859378063,-8827.960540198457,,,,4.0
HierarchicalHMM_2factors_robust_Returns+Range+pct_Range+fg+pct_fg_517,HierarchicalHMM,robust,Returns+Range+pct_Range+fg+pct_fg,5,0.25422863973112914,-4284.388454400958,,,,2.0
GMMHMM_none_Returns+pct_fg+RSI_40,GMMHMM,none,Returns+pct_fg+RSI,3,0.25373539534434886,-7398.849615659988,,,3.0,
StandardHMM_none_Returns+pct_fg_10,StandardHMM,none,Returns+pct_fg,2,0.2535575014876281,5120.1923183812305,,,,
GMMHMM_robust_Returns+Range+fg+RSI+pct_RSI_233,GMMHMM,robust,Returns+Range+fg+RSI+pct_RSI,5,0.25325501919239635,-8594.540143970611,,,3.0,
StandardHMM_robust_Returns+Range+fg+RSI+pct_RSI_233,StandardHMM,robust,Returns+Range+fg+RSI+pct_RSI,5,0.25325501919239635,-8594.540143970611,,,,
HierarchicalHMM_2factors_robust_fg+pct_fg+RSI_404,HierarchicalHMM,robust,fg+pct_fg+RSI,3,0.2531207766884864,-3850.2752988712286,,,,2.0
HierarchicalHMM_3factors_none_Range+pct_Range+pct_fg+RSI_162,HierarchicalHMM,none,Range+pct_Range+pct_fg+RSI,4,0.25287733329449835,-6403.623081105752,,,,3.0
GMMHMM_none_Range+pct_Range+fg+pct_fg+RSI+pct_RSI_125,GMMHMM,none,Range+pct_Range+fg+pct_fg+RSI+pct_RSI,6,0.25223459334385456,-13331.733763874985,,,3.0,
HierarchicalHMM_5factors_none_Range+pct_Range+fg+pct_fg+RSI+pct_RSI_314,HierarchicalHMM,none,Range+pct_Range+fg+pct_fg+RSI+pct_RSI,6,0.2515221611644722,-11255.390535556267,,,,5.0
GMMHMM_none_Range+pct_fg+RSI+pct_RSI_92,GMMHMM,none,Range+pct_fg+RSI+pct_RSI,4,0.25146174755025186,-9991.683664747852,,,3.0,
StandardHMM_none_Returns+Range+fg+pct_fg+RSI_104,StandardHMM,none,Returns+Range+fg+pct_fg+RSI,5,0.2503244302654133,-5632.146387007384,,,,
StandardHMM_robust_Returns+pct_Range_135,StandardHMM,robust,Returns+pct_Range,2,0.25007927082782044,-4949.432624969486,,,,
GMMHMM_robust_Returns+pct_Range_135,GMMHMM,robust,Returns+pct_Range,2,0.25007927082782044,-4949.432624969463,,,3.0,
HierarchicalHMM_2factors_robust_pct_Range+fg+pct_fg_392,HierarchicalHMM,robust,pct_Range+fg+pct_fg,3,0.2498363828939517,-4118.989321458146,,,,2.0
HierarchicalHMM_2factors_none_Returns+Range+pct_RSI_30,HierarchicalHMM,none,Returns+Range+pct_RSI,3,0.24873110736145124,-3942.7967719743924,,,,2.0
HierarchicalHMM_2factors_none_Returns+Range+pct_Range+fg+pct_fg+RSI_281,HierarchicalHMM,none,Returns+Range+pct_Range+fg+pct_fg+RSI,6,0.2486807168301571,-4269.122919545497,,,,2.0
HierarchicalHMM_3factors_none_Returns+fg+pct_fg+RSI+pct_RSI_254,HierarchicalHMM,none,Returns+fg+pct_fg+RSI+pct_RSI,5,0.2482577541246799,-6551.816896403037,,,,3.0
StandardHMM_none_pct_Range+fg+RSI+pct_RSI_95,StandardHMM,none,pct_Range+fg+RSI+pct_RSI,4,0.2477962812413567,-16073.548693772414,,,,
GMMHMM_none_Returns+pct_Range+pct_RSI_36,GMMHMM,none,Returns+pct_Range+pct_RSI,3,0.2474544893225334,-5562.5605509013,,,3.0,
HierarchicalHMM_3factors_robust_pct_Range+fg+RSI+pct_RSI_509,HierarchicalHMM,robust,pct_Range+fg+RSI+pct_RSI,4,0.24744857058791847,-6613.558950505178,,,,3.0
HierarchicalHMM_2factors_robust_Returns+Range+pct_Range+pct_fg+RSI_529,HierarchicalHMM,robust,Returns+Range+pct_Range+pct_fg+RSI,5,0.24735915075410128,-4282.478779480895,,,,2.0
StandardHMM_none_Returns+pct_Range+pct_fg+pct_RSI_77,StandardHMM,none,Returns+pct_Range+pct_fg+pct_RSI,4,0.24725749718019702,6788.150173729521,,,,
GMMHMM_none_Returns+Range+fg+pct_fg+RSI_104,GMMHMM,none,Returns+Range+fg+pct_fg+RSI,5,0.2470388695742019,-10677.866037712995,,,3.0,
StandardHMM_robust_Returns+Range+pct_fg+RSI+pct_RSI_234,StandardHMM,robust,Returns+Range+pct_fg+RSI+pct_RSI,5,0.2468421938084701,-10622.398623174926,,,,
GMMHMM_robust_Returns+Range+pct_fg+RSI+pct_RSI_234,GMMHMM,robust,Returns+Range+pct_fg+RSI+pct_RSI,5,0.2468421938084701,-10622.398623174822,,,3.0,
HierarchicalHMM_3factors_none_pct_Range+fg+RSI+pct_RSI_189,HierarchicalHMM,none,pct_Range+fg+RSI+pct_RSI,4,0.2467229442210932,-6613.558950505178,,,,3.0
HierarchicalHMM_2factors_robust_Returns+fg+pct_fg+pct_RSI_463,HierarchicalHMM,robust,Returns+fg+pct_fg+pct_RSI,4,0.2464584388976242,-4607.2076777863795,,,,2.0
HierarchicalHMM_3factors_none_Returns+Range+pct_Range+fg+RSI+pct_RSI_292,HierarchicalHMM,none,Returns+Range+pct_Range+fg+RSI+pct_RSI,6,0.2462350574936589,-6952.037137749726,,,,3.0
HierarchicalHMM_2factors_robust_Range+pct_Range+fg+pct_fg_472,HierarchicalHMM,robust,Range+pct_Range+fg+pct_fg,4,0.24577143476802116,-4334.771398488894,,,,2.0
GMMHMM_robust_Returns+Range+fg+RSI_195,GMMHMM,robust,Returns+Range+fg+RSI,4,0.2453904130846544,-7462.522269149042,,,3.0,
StandardHMM_robust_Returns+Range+fg+RSI_195,StandardHMM,robust,Returns+Range+fg+RSI,4,0.2453904130846544,-7462.52226914896,,,,
GMMHMM_robust_Returns+Range+fg+pct_RSI_196,GMMHMM,robust,Returns+Range+fg+pct_RSI,4,0.24512743916339325,-7308.26024624444,,,3.0,
StandardHMM_robust_Returns+Range+fg+pct_RSI_196,StandardHMM,robust,Returns+Range+fg+pct_RSI,4,0.24512743916339325,-7308.26024624444,,,,
HierarchicalHMM_4factors_none_Returns+Range+fg+pct_fg+RSI+pct_RSI_303,HierarchicalHMM,none,Returns+Range+fg+pct_fg+RSI+pct_RSI,6,0.24463567592578644,-8418.650809190489,,,,4.0
HierarchicalHMM_3factors_robust_Returns+Range+fg+RSI_428,HierarchicalHMM,robust,Returns+Range+fg+RSI,4,0.2435510116987813,-6584.227230578784,,,,3.0
HierarchicalHMM_4factors_robust_Returns+Range+pct_Range+pct_fg+RSI+pct_RSI_618,HierarchicalHMM,robust,Returns+Range+pct_Range+pct_fg+RSI+pct_RSI,6,0.2435376752676444,-9121.261796257291,,,,4.0
HierarchicalHMM_3factors_none_Range+pct_Range+fg+pct_RSI_159,HierarchicalHMM,none,Range+pct_Range+fg+pct_RSI,4,0.24351025198557213,-6591.141294064628,,,,3.0
GMMHMM_robust_RSI_132,GMMHMM,robust,RSI,1,0.24308103553907334,-1475.381781176458,,,3.0,
StandardHMM_robust_RSI_132,StandardHMM,robust,RSI,1,0.24308103553907334,-1475.381781176458,,,,
StandardHMM_none_RSI_5,StandardHMM,none,RSI,1,0.2430810355390729,-7506.252869724307,,,,
GMMHMM_none_RSI_5,GMMHMM,none,RSI,1,0.2430810355390729,-1475.381781176458,,,3.0,
StandardHMM_none_Returns+pct_Range+fg+RSI_74,StandardHMM,none,Returns+pct_Range+fg+RSI,4,0.24226443135102996,-13832.27558619842,,,,
GMMHMM_none_Returns+pct_Range+fg+pct_fg+RSI+pct_RSI_124,GMMHMM,none,Returns+pct_Range+fg+pct_fg+RSI+pct_RSI,6,0.24160874958194695,-12107.054486878827,,,3.0,
HierarchicalHMM_2factors_robust_pct_Range+pct_fg+RSI_398,HierarchicalHMM,robust,pct_Range+pct_fg+RSI,3,0.2413057686353819,-4126.734934728266,,,,2.0
HierarchicalHMM_3factors_none_Returns+Range+fg+pct_fg+RSI+pct_RSI_302,HierarchicalHMM,none,Returns+Range+fg+pct_fg+RSI+pct_RSI,6,0.24110735868834948,-6509.719578249164,,,,3.0
HierarchicalHMM_3factors_robust_Range+fg+RSI+pct_RSI_497,HierarchicalHMM,robust,Range+fg+RSI+pct_RSI,4,0.24043214830844153,-6704.833831316159,,,,3.0
HierarchicalHMM_2factors_none_Range+fg+pct_fg+RSI+pct_RSI_273,HierarchicalHMM,none,Range+fg+pct_fg+RSI+pct_RSI,5,0.2390155365790663,-3959.5921766047977,,,,2.0
HierarchicalHMM_2factors_robust_Range+pct_Range+fg_372,HierarchicalHMM,robust,Range+pct_Range+fg,3,0.23775476658795486,-4187.071791926306,,,,2.0
StandardHMM_none_Returns+fg+RSI+pct_RSI_81,StandardHMM,none,Returns+fg+RSI+pct_RSI,4,0.23751708002809926,-7636.532195730712,,,,
HierarchicalHMM_3factors_none_Returns+pct_Range+fg+pct_fg+RSI+pct_RSI_307,HierarchicalHMM,none,Returns+pct_Range+fg+pct_fg+RSI+pct_RSI,6,0.23742867802488218,-6527.315641247654,,,,3.0
HierarchicalHMM_2factors_robust_Returns+pct_fg+pct_RSI_368,HierarchicalHMM,robust,Returns+pct_fg+pct_RSI,3,0.23675223371311477,-4616.3768471436515,,,,2.0
GMMHMM_none_pct_Range+pct_fg+RSI+pct_RSI_96,GMMHMM,none,pct_Range+pct_fg+RSI+pct_RSI,4,0.23510354921478568,-10234.842985880181,,,3.0,
StandardHMM_none_pct_Range+pct_fg+RSI+pct_RSI_96,StandardHMM,none,pct_Range+pct_fg+RSI+pct_RSI,4,0.2348677102885889,-7305.816302272298,,,,
GMMHMM_none_pct_Range+fg+pct_fg+RSI_93,GMMHMM,none,pct_Range+fg+pct_fg+RSI,4,0.23424531036658086,-8553.62942480601,,,3.0,
HierarchicalHMM_4factors_none_Returns+Range+pct_Range+fg+pct_fg+RSI+pct_RSI_318,HierarchicalHMM,none,Returns+Range+pct_Range+fg+pct_fg+RSI+pct_RSI,7,0.2340678746081722,-8693.956530809826,,,,4.0
HierarchicalHMM_3factors_robust_Range+fg+pct_fg+pct_RSI_494,HierarchicalHMM,robust,Range+fg+pct_fg+pct_RSI,4,0.23257589078047652,-6713.827614486031,,,,3.0
StandardHMM_robust_Range+pct_Range+pct_RSI_173,StandardHMM,robust,Range+pct_Range+pct_RSI,3,0.2321195007781897,-6919.502258491544,,,,
GMMHMM_robust_Range+pct_Range+pct_RSI_173,GMMHMM,robust,Range+pct_Range+pct_RSI,3,0.2321195007781897,-6919.502258491544,,,3.0,
HierarchicalHMM_4factors_none_Range+pct_Range+fg+pct_fg+RSI+pct_RSI_313,HierarchicalHMM,none,Range+pct_Range+fg+pct_fg+RSI+pct_RSI,6,0.2303283124185703,-9321.10271238949,,,,4.0
HierarchicalHMM_1factors_none_Range+pct_RSI_10,HierarchicalHMM,none,Range+pct_RSI,2,0.22937393978689566,-2562.744515110136,,,,1.0
HierarchicalHMM_4factors_none_Returns+pct_Range+fg+pct_fg+RSI_239,HierarchicalHMM,none,Returns+pct_Range+fg+pct_fg+RSI,5,0.22928974885984613,-9075.929184021426,,,,4.0
HierarchicalHMM_2factors_robust_pct_Range+pct_fg+pct_RSI_400,HierarchicalHMM,robust,pct_Range+pct_fg+pct_RSI,3,0.22771212624847334,-4101.155688313973,,,,2.0
StandardHMM_none_pct_Range+fg+pct_fg+RSI_93,StandardHMM,none,pct_Range+fg+pct_fg+RSI,4,0.22768772119985678,-17929.004704253883,,,,
HierarchicalHMM_1factors_robust_Returns+Range+pct_Range+fg+RSI_520,HierarchicalHMM,robust,Returns+Range+pct_Range+fg+RSI,5,0.22749072425281014,-2109.8541653525635,,,,1.0
HierarchicalHMM_3factors_robust_Range+pct_Range+RSI+pct_RSI_488,HierarchicalHMM,robust,Range+pct_Range+RSI+pct_RSI,4,0.227296133075113,-6952.79516364124,,,,3.0
StandardHMM_none_Returns+Range+pct_Range+fg+pct_fg+RSI_119,StandardHMM,none,Returns+Range+pct_Range+fg+pct_fg+RSI,6,0.22693446750799662,-8156.627866253633,,,,
StandardHMM_robust_pct_Range+pct_fg+pct_RSI_184,StandardHMM,robust,pct_Range+pct_fg+pct_RSI,3,0.2251706308417916,-8273.008012128783,,,,
GMMHMM_robust_pct_Range+pct_fg+pct_RSI_184,GMMHMM,robust,pct_Range+pct_fg+pct_RSI,3,0.2251706308417916,-8273.008012128783,,,3.0,
HierarchicalHMM_2factors_robust_fg+pct_fg+pct_RSI_406,HierarchicalHMM,robust,fg+pct_fg+pct_RSI,3,0.22427338172821834,-4554.175224550727,,,,2.0
HierarchicalHMM_2factors_robust_Returns+pct_Range+pct_RSI_358,HierarchicalHMM,robust,Returns+pct_Range+pct_RSI,3,0.22358735745255198,-4129.4771738248155,,,,2.0
GMMHMM_none_Returns+Range+pct_Range+fg+pct_fg+RSI_119,GMMHMM,none,Returns+Range+pct_Range+fg+pct_fg+RSI,6,0.22311754141276868,-13246.883527774831,,,3.0,
GMMHMM_none_Range+fg+pct_fg+RSI_89,GMMHMM,none,Range+fg+pct_fg+RSI,4,0.22270412564319986,-8334.824253252465,,,3.0,
StandardHMM_none_pct_Range+fg+RSI_54,StandardHMM,none,pct_Range+fg+RSI,3,0.2221504245706764,-18609.516244323197,,,,
HierarchicalHMM_2factors_robust_pct_fg+RSI+pct_RSI_410,HierarchicalHMM,robust,pct_fg+RSI+pct_RSI,3,0.22202614096977502,-4640.217361285099,,,,2.0
HierarchicalHMM_2factors_robust_Range+RSI+pct_RSI_390,HierarchicalHMM,robust,Range+RSI+pct_RSI,3,0.22116038066064703,-4491.556493988674,,,,2.0
HierarchicalHMM_2factors_none_Returns+fg+pct_fg+RSI_140,HierarchicalHMM,none,Returns+fg+pct_fg+RSI,4,0.2208468174292626,-4006.03480915936,,,,2.0
HierarchicalHMM_2factors_none_Returns+Range+fg+pct_fg+RSI_221,HierarchicalHMM,none,Returns+Range+fg+pct_fg+RSI,5,0.2208455156826146,-4006.867860860023,,,,2.0
HierarchicalHMM_3factors_robust_Returns+Range+pct_Range+fg+RSI_522,HierarchicalHMM,robust,Returns+Range+pct_Range+fg+RSI,5,0.22076757195154506,-7666.013903899485,,,,3.0
HierarchicalHMM_2factors_robust_Range+pct_fg+RSI_386,HierarchicalHMM,robust,Range+pct_fg+RSI,3,0.22067549427860025,-4119.968571402732,,,,2.0
HierarchicalHMM_1factors_none_Range+pct_fg_8,HierarchicalHMM,none,Range+pct_fg,2,0.21999576704088114,-1955.0594951676596,,,,1.0
HierarchicalHMM_2factors_none_Returns+pct_Range+fg+pct_fg+RSI_237,HierarchicalHMM,none,Returns+pct_Range+fg+pct_fg+RSI,5,0.21974443013423267,-4006.1991823201606,,,,2.0
HierarchicalHMM_2factors_robust_Range+pct_Range+fg+pct_fg+pct_RSI_581,HierarchicalHMM,robust,Range+pct_Range+fg+pct_fg+pct_RSI,5,0.21868937524695614,-4334.571383540068,,,,2.0
StandardHMM_none_pct_Range+fg+pct_fg+RSI+pct_RSI_118,StandardHMM,none,pct_Range+fg+pct_fg+RSI+pct_RSI,5,0.2170038619009937,-16061.478293778293,,,,
HierarchicalHMM_2factors_robust_pct_Range+fg+pct_fg+pct_RSI_505,HierarchicalHMM,robust,pct_Range+fg+pct_fg+pct_RSI,4,0.2151368747934115,-4118.964651031213,,,,2.0
HierarchicalHMM_3factors_robust_Returns+Range+pct_Range+pct_RSI_422,HierarchicalHMM,robust,Returns+Range+pct_Range+pct_RSI,4,0.2144539805314483,-5999.313181940401,,,,3.0
GMMHMM_robust_Range+fg_141,GMMHMM,robust,Range+fg,2,0.21421071656393464,-3199.444465425142,,,3.0,
StandardHMM_robust_Range+fg_141,StandardHMM,robust,Range+fg,2,0.21421071656393464,-3199.4444654252734,,,,
HierarchicalHMM_2factors_none_Returns+Range+pct_Range+fg+RSI_201,HierarchicalHMM,none,Returns+Range+pct_Range+fg+RSI,5,0.2141926198512589,-4256.12915637223,,,,2.0
HierarchicalHMM_1factors_robust_fg+pct_RSI_337,HierarchicalHMM,robust,fg+pct_RSI,2,0.21409669026105957,-2547.799081058456,,,,1.0
HierarchicalHMM_3factors_none_Returns+pct_Range+fg+RSI+pct_RSI_246,HierarchicalHMM,none,Returns+pct_Range+fg+RSI+pct_RSI,5,0.21400200928572374,-6643.371123966959,,,,3.0
StandardHMM_none_Range+pct_Range+fg+pct_RSI_85,StandardHMM,none,Range+pct_Range+fg+pct_RSI,4,0.21324738061116538,-3939.0701425998463,,,,
HierarchicalHMM_1factors_none_Returns+pct_fg_3,HierarchicalHMM,none,Returns+pct_fg,2,0.21297065183855662,-1956.2139138069354,,,,1.0
HierarchicalHMM_2factors_robust_pct_Range+fg+pct_RSI_396,HierarchicalHMM,robust,pct_Range+fg+pct_RSI,3,0.2122769462074003,-4291.8627387757815,,,,2.0
HierarchicalHMM_1factors_robust_fg+pct_fg_335,HierarchicalHMM,robust,fg+pct_fg,2,0.2120684464933644,-1968.8850807861534,,,,1.0
GMMHMM_none_Returns+Range+pct_Range+pct_fg+pct_RSI_102,GMMHMM,none,Returns+Range+pct_Range+pct_fg+pct_RSI,5,0.21173598907424326,-11309.238492254139,,,3.0,
HierarchicalHMM_3factors_none_Range+fg+pct_fg+RSI+pct_RSI_274,HierarchicalHMM,none,Range+fg+pct_fg+RSI+pct_RSI,5,0.21164025271880796,-6638.582439108872,,,,3.0
GMMHMM_none_Returns+Range+pct_Range+pct_RSI_66,GMMHMM,none,Returns+Range+pct_Range+pct_RSI,4,0.21150326004177478,-7656.241165119237,,,3.0,
HierarchicalHMM_4factors_none_pct_Range+fg+pct_fg+RSI+pct_RSI_279,HierarchicalHMM,none,pct_Range+fg+pct_fg+RSI+pct_RSI,5,0.211467830851138,-8992.310053060864,,,,4.0
HierarchicalHMM_2factors_none_fg+pct_fg+RSI_84,HierarchicalHMM,none,fg+pct_fg+RSI,3,0.20986651035149392,-3850.2752988712286,,,,2.0
HierarchicalHMM_3factors_robust_Returns+Range+pct_Range+fg+pct_fg+pct_RSI_607,HierarchicalHMM,robust,Returns+Range+pct_Range+fg+pct_fg+pct_RSI,6,0.20984122869374303,-6645.521432762657,,,,3.0
HierarchicalHMM_2factors_robust_pct_Range+fg+RSI_394,HierarchicalHMM,robust,pct_Range+fg+RSI,3,0.20906673491653713,-4726.344190824728,,,,2.0
GMMHMM_none_Returns+fg+pct_fg+RSI+pct_RSI_112,GMMHMM,none,Returns+fg+pct_fg+RSI+pct_RSI,5,0.20900268619929688,-9307.527690200606,,,3.0,
HierarchicalHMM_4factors_robust_Range+pct_Range+fg+RSI+pct_RSI_587,HierarchicalHMM,robust,Range+pct_Range+fg+RSI+pct_RSI,5,0.20836010096435884,-9082.838050402162,,,,4.0
HierarchicalHMM_2factors_none_Returns+pct_fg+RSI_46,HierarchicalHMM,none,Returns+pct_fg+RSI,3,0.20771295303428428,-4585.623273674105,,,,2.0
HierarchicalHMM_1factors_none_Returns+Range+pct_fg_25,HierarchicalHMM,none,Returns+Range+pct_fg,3,0.2076669947893682,-1956.6707190680747,,,,1.0
StandardHMM_robust_Returns+fg+RSI+pct_RSI_208,StandardHMM,robust,Returns+fg+RSI+pct_RSI,4,0.20696841446101805,-5992.733009663562,,,,
GMMHMM_robust_Returns+fg+RSI+pct_RSI_208,GMMHMM,robust,Returns+fg+RSI+pct_RSI,4,0.20696841446101805,-5992.733009663597,,,3.0,
StandardHMM_robust_Range+pct_RSI_144,StandardHMM,robust,Range+pct_RSI,2,0.20598937206480322,-4698.629476168484,,,,
GMMHMM_robust_Range+pct_RSI_144,GMMHMM,robust,Range+pct_RSI,2,0.20598937206480322,-4698.629476168559,,,3.0,
HierarchicalHMM_3factors_none_Returns+Range+pct_Range+fg+pct_fg+RSI_282,HierarchicalHMM,none,Returns+Range+pct_Range+fg+pct_fg+RSI,6,0.2049717013928929,-6411.219963616955,,,,3.0
HierarchicalHMM_3factors_none_Returns+Range+pct_Range+pct_fg_96,HierarchicalHMM,none,Returns+Range+pct_Range+pct_fg,4,0.2049313637329599,-6672.226881417286,,,,3.0
HierarchicalHMM_4factors_robust_Returns+Range+pct_Range+fg+RSI_523,HierarchicalHMM,robust,Returns+Range+pct_Range+fg+RSI,5,0.2039244676506072,-9096.39160870301,,,,4.0
HierarchicalHMM_2factors_robust_Returns+pct_Range+pct_fg_354,HierarchicalHMM,robust,Returns+pct_Range+pct_fg,3,0.2038125561556271,-4134.969168715017,,,,2.0
HierarchicalHMM_4factors_none_Range+pct_Range+pct_fg+RSI+pct_RSI_271,HierarchicalHMM,none,Range+pct_Range+pct_fg+RSI+pct_RSI,5,0.20358934444144278,-8924.783577176728,,,,4.0
StandardHMM_robust_pct_Range+fg+RSI_181,StandardHMM,robust,pct_Range+fg+RSI,3,0.20327700576341676,-5941.256160036515,,,,
GMMHMM_robust_pct_Range+fg+RSI_181,GMMHMM,robust,pct_Range+fg+RSI,3,0.20327700576341676,-5941.25616003656,,,3.0,
StandardHMM_robust_Range+pct_Range+pct_fg+pct_RSI_214,StandardHMM,robust,Range+pct_Range+pct_fg+pct_RSI,4,0.20281211047836423,-10319.70759355876,,,,
GMMHMM_robust_Range+pct_Range+pct_fg+pct_RSI_214,GMMHMM,robust,Range+pct_Range+pct_fg+pct_RSI,4,0.20281211047836423,-10319.707593558564,,,3.0,
HierarchicalHMM_3factors_robust_Returns+Range+RSI+pct_RSI_440,HierarchicalHMM,robust,Returns+Range+RSI+pct_RSI,4,0.2025799134302763,-6726.078819477232,,,,3.0
GMMHMM_robust_Range+pct_Range+fg_170,GMMHMM,robust,Range+pct_Range+fg,3,0.20154923147630402,-5904.343474058835,,,3.0,
StandardHMM_robust_Range+pct_Range+fg_170,StandardHMM,robust,Range+pct_Range+fg,3,0.20154923147630402,-5904.343474058835,,,,
StandardHMM_none_Returns+pct_Range+fg+pct_fg+RSI_108,StandardHMM,none,Returns+pct_Range+fg+pct_fg+RSI,5,0.2014730964292851,-13497.409080525307,,,,
HierarchicalHMM_3factors_robust_Returns+Range+fg+RSI+pct_RSI_550,HierarchicalHMM,robust,Returns+Range+fg+RSI+pct_RSI,5,0.2008006573245363,-6291.331699805058,,,,3.0
StandardHMM_robust_pct_Range+RSI+pct_RSI_185,StandardHMM,robust,pct_Range+RSI+pct_RSI,3,0.20072880373432964,-6695.732168488431,,,,
GMMHMM_robust_pct_Range+RSI+pct_RSI_185,GMMHMM,robust,pct_Range+RSI+pct_RSI,3,0.20072880373432964,-6695.732168488433,,,3.0,
StandardHMM_none_Range_1,StandardHMM,none,Range,1,0.19875831200570038,4754.04244049511,,,,
StandardHMM_robust_Range+pct_Range+RSI_172,StandardHMM,robust,Range+pct_Range+RSI,3,0.19855177016636563,-6277.668019620911,,,,
GMMHMM_robust_Range+pct_Range+RSI_172,GMMHMM,robust,Range+pct_Range+RSI,3,0.19855177016636563,-6277.668019620911,,,3.0,
HierarchicalHMM_1factors_robust_Returns+Range+pct_Range+RSI_417,HierarchicalHMM,robust,Returns+Range+pct_Range+RSI,4,0.1979863726250087,-2093.5076167409884,,,,1.0
HierarchicalHMM_1factors_robust_Range+RSI_329,HierarchicalHMM,robust,Range+RSI,2,0.19772413521744914,-1942.6622662172585,,,,1.0
HierarchicalHMM_1factors_robust_pct_Range+fg+pct_RSI_395,HierarchicalHMM,robust,pct_Range+fg+pct_RSI,3,0.19717166056320193,-1804.4027043221015,,,,1.0
HierarchicalHMM_3factors_robust_pct_Range+fg+pct_fg+RSI_503,HierarchicalHMM,robust,pct_Range+fg+pct_fg+RSI,4,0.19535946273297175,-6420.393833918544,,,,3.0
StandardHMM_robust_Returns+pct_Range+RSI_162,StandardHMM,robust,Returns+pct_Range+RSI,3,0.19519549806447184,-6822.869360108926,,,,
GMMHMM_robust_Returns+pct_Range+RSI_162,GMMHMM,robust,Returns+pct_Range+RSI,3,0.19519549806447184,-6822.869360108954,,,3.0,
HierarchicalHMM_3factors_none_Returns+Range+pct_Range+pct_RSI_102,HierarchicalHMM,none,Returns+Range+pct_Range+pct_RSI,4,0.19485544559632298,-5999.313181940401,,,,3.0
HierarchicalHMM_2factors_robust_Returns+pct_Range+RSI_356,HierarchicalHMM,robust,Returns+pct_Range+RSI,3,0.19467200867477236,-4473.865483213722,,,,2.0
GMMHMM_none_pct_Range+fg+pct_fg+RSI+pct_RSI_118,GMMHMM,none,pct_Range+fg+pct_fg+RSI+pct_RSI,5,0.1941325027429604,-11253.459059676517,,,3.0,
HierarchicalHMM_2factors_robust_pct_Range+pct_fg+RSI+pct_RSI_511,HierarchicalHMM,robust,pct_Range+pct_fg+RSI+pct_RSI,4,0.1935483147154506,-4557.473668166548,,,,2.0
GMMHMM_robust_Returns+Range_134,GMMHMM,robust,Returns+Range,2,0.19327628801440783,-4386.4161426952,,,3.0,
StandardHMM_robust_Returns+Range_134,StandardHMM,robust,Returns+Range,2,0.19327628801440783,-4386.4161426952,,,,
StandardHMM_robust_pct_fg+RSI_152,StandardHMM,robust,pct_fg+RSI,2,0.19261931339234262,-4841.065773499951,,,,
GMMHMM_robust_pct_fg+RSI_152,GMMHMM,robust,pct_fg+RSI,2,0.19261931339234262,-4841.065773499951,,,3.0,
StandardHMM_none_Range+pct_Range+pct_fg+RSI_86,StandardHMM,none,Range+pct_Range+pct_fg+RSI,4,0.19260993959838063,-4778.510566075728,,,,
GMMHMM_robust_pct_Range+fg+pct_RSI_182,GMMHMM,robust,pct_Range+fg+pct_RSI,3,0.191527021074916,-6435.483441909457,,,3.0,
StandardHMM_robust_pct_Range+fg+pct_RSI_182,StandardHMM,robust,pct_Range+fg+pct_RSI,3,0.191527021074916,-6435.483441909329,,,,
HierarchicalHMM_3factors_robust_Returns+Range+pct_Range+fg_413,HierarchicalHMM,robust,Returns+Range+pct_Range+fg,4,0.19093288470431227,-6510.057208615837,,,,3.0
HierarchicalHMM_1factors_robust_Returns+Range+pct_Range_341,HierarchicalHMM,robust,Returns+Range+pct_Range,3,0.18888645302444443,-2088.525897870391,,,,1.0
HierarchicalHMM_1factors_robust_pct_fg+RSI_338,HierarchicalHMM,robust,pct_fg+RSI,2,0.1880088549532175,-1970.1812708933319,,,,1.0
HierarchicalHMM_3factors_none_pct_Range+fg+pct_fg+RSI_183,HierarchicalHMM,none,pct_Range+fg+pct_fg+RSI,4,0.18759830381608347,-6420.393833918339,,,,3.0
HierarchicalHMM_3factors_robust_Range+fg+pct_fg+RSI_491,HierarchicalHMM,robust,Range+fg+pct_fg+RSI,4,0.1869657955540285,-6207.958791879376,,,,3.0
GMMHMM_none_Returns+Range_7,GMMHMM,none,Returns+Range,2,0.18646006297979906,-4386.4161426952,,,3.0,
HierarchicalHMM_4factors_robust_Returns+Range+fg+RSI+pct_RSI_551,HierarchicalHMM,robust,Returns+Range+fg+RSI+pct_RSI,5,0.18640691120296982,-9445.273334599782,,,,4.0
HierarchicalHMM_1factors_robust_Range+pct_RSI_330,HierarchicalHMM,robust,Range+pct_RSI,2,0.1861013631229864,-2562.744515110136,,,,1.0
HierarchicalHMM_1factors_robust_Range+pct_Range+fg+RSI_474,HierarchicalHMM,robust,Range+pct_Range+fg+RSI,4,0.18492299327383455,-2193.7506943615895,,,,1.0
HierarchicalHMM_1factors_none_fg+pct_fg+RSI+pct_RSI_193,HierarchicalHMM,none,fg+pct_fg+RSI+pct_RSI,4,0.18448614045447295,-1819.041068738407,,,,1.0
HierarchicalHMM_3factors_robust_Returns+Range+fg+pct_fg_425,HierarchicalHMM,robust,Returns+Range+fg+pct_fg,4,0.18443307419489613,-6690.213039957918,,,,3.0
HierarchicalHMM_3factors_robust_pct_Range+pct_fg+RSI+pct_RSI_512,HierarchicalHMM,robust,pct_Range+pct_fg+RSI+pct_RSI,4,0.1834831176712137,-6613.6238195703345,,,,3.0
HierarchicalHMM_3factors_robust_Returns+pct_Range+fg+RSI+pct_RSI_566,HierarchicalHMM,robust,Returns+pct_Range+fg+RSI+pct_RSI,5,0.18305385975080987,-6643.371123966959,,,,3.0
GMMHMM_robust_Range+pct_Range_140,GMMHMM,robust,Range+pct_Range,2,0.18253190724510956,-4328.348177795383,,,3.0,
StandardHMM_robust_Range+pct_Range_140,StandardHMM,robust,Range+pct_Range,2,0.18253190724510956,-4328.348177795383,,,,
HierarchicalHMM_2factors_robust_Range+fg+pct_fg+pct_RSI_493,HierarchicalHMM,robust,Range+fg+pct_fg+pct_RSI,4,0.18177797996483683,-4584.17242759812,,,,2.0
HierarchicalHMM_3factors_robust_Range+pct_Range+fg+pct_RSI_479,HierarchicalHMM,robust,Range+pct_Range+fg+pct_RSI,4,0.18151963307376712,-6591.141294064495,,,,3.0
HierarchicalHMM_2factors_robust_Returns+Range+fg_344,HierarchicalHMM,robust,Returns+Range+fg,3,0.18112974768911183,-4195.805351569308,,,,2.0
HierarchicalHMM_4factors_none_Returns+pct_Range+fg+pct_fg+RSI+pct_RSI_308,HierarchicalHMM,none,Returns+pct_Range+fg+pct_fg+RSI+pct_RSI,6,0.1810461578803359,-9088.350978988057,,,,4.0
StandardHMM_none_Returns+pct_fg+pct_RSI_41,StandardHMM,none,Returns+pct_fg+pct_RSI,3,0.18098618327890392,8188.592074639471,,,,
HierarchicalHMM_3factors_robust_Returns+Range+pct_Range+fg+RSI+pct_RSI_612,HierarchicalHMM,robust,Returns+Range+pct_Range+fg+RSI+pct_RSI,6,0.18086690518900103,-6952.037137750109,,,,3.0
GMMHMM_robust_Range+pct_Range+fg+pct_RSI_212,GMMHMM,robust,Range+pct_Range+fg+pct_RSI,4,0.18042967751894606,-9031.657409208177,,,3.0,
StandardHMM_robust_Range+pct_Range+fg+pct_RSI_212,StandardHMM,robust,Range+pct_Range+fg+pct_RSI,4,0.18042967751894606,-9031.657409208177,,,,
HierarchicalHMM_3factors_none_Returns+pct_Range+pct_fg+RSI+pct_RSI_250,HierarchicalHMM,none,Returns+pct_Range+pct_fg+RSI+pct_RSI,5,0.1791520721392747,-6482.825605090433,,,,3.0
StandardHMM_robust_Returns+Range+pct_Range+fg+pct_fg+RSI+pct_RSI_253,StandardHMM,robust,Returns+Range+pct_Range+fg+pct_fg+RSI+pct_RSI,7,0.1789959733612947,-14386.60011523328,,,,
GMMHMM_robust_Returns+Range+pct_Range+fg+pct_fg+RSI+pct_RSI_253,GMMHMM,robust,Returns+Range+pct_Range+fg+pct_fg+RSI+pct_RSI,7,0.1789959733612947,-14386.60011523266,,,3.0,
HierarchicalHMM_1factors_robust_pct_Range+fg+RSI_393,HierarchicalHMM,robust,pct_Range+fg+RSI,3,0.17895526654892027,-1866.7409508630442,,,,1.0
HierarchicalHMM_1factors_none_pct_fg+pct_RSI_19,HierarchicalHMM,none,pct_fg+pct_RSI,2,0.17817906407993672,-1954.8267592215836,,,,1.0
StandardHMM_robust_Returns+Range+RSI_158,StandardHMM,robust,Returns+Range+RSI,3,0.17654706059756634,-6337.572467396565,,,,
GMMHMM_robust_Returns+Range+RSI_158,GMMHMM,robust,Returns+Range+RSI,3,0.17654706059756634,-6337.572467396564,,,3.0,
HierarchicalHMM_1factors_robust_Range+fg+pct_fg_379,HierarchicalHMM,robust,Range+fg+pct_fg,3,0.1760946709739207,-1968.143733010044,,,,1.0
StandardHMM_robust_pct_Range+fg+pct_fg_180,StandardHMM,robust,pct_Range+fg+pct_fg,3,0.17603468770366457,-6833.742785265932,,,,
GMMHMM_robust_pct_Range+fg+pct_fg_180,GMMHMM,robust,pct_Range+fg+pct_fg,3,0.17603468770366457,-6833.742785265932,,,3.0,
HierarchicalHMM_4factors_robust_Returns+Range+pct_Range+fg+RSI+pct_RSI_613,HierarchicalHMM,robust,Returns+Range+pct_Range+fg+RSI+pct_RSI,6,0.17486397866739994,-8966.283412130562,,,,4.0
GMMHMM_robust_pct_Range+fg+pct_fg+RSI_220,GMMHMM,robust,pct_Range+fg+pct_fg+RSI,4,0.1733204397911956,-8553.62942480601,,,3.0,
StandardHMM_robust_pct_Range+fg+pct_fg+RSI_220,StandardHMM,robust,pct_Range+fg+pct_fg+RSI,4,0.1733204397911956,-8553.629424805791,,,,
HierarchicalHMM_3factors_robust_Range+pct_Range+pct_fg+RSI+pct_RSI_590,HierarchicalHMM,robust,Range+pct_Range+pct_fg+RSI+pct_RSI,5,0.17317428577322352,-7068.142681025758,,,,3.0
HierarchicalHMM_2factors_robust_Returns+Range+RSI_348,HierarchicalHMM,robust,Returns+Range+RSI,3,0.17301027672775476,-4340.716568345544,,,,2.0
GMMHMM_none_Returns+Range+fg+pct_fg+RSI+pct_RSI_123,GMMHMM,none,Returns+Range+fg+pct_fg+RSI+pct_RSI,6,0.1729842540449802,-11327.916245340963,,,3.0,
HierarchicalHMM_1factors_none_Range+pct_fg+pct_RSI_67,HierarchicalHMM,none,Range+pct_fg+pct_RSI,3,0.17294482457357296,-1955.1945893271884,,,,1.0
HierarchicalHMM_2factors_none_Returns+pct_Range+fg+pct_fg_122,HierarchicalHMM,none,Returns+pct_Range+fg+pct_fg,4,0.17279498852148062,-4493.913871664077,,,,2.0
HierarchicalHMM_2factors_robust_Returns+fg+pct_RSI_364,HierarchicalHMM,robust,Returns+fg+pct_RSI,3,0.17274861364065636,-4600.213946856801,,,,2.0
GMMHMM_robust_Returns+pct_Range+pct_fg_161,GMMHMM,robust,Returns+pct_Range+pct_fg,3,0.172108695382056,-8455.099453678838,,,3.0,
StandardHMM_robust_Returns+pct_Range+pct_fg_161,StandardHMM,robust,Returns+pct_Range+pct_fg,3,0.172108695382056,-8455.099453678838,,,,
HierarchicalHMM_1factors_robust_Range+pct_fg_328,HierarchicalHMM,robust,Range+pct_fg,2,0.1707086730917071,-1955.0594951676596,,,,1.0
StandardHMM_robust_Range+fg+pct_fg_174,StandardHMM,robust,Range+fg+pct_fg,3,0.17004898838836655,-6710.109791711246,,,,
GMMHMM_robust_Range+fg+pct_fg_174,GMMHMM,robust,Range+fg+pct_fg,3,0.17004898838836655,-6710.109791711246,,,3.0,
HierarchicalHMM_2factors_robust_Returns+Range+pct_Range+pct_RSI_421,HierarchicalHMM,robust,Returns+Range+pct_Range+pct_RSI,4,0.1700180277515514,-4111.027712598114,,,,2.0
HierarchicalHMM_1factors_robust_fg+RSI_336,HierarchicalHMM,robust,fg+RSI,2,0.16994466815966802,-1866.9206273747118,,,,1.0
HierarchicalHMM_1factors_none_fg+RSI_16,HierarchicalHMM,none,fg+RSI,2,0.16964283462767024,-1866.9206273747118,,,,1.0
HierarchicalHMM_1factors_none_fg+RSI+pct_RSI_87,HierarchicalHMM,none,fg+RSI+pct_RSI,3,0.16964134994810565,-1867.221061660795,,,,1.0
HierarchicalHMM_1factors_none_Returns+pct_fg+pct_RSI_47,HierarchicalHMM,none,Returns+pct_fg+pct_RSI,3,0.1685900029159944,-1962.7062097899902,,,,1.0
HierarchicalHMM_5factors_robust_Returns+Range+pct_Range+fg+RSI+pct_RSI_614,HierarchicalHMM,robust,Returns+Range+pct_Range+fg+RSI+pct_RSI,6,0.1683537748661833,-11712.953881565905,,,,5.0
HierarchicalHMM_2factors_robust_Returns+pct_Range+fg_352,HierarchicalHMM,robust,Returns+pct_Range+fg,3,0.16804214350749935,-4165.680124073777,,,,2.0
StandardHMM_robust_Returns+pct_Range+fg_160,StandardHMM,robust,Returns+pct_Range+fg,3,0.16718372413935667,-7094.739938269477,,,,
GMMHMM_robust_Returns+pct_Range+fg_160,GMMHMM,robust,Returns+pct_Range+fg,3,0.16718372413935667,-7094.739938269477,,,3.0,
StandardHMM_none_Range+pct_Range+pct_fg+RSI+pct_RSI_116,StandardHMM,none,Range+pct_Range+pct_fg+RSI+pct_RSI,5,0.16585269885530335,-2576.618508922949,,,,
GMMHMM_robust_fg+pct_fg+RSI_186,GMMHMM,robust,fg+pct_fg+RSI,3,0.16573887586762082,-5519.736812281881,,,3.0,
StandardHMM_robust_fg+pct_fg+RSI_186,StandardHMM,robust,fg+pct_fg+RSI,3,0.16573887586762082,-5519.736812281692,,,,
HierarchicalHMM_3factors_robust_Returns+Range+pct_Range+RSI+pct_RSI_538,HierarchicalHMM,robust,Returns+Range+pct_Range+RSI+pct_RSI,5,0.1654860401652648,-6661.63330516229,,,,3.0
HierarchicalHMM_3factors_robust_Returns+pct_Range+fg+pct_RSI_449,HierarchicalHMM,robust,Returns+pct_Range+fg+pct_RSI,4,0.16544699509951352,-6945.667415272635,,,,3.0
GMMHMM_robust_Range+RSI+pct_RSI_179,GMMHMM,robust,Range+RSI+pct_RSI,3,0.16543660426125958,-6463.372011351986,,,3.0,
StandardHMM_robust_Range+RSI+pct_RSI_179,StandardHMM,robust,Range+RSI+pct_RSI,3,0.16543660426125958,-6463.372011352377,,,,
GMMHMM_none_Returns+fg+RSI+pct_RSI_81,GMMHMM,none,Returns+fg+RSI+pct_RSI,4,0.1637951363749536,-5992.733009663597,,,3.0,
HierarchicalHMM_1factors_robust_Returns+RSI_324,HierarchicalHMM,robust,Returns+RSI,2,0.16378287555225687,-2533.3968577624064,,,,1.0
HierarchicalHMM_3factors_robust_Range+pct_Range+fg+RSI+pct_RSI_586,HierarchicalHMM,robust,Range+pct_Range+fg+RSI+pct_RSI,5,0.16283193436596163,-6916.440040327823,,,,3.0
GMMHMM_robust_Range+pct_Range+fg+RSI_211,GMMHMM,robust,Range+pct_Range+fg+RSI,4,0.16239465768134378,-8099.58561711452,,,3.0,
StandardHMM_robust_Range+pct_Range+fg+RSI_211,StandardHMM,robust,Range+pct_Range+fg+RSI,4,0.16239465768134378,-8099.585617114618,,,,
StandardHMM_robust_fg+pct_fg+pct_RSI_187,StandardHMM,robust,fg+pct_fg+pct_RSI,3,0.1616285802837709,-6974.327216369516,,,,
GMMHMM_robust_fg+pct_fg+pct_RSI_187,GMMHMM,robust,fg+pct_fg+pct_RSI,3,0.1616285802837709,-6974.327216369516,,,3.0,
HierarchicalHMM_1factors_robust_Returns+fg+RSI_361,HierarchicalHMM,robust,Returns+fg+RSI,3,0.1610864438481161,-2078.1265921337954,,,,1.0
StandardHMM_robust_Range+fg+RSI_175,StandardHMM,robust,Range+fg+RSI,3,0.15967754677993173,-4725.2503531703405,,,,
GMMHMM_robust_Range+fg+RSI_175,GMMHMM,robust,Range+fg+RSI,3,0.15967754677993173,-4725.250353170285,,,3.0,
HierarchicalHMM_1factors_none_Returns+Range+RSI_27,HierarchicalHMM,none,Returns+Range+RSI,3,0.15933229020160503,-2593.6750235767745,,,,1.0
GMMHMM_robust_Returns+Range+pct_fg+pct_RSI_198,GMMHMM,robust,Returns+Range+pct_fg+pct_RSI,4,0.158931343539017,-8857.769658829726,,,3.0,
StandardHMM_robust_Returns+Range+pct_fg+pct_RSI_198,StandardHMM,robust,Returns+Range+pct_fg+pct_RSI,4,0.158931343539017,-8857.769658829726,,,,
HierarchicalHMM_1factors_robust_Range+pct_fg+RSI_385,HierarchicalHMM,robust,Range+pct_fg+RSI,3,0.1587141422972763,-1970.025676135128,,,,1.0
HierarchicalHMM_3factors_robust_Returns+pct_Range+RSI+pct_RSI_458,HierarchicalHMM,robust,Returns+pct_Range+RSI+pct_RSI,4,0.15829197886823881,-6908.322462824692,,,,3.0
StandardHMM_none_Returns+Range+fg+pct_RSI_69,StandardHMM,none,Returns+Range+fg+pct_RSI,4,0.15799239588397704,5029.191506737869,,,,
HierarchicalHMM_1factors_robust_Returns+Range+pct_Range+pct_fg+RSI_528,HierarchicalHMM,robust,Returns+Range+pct_Range+pct_fg+RSI,5,0.15746694209708773,-2101.3808195114893,,,,1.0
HierarchicalHMM_3factors_robust_Returns+pct_Range+fg+pct_fg_443,HierarchicalHMM,robust,Returns+pct_Range+fg+pct_fg,4,0.1572742631590272,-6581.128150073633,,,,3.0
HierarchicalHMM_1factors_robust_Range+pct_Range+fg+RSI+pct_RSI_584,HierarchicalHMM,robust,Range+pct_Range+fg+RSI+pct_RSI,5,0.15645144667078492,-2192.4254073377638,,,,1.0
HierarchicalHMM_3factors_robust_Returns+Range+pct_Range+pct_fg+RSI_530,HierarchicalHMM,robust,Returns+Range+pct_Range+pct_fg+RSI,5,0.15628158378211257,-6871.006824834063,,,,3.0
HierarchicalHMM_1factors_robust_Returns+fg+pct_fg_359,HierarchicalHMM,robust,Returns+fg+pct_fg,3,0.15578310593421968,-1970.7961064685749,,,,1.0
HierarchicalHMM_1factors_robust_pct_fg+pct_RSI_339,HierarchicalHMM,robust,pct_fg+pct_RSI,2,0.15569029175284924,-1954.8267592215836,,,,1.0
HierarchicalHMM_4factors_none_Returns+Range+pct_Range+pct_fg+RSI_211,HierarchicalHMM,none,Returns+Range+pct_Range+pct_fg+RSI,5,0.15562713857159946,-9146.995307428446,,,,4.0
HierarchicalHMM_1factors_robust_fg+pct_fg+pct_RSI_405,HierarchicalHMM,robust,fg+pct_fg+pct_RSI,3,0.15531532614104068,-1968.8569350411733,,,,1.0
StandardHMM_none_Range+pct_RSI_17,StandardHMM,none,Range+pct_RSI,2,0.15514676747282102,7030.343375219323,,,,
GMMHMM_none_Returns+Range+fg+pct_fg+pct_RSI_105,GMMHMM,none,Returns+Range+fg+pct_fg+pct_RSI,5,0.15498459469978723,-10147.61417701823,,,3.0,
HierarchicalHMM_1factors_none_Range+fg+RSI_61,HierarchicalHMM,none,Range+fg+RSI,3,0.1549493594116675,-1968.127499597171,,,,1.0
HierarchicalHMM_1factors_robust_pct_Range+fg+pct_fg_391,HierarchicalHMM,robust,pct_Range+fg+pct_fg,3,0.1546669386321015,-1968.6550751415716,,,,1.0
StandardHMM_none_Returns+Range+pct_Range+pct_fg+pct_RSI_102,StandardHMM,none,Returns+Range+pct_Range+pct_fg+pct_RSI,5,0.154544323627554,11888.712469198377,,,,
GMMHMM_robust_Returns+fg_136,GMMHMM,robust,Returns+fg,2,0.15374051411891043,-3601.8487956222516,,,3.0,
StandardHMM_robust_Returns+fg_136,StandardHMM,robust,Returns+fg,2,0.15374051411891043,-3601.8487956222516,,,,
GMMHMM_robust_fg+pct_fg+RSI+pct_RSI_224,GMMHMM,robust,fg+pct_fg+RSI+pct_RSI,4,0.15370015590913544,-8368.61433942295,,,3.0,
StandardHMM_robust_fg+pct_fg+RSI+pct_RSI_224,StandardHMM,robust,fg+pct_fg+RSI+pct_RSI,4,0.15370015590913544,-8368.61433942295,,,,
StandardHMM_robust_RSI+pct_RSI_154,StandardHMM,robust,RSI+pct_RSI,2,0.15333188881397838,-3922.5572775952737,,,,
GMMHMM_robust_RSI+pct_RSI_154,GMMHMM,robust,RSI+pct_RSI,2,0.15333188881397838,-3922.5572775952737,,,3.0,
StandardHMM_robust_pct_Range+pct_fg+RSI_183,StandardHMM,robust,pct_Range+pct_fg+RSI,3,0.15322524146417604,-7366.469687544157,,,,
GMMHMM_robust_pct_Range+pct_fg+RSI_183,GMMHMM,robust,pct_Range+pct_fg+RSI,3,0.15322524146417604,-7366.4696875440095,,,3.0,
HierarchicalHMM_2factors_robust_Returns+Range+pct_Range+RSI_418,HierarchicalHMM,robust,Returns+Range+pct_Range+RSI,4,0.15311213875446725,-4518.959460488847,,,,2.0
HierarchicalHMM_3factors_robust_Returns+pct_Range+pct_fg+RSI_452,HierarchicalHMM,robust,Returns+pct_Range+pct_fg+RSI,4,0.15233047814577444,-6735.830536597528,,,,3.0
HierarchicalHMM_2factors_robust_Returns+Range+pct_fg+RSI+pct_RSI_553,HierarchicalHMM,robust,Returns+Range+pct_fg+RSI+pct_RSI,5,0.15208295313813705,-4661.561156828847,,,,2.0
HierarchicalHMM_1factors_robust_Returns+pct_fg_323,HierarchicalHMM,robust,Returns+pct_fg,2,0.15165536975611657,-1956.2139138069354,,,,1.0
HierarchicalHMM_1factors_robust_pct_Range+RSI+pct_RSI_401,HierarchicalHMM,robust,pct_Range+RSI+pct_RSI,3,0.15058753223214574,-2453.4085515375764,,,,1.0
RollingHMM_none_fg+pct_fg_22,RollingHMM,none,fg+pct_fg,2,0.1505486405435989,-1364.7288716365324,730.0,21.0,,
HierarchicalHMM_3factors_robust_Returns+Range+pct_Range+RSI_419,HierarchicalHMM,robust,Returns+Range+pct_Range+RSI,4,0.14966721636808267,-6781.132062570225,,,,3.0
HierarchicalHMM_2factors_robust_Range+pct_Range+fg+pct_RSI_478,HierarchicalHMM,robust,Range+pct_Range+fg+pct_RSI,4,0.14962600238857082,-4353.437805288528,,,,2.0
HierarchicalHMM_3factors_robust_fg+pct_fg+RSI+pct_RSI_515,HierarchicalHMM,robust,fg+pct_fg+RSI+pct_RSI,4,0.1492639252922121,-6561.619519888646,,,,3.0
HierarchicalHMM_4factors_robust_Range+pct_Range+fg+pct_fg+RSI_579,HierarchicalHMM,robust,Range+pct_Range+fg+pct_fg+RSI,5,0.14862860960854485,-8798.507933964942,,,,4.0
GMMHMM_robust_pct_Range+fg+RSI+pct_RSI_222,GMMHMM,robust,pct_Range+fg+RSI+pct_RSI,4,0.14847130552107599,-8380.115990225748,,,3.0,
StandardHMM_robust_pct_Range+fg+RSI+pct_RSI_222,StandardHMM,robust,pct_Range+fg+RSI+pct_RSI,4,0.14847130552107599,-8380.115990225739,,,,
HierarchicalHMM_1factors_robust_Returns+Range+RSI_347,HierarchicalHMM,robust,Returns+Range+RSI,3,0.14832193617227776,-2593.6750235767745,,,,1.0
GMMHMM_robust_Returns+RSI+pct_RSI_169,GMMHMM,robust,Returns+RSI+pct_RSI,3,0.14810359266744078,-4838.187239000745,,,3.0,
StandardHMM_robust_Returns+RSI+pct_RSI_169,StandardHMM,robust,Returns+RSI+pct_RSI,3,0.14810359266744078,-4838.187239000818,,,,
HierarchicalHMM_1factors_robust_Returns+Range+pct_Range+fg_411,HierarchicalHMM,robust,Returns+Range+pct_Range+fg,4,0.14744444698743328,-2087.6897938865854,,,,1.0
HierarchicalHMM_3factors_robust_Returns+pct_Range+fg+RSI_446,HierarchicalHMM,robust,Returns+pct_Range+fg+RSI,4,0.14736288183608792,-7293.025777736992,,,,3.0
GMMHMM_robust_Returns+Range+pct_Range+pct_fg+RSI_228,GMMHMM,robust,Returns+Range+pct_Range+pct_fg+RSI,5,0.14680167506612987,-12288.836106055342,,,3.0,
StandardHMM_robust_Returns+Range+pct_Range+pct_fg+RSI_228,StandardHMM,robust,Returns+Range+pct_Range+pct_fg+RSI,5,0.14680167506612987,-12288.836106055342,,,,
HierarchicalHMM_1factors_none_pct_Range+fg+RSI+pct_RSI_187,HierarchicalHMM,none,pct_Range+fg+RSI+pct_RSI,4,0.1466663662555637,-2005.0862770331523,,,,1.0
HierarchicalHMM_2factors_robust_fg+RSI+pct_RSI_408,HierarchicalHMM,robust,fg+RSI+pct_RSI,3,0.1461669757476892,-4220.7717377211375,,,,2.0
StandardHMM_none_Returns+Range+pct_Range+fg+RSI+pct_RSI_121,StandardHMM,none,Returns+Range+pct_Range+fg+RSI+pct_RSI,6,0.14615133659622834,-4515.593133477816,,,,
GMMHMM_robust_Returns+fg+pct_fg_164,GMMHMM,robust,Returns+fg+pct_fg,3,0.14558891162507304,-7175.967156694578,,,3.0,
StandardHMM_robust_Returns+fg+pct_fg_164,StandardHMM,robust,Returns+fg+pct_fg,3,0.14558891162507304,-7175.967156694578,,,,
HierarchicalHMM_1factors_robust_pct_Range+pct_fg_332,HierarchicalHMM,robust,pct_Range+pct_fg,2,0.14506260028230158,-1954.3663362017076,,,,1.0
HierarchicalHMM_1factors_robust_pct_fg+RSI+pct_RSI_409,HierarchicalHMM,robust,pct_fg+RSI+pct_RSI,3,0.14492895795552888,-1970.7474164982816,,,,1.0
HierarchicalHMM_1factors_robust_Range+fg+pct_fg+pct_RSI_492,HierarchicalHMM,robust,Range+fg+pct_fg+pct_RSI,4,0.14404383108282043,-1968.1192362134248,,,,1.0
StandardHMM_robust_Returns+Range+fg+pct_fg+RSI_231,StandardHMM,robust,Returns+Range+fg+pct_fg+RSI,5,0.14365589851110275,-10677.866037713013,,,,
GMMHMM_robust_Returns+Range+fg+pct_fg+RSI_231,GMMHMM,robust,Returns+Range+fg+pct_fg+RSI,5,0.14365589851110275,-10677.866037713013,,,3.0,
GMMHMM_robust_Returns+fg+pct_fg+RSI_206,GMMHMM,robust,Returns+fg+pct_fg+RSI,4,0.14330056469667915,-8495.921947999856,,,3.0,
StandardHMM_robust_Returns+fg+pct_fg+RSI_206,StandardHMM,robust,Returns+fg+pct_fg+RSI,4,0.14330056469667915,-8495.921947999946,,,,
HierarchicalHMM_1factors_robust_Returns+Range+fg+pct_fg_423,HierarchicalHMM,robust,Returns+Range+fg+pct_fg,4,0.1430481327420417,-1970.0906990698554,,,,1.0
HierarchicalHMM_3factors_robust_Returns+Range+fg+pct_RSI_431,HierarchicalHMM,robust,Returns+Range+fg+pct_RSI,4,0.14295260273498475,-6263.906592279032,,,,3.0
HierarchicalHMM_1factors_robust_fg+pct_fg+RSI+pct_RSI_513,HierarchicalHMM,robust,fg+pct_fg+RSI+pct_RSI,4,0.14266844718181967,-1819.041068738407,,,,1.0
HierarchicalHMM_2factors_robust_Range+pct_Range+RSI+pct_RSI_487,HierarchicalHMM,robust,Range+pct_Range+RSI+pct_RSI,4,0.1409738169498308,-4472.767221830197,,,,2.0
GMMHMM_robust_fg+RSI+pct_RSI_188,GMMHMM,robust,fg+RSI+pct_RSI,3,0.14093512823780616,-4929.699748529733,,,3.0,
StandardHMM_robust_fg+RSI+pct_RSI_188,StandardHMM,robust,fg+RSI+pct_RSI,3,0.14093512823780616,-4929.6997485296115,,,,
HierarchicalHMM_1factors_robust_Range+pct_Range+fg+pct_fg_471,HierarchicalHMM,robust,Range+pct_Range+fg+pct_fg,4,0.1404742682283659,-1968.0638314498424,,,,1.0
HierarchicalHMM_4factors_robust_pct_Range+fg+pct_fg+RSI+pct_RSI_599,HierarchicalHMM,robust,pct_Range+fg+pct_fg+RSI+pct_RSI,5,0.13962081298362533,-8992.310053060977,,,,4.0
HierarchicalHMM_1factors_robust_pct_Range+pct_fg+RSI_397,HierarchicalHMM,robust,pct_Range+pct_fg+RSI,3,0.13938547013412217,-1969.8472447782033,,,,1.0
HierarchicalHMM_3factors_robust_Range+pct_Range+fg+pct_fg+RSI_578,HierarchicalHMM,robust,Range+pct_Range+fg+pct_fg+RSI,5,0.13936133667165412,-6156.585663434759,,,,3.0
HierarchicalHMM_1factors_robust_Range+fg_327,HierarchicalHMM,robust,Range+fg,2,0.13931231119594686,-1933.4639209333175,,,,1.0
GMMHMM_robust_Returns+pct_Range+pct_RSI_163,GMMHMM,robust,Returns+pct_Range+pct_RSI,3,0.13905095361795938,-5562.5605509013,,,3.0,
StandardHMM_robust_Returns+pct_Range+pct_RSI_163,StandardHMM,robust,Returns+pct_Range+pct_RSI,3,0.13905095361795938,-5562.5605509013,,,,
HierarchicalHMM_1factors_robust_Returns+pct_fg+RSI_365,HierarchicalHMM,robust,Returns+pct_fg+RSI,3,0.1383479427244097,-1999.935213097058,,,,1.0
HierarchicalHMM_4factors_robust_Returns+pct_Range+fg+pct_fg+RSI_559,HierarchicalHMM,robust,Returns+pct_Range+fg+pct_fg+RSI,5,0.13827382743665576,-9075.929184021426,,,,4.0
HierarchicalHMM_4factors_robust_Range+pct_Range+pct_fg+RSI+pct_RSI_591,HierarchicalHMM,robust,Range+pct_Range+pct_fg+RSI+pct_RSI,5,0.1377707298429766,-8924.783577176757,,,,4.0
StandardHMM_none_Returns+Range+pct_Range+pct_fg+RSI_101,StandardHMM,none,Returns+Range+pct_Range+pct_fg+RSI,5,0.13738983835872068,-116.16086908438523,,,,
HierarchicalHMM_3factors_none_Returns+pct_Range+fg+pct_fg+pct_RSI_242,HierarchicalHMM,none,Returns+pct_Range+fg+pct_fg+pct_RSI,5,0.13724073445955493,-6454.418129821794,,,,3.0
HierarchicalHMM_1factors_robust_Returns+Range+pct_fg_345,HierarchicalHMM,robust,Returns+Range+pct_fg,3,0.13651836664990757,-1956.6707190679926,,,,1.0
HierarchicalHMM_2factors_robust_Returns+Range+pct_Range+RSI+pct_RSI_537,HierarchicalHMM,robust,Returns+Range+pct_Range+RSI+pct_RSI,5,0.1364488355287603,-3922.447027679094,,,,2.0
GMMHMM_none_Range_1,GMMHMM,none,Range,1,0.13541900149297192,-2090.6463724160467,,,3.0,
GMMHMM_robust_Range_128,GMMHMM,robust,Range,1,0.1354190014929717,-2090.6463724160467,,,3.0,
StandardHMM_robust_Range_128,StandardHMM,robust,Range,1,0.1354190014929717,-2090.6463724160467,,,,
GMMHMM_robust_Returns+pct_Range+pct_fg+RSI_203,GMMHMM,robust,Returns+pct_Range+pct_fg+RSI,4,0.13503991135530902,-10362.91766665544,,,3.0,
StandardHMM_robust_Returns+pct_Range+pct_fg+RSI_203,StandardHMM,robust,Returns+pct_Range+pct_fg+RSI,4,0.13503991135530902,-10362.917666655285,,,,
StandardHMM_robust_pct_Range+fg+pct_fg+RSI+pct_RSI_245,StandardHMM,robust,pct_Range+fg+pct_fg+RSI+pct_RSI,5,0.13467421598863544,-11253.459059676681,,,,
GMMHMM_robust_pct_Range+fg+pct_fg+RSI+pct_RSI_245,GMMHMM,robust,pct_Range+fg+pct_fg+RSI+pct_RSI,5,0.13467421598863544,-11253.459059676383,,,3.0,
HierarchicalHMM_3factors_robust_Returns+fg+RSI+pct_RSI_467,HierarchicalHMM,robust,Returns+fg+RSI+pct_RSI,4,0.13448208449930704,-6865.721900204795,,,,3.0
HierarchicalHMM_3factors_robust_Returns+Range+pct_Range+fg+pct_RSI_526,HierarchicalHMM,robust,Returns+Range+pct_Range+fg+pct_RSI,5,0.1341694542787937,-6931.694246275485,,,,3.0
HierarchicalHMM_1factors_robust_fg+RSI+pct_RSI_407,HierarchicalHMM,robust,fg+RSI+pct_RSI,3,0.1341552877380043,-1867.221061660795,,,,1.0
StandardHMM_robust_Returns+pct_Range+fg+pct_fg+RSI_235,StandardHMM,robust,Returns+pct_Range+fg+pct_fg+RSI,5,0.13389788215577922,-11204.845219103658,,,,
GMMHMM_robust_Returns+pct_Range+fg+pct_fg+RSI_235,GMMHMM,robust,Returns+pct_Range+fg+pct_fg+RSI,5,0.13389788215577922,-11204.845219103658,,,3.0,
HierarchicalHMM_3factors_robust_Range+fg+pct_fg+RSI+pct_RSI_594,HierarchicalHMM,robust,Range+fg+pct_fg+RSI+pct_RSI,5,0.133604386851158,-6638.582439108831,,,,3.0
GMMHMM_none_pct_fg+RSI_25,GMMHMM,none,pct_fg+RSI,2,0.13310080472825897,-4841.065773499941,,,3.0,
HierarchicalHMM_4factors_robust_Range+fg+pct_fg+RSI+pct_RSI_595,HierarchicalHMM,robust,Range+fg+pct_fg+RSI+pct_RSI,5,0.13288106667868452,-8778.090080296226,,,,4.0
HierarchicalHMM_1factors_robust_Range+pct_fg+pct_RSI_387,HierarchicalHMM,robust,Range+pct_fg+pct_RSI,3,0.13286651795442667,-1955.1945893271222,,,,1.0
GMMHMM_robust_Returns+fg+pct_fg+RSI+pct_RSI_239,GMMHMM,robust,Returns+fg+pct_fg+RSI+pct_RSI,5,0.1326362140033096,-9307.527690200634,,,3.0,
StandardHMM_robust_Returns+fg+pct_fg+RSI+pct_RSI_239,StandardHMM,robust,Returns+fg+pct_fg+RSI+pct_RSI,5,0.1326362140033096,-9307.527690200915,,,,
GMMHMM_robust_Range+pct_fg+RSI_177,GMMHMM,robust,Range+pct_fg+RSI,3,0.13235477329371093,-7018.820412872485,,,3.0,
StandardHMM_robust_Range+pct_fg+RSI_177,StandardHMM,robust,Range+pct_fg+RSI,3,0.13235477329371093,-7018.820412872411,,,,
HierarchicalHMM_1factors_robust_Range+pct_fg+RSI+pct_RSI_498,HierarchicalHMM,robust,Range+pct_fg+RSI+pct_RSI,4,0.13184988523000776,-1970.6111054157911,,,,1.0
StandardHMM_robust_Range+pct_Range+fg+pct_fg+RSI_240,StandardHMM,robust,Range+pct_Range+fg+pct_fg+RSI,5,0.13178499520198317,-10547.55998826317,,,,
GMMHMM_robust_Range+pct_Range+fg+pct_fg+RSI_240,GMMHMM,robust,Range+pct_Range+fg+pct_fg+RSI,5,0.13178499520198317,-10547.55998826317,,,3.0,
HierarchicalHMM_1factors_none_Returns+Range_0,HierarchicalHMM,none,Returns+Range,2,0.131405633118782,-2332.4781874088917,,,,1.0
HierarchicalHMM_5factors_robust_Range+pct_Range+fg+pct_fg+RSI+pct_RSI_634,HierarchicalHMM,robust,Range+pct_Range+fg+pct_fg+RSI+pct_RSI,6,0.13139945272997416,-11255.390535556267,,,,5.0
HierarchicalHMM_1factors_none_fg+pct_RSI_17,HierarchicalHMM,none,fg+pct_RSI,2,0.13124462105398838,-2547.799081058383,,,,1.0
HierarchicalHMM_4factors_robust_Returns+fg+pct_fg+RSI+pct_RSI_575,HierarchicalHMM,robust,Returns+fg+pct_fg+RSI+pct_RSI,5,0.13091645959269987,-9065.134173371853,,,,4.0
HierarchicalHMM_1factors_robust_Returns+fg+pct_fg+pct_RSI_462,HierarchicalHMM,robust,Returns+fg+pct_fg+pct_RSI,4,0.13083044716134004,-1976.305602915536,,,,1.0
HierarchicalHMM_4factors_robust_Returns+Range+fg+pct_fg+RSI_543,HierarchicalHMM,robust,Returns+Range+fg+pct_fg+RSI,5,0.13067599994050866,-8691.037900831827,,,,4.0
HierarchicalHMM_4factors_robust_Returns+Range+pct_Range+pct_fg+RSI_531,HierarchicalHMM,robust,Returns+Range+pct_Range+pct_fg+RSI,5,0.13060260929148002,-9146.995307428502,,,,4.0
HierarchicalHMM_4factors_robust_Returns+pct_Range+fg+RSI+pct_RSI_567,HierarchicalHMM,robust,Returns+pct_Range+fg+RSI+pct_RSI,5,0.13050845582922316,-9630.036332442143,,,,4.0
HierarchicalHMM_1factors_robust_pct_Range+fg+pct_fg+pct_RSI_504,HierarchicalHMM,robust,pct_Range+fg+pct_fg+pct_RSI,4,0.13037435863768573,-1968.6189102671465,,,,1.0
HierarchicalHMM_1factors_none_Returns+pct_Range+RSI_35,HierarchicalHMM,none,Returns+pct_Range+RSI,3,0.13011474575896664,-2613.314388315332,,,,1.0
HierarchicalHMM_2factors_robust_Returns+RSI+pct_RSI_370,HierarchicalHMM,robust,Returns+RSI+pct_RSI,3,0.1300176875939945,-4531.623223771659,,,,2.0
HierarchicalHMM_1factors_robust_Range+pct_Range+pct_fg_373,HierarchicalHMM,robust,Range+pct_Range+pct_fg,3,0.12747525401051754,-1955.038669965104,,,,1.0
StandardHMM_robust_Returns+Range+pct_Range+pct_fg_191,StandardHMM,robust,Returns+Range+pct_Range+pct_fg,4,0.12708014915394222,-10279.923331637821,,,,
GMMHMM_robust_Returns+Range+pct_Range+pct_fg_191,GMMHMM,robust,Returns+Range+pct_Range+pct_fg,4,0.12708014915394222,-10279.923331637527,,,3.0,
StandardHMM_robust_Returns+Range+fg+pct_fg+RSI+pct_RSI_250,StandardHMM,robust,Returns+Range+fg+pct_fg+RSI+pct_RSI,6,0.12693032308460342,-11327.916245339953,,,,
GMMHMM_robust_Returns+Range+fg+pct_fg+RSI+pct_RSI_250,GMMHMM,robust,Returns+Range+fg+pct_fg+RSI+pct_RSI,6,0.12693032308460342,-11327.916245339953,,,3.0,
HierarchicalHMM_1factors_robust_Range+pct_Range+pct_fg+RSI_480,HierarchicalHMM,robust,Range+pct_Range+pct_fg+RSI,4,0.12683986281388068,-1975.2847592209293,,,,1.0
GMMHMM_robust_Returns+pct_Range+fg+RSI_201,GMMHMM,robust,Returns+pct_Range+fg+RSI,4,0.12680500335683356,-8468.74394038875,,,3.0,
StandardHMM_robust_Returns+pct_Range+fg+RSI_201,StandardHMM,robust,Returns+pct_Range+fg+RSI,4,0.12680500335683356,-8468.743940388646,,,,
GMMHMM_robust_pct_Range+fg+pct_fg+pct_RSI_221,GMMHMM,robust,pct_Range+fg+pct_fg+pct_RSI,4,0.12661172363554035,-9804.265738410832,,,3.0,
StandardHMM_robust_pct_Range+fg+pct_fg+pct_RSI_221,StandardHMM,robust,pct_Range+fg+pct_fg+pct_RSI,4,0.12661172363554035,-9804.265738410832,,,,
HierarchicalHMM_3factors_none_Range+pct_Range+pct_fg+RSI+pct_RSI_270,HierarchicalHMM,none,Range+pct_Range+pct_fg+RSI+pct_RSI,5,0.12660962453731905,-7068.142681025758,,,,3.0
HierarchicalHMM_1factors_robust_Returns+pct_Range+fg+pct_fg_441,HierarchicalHMM,robust,Returns+pct_Range+fg+pct_fg,4,0.12637669441482247,-1970.5411550762085,,,,1.0
HierarchicalHMM_2factors_none_Returns+Range+pct_fg_26,HierarchicalHMM,none,Returns+Range+pct_fg,3,0.12627931699110112,-4346.063935277157,,,,2.0
HierarchicalHMM_1factors_robust_Returns+pct_fg+pct_RSI_367,HierarchicalHMM,robust,Returns+pct_fg+pct_RSI,3,0.12620773315589315,-1962.7062097899902,,,,1.0
HierarchicalHMM_1factors_none_Returns+Range+fg+pct_fg+pct_RSI_224,HierarchicalHMM,none,Returns+Range+fg+pct_fg+pct_RSI,5,0.1260050054353077,-1891.4811459477257,,,,1.0
HierarchicalHMM_1factors_robust_Returns+Range_320,HierarchicalHMM,robust,Returns+Range,2,0.1256394793045145,-2332.4781874088917,,,,1.0
StandardHMM_robust_Range+fg+pct_RSI_176,StandardHMM,robust,Range+fg+pct_RSI,3,0.12555458027495425,-6741.804634685122,,,,
GMMHMM_robust_Range+fg+pct_RSI_176,GMMHMM,robust,Range+fg+pct_RSI,3,0.12555458027495425,-6741.804634685122,,,3.0,
HierarchicalHMM_2factors_robust_Range+pct_Range+fg+RSI_475,HierarchicalHMM,robust,Range+pct_Range+fg+RSI,4,0.12482246243725671,-3977.8675428151237,,,,2.0
HierarchicalHMM_5factors_robust_Returns+Range+pct_Range+fg+pct_fg+RSI_604,HierarchicalHMM,robust,Returns+Range+pct_Range+fg+pct_fg+RSI,6,0.1247304905281846,-11250.507328919959,,,,5.0
HierarchicalHMM_2factors_robust_Range+pct_Range+fg+RSI+pct_RSI_585,HierarchicalHMM,robust,Range+pct_Range+fg+RSI+pct_RSI,5,0.12442823488975152,-4132.178846322326,,,,2.0
GMMHMM_robust_Range+pct_Range+fg+pct_fg_210,GMMHMM,robust,Range+pct_Range+fg+pct_fg,4,0.12435694789573952,-9027.903008892226,,,3.0,
StandardHMM_robust_Range+pct_Range+fg+pct_fg_210,StandardHMM,robust,Range+pct_Range+fg+pct_fg,4,0.12435694789573952,-9027.903008892226,,,,
GMMHMM_robust_Returns+Range+fg+pct_fg_194,GMMHMM,robust,Returns+Range+fg+pct_fg,4,0.12337801241495906,-9501.369010548648,,,3.0,
StandardHMM_robust_Returns+Range+fg+pct_fg_194,StandardHMM,robust,Returns+Range+fg+pct_fg,4,0.12337801241495906,-9501.369010548617,,,,
StandardHMM_robust_Range+pct_fg+RSI+pct_RSI_219,StandardHMM,robust,Range+pct_fg+RSI+pct_RSI,4,0.12333646782016758,-9991.68366474755,,,,
GMMHMM_robust_Range+pct_fg+RSI+pct_RSI_219,GMMHMM,robust,Range+pct_fg+RSI+pct_RSI,4,0.12333646782016758,-9991.683664747852,,,3.0,
HierarchicalHMM_1factors_robust_Range+pct_Range+fg+pct_fg+pct_RSI_580,HierarchicalHMM,robust,Range+pct_Range+fg+pct_fg+pct_RSI,5,0.12258524717571487,-1968.027709810463,,,,1.0
StandardHMM_robust_Range+fg+pct_fg+RSI+pct_RSI_244,StandardHMM,robust,Range+fg+pct_fg+RSI+pct_RSI,5,0.12197894615276264,-10731.404289925575,,,,
GMMHMM_robust_Range+fg+pct_fg+RSI+pct_RSI_244,GMMHMM,robust,Range+fg+pct_fg+RSI+pct_RSI,5,0.12197894615276264,-10731.404289925576,,,3.0,
HierarchicalHMM_4factors_robust_Returns+Range+pct_Range+fg+pct_fg+RSI_603,HierarchicalHMM,robust,Returns+Range+pct_Range+fg+pct_fg+RSI,6,0.12187744416869473,-8958.43449956187,,,,4.0
StandardHMM_none_Returns+Range+pct_Range+pct_RSI_66,StandardHMM,none,Returns+Range+pct_Range+pct_RSI,4,0.12124757699027161,11430.875064768248,,,,
HierarchicalHMM_2factors_robust_Returns+Range+pct_fg+RSI_433,HierarchicalHMM,robust,Returns+Range+pct_fg+RSI,4,0.11966223917706256,-4584.054795474526,,,,2.0
GMMHMM_none_Returns+Range+pct_Range+pct_fg+RSI_101,GMMHMM,none,Returns+Range+pct_Range+pct_fg+RSI,5,0.1193974687670672,-12288.836106055578,,,3.0,
HierarchicalHMM_1factors_robust_Returns+Range+fg+RSI_426,HierarchicalHMM,robust,Returns+Range+fg+RSI,4,0.11922823177297125,-2079.0493800551803,,,,1.0
HierarchicalHMM_1factors_robust_pct_Range+pct_fg+RSI+pct_RSI_510,HierarchicalHMM,robust,pct_Range+pct_fg+RSI+pct_RSI,4,0.11915674980565032,-1970.3770222140306,,,,1.0
HierarchicalHMM_1factors_robust_pct_Range+pct_fg+pct_RSI_399,HierarchicalHMM,robust,pct_Range+pct_fg+pct_RSI,3,0.1191109206121665,-1954.4681591102822,,,,1.0
HierarchicalHMM_4factors_robust_Returns+Range+fg+pct_fg+RSI+pct_RSI_623,HierarchicalHMM,robust,Returns+Range+fg+pct_fg+RSI+pct_RSI,6,0.11871286568704681,-8418.650809190645,,,,4.0
HierarchicalHMM_1factors_robust_Range+fg+RSI_381,HierarchicalHMM,robust,Range+fg+RSI,3,0.11848373651960162,-1968.127499597171,,,,1.0
StandardHMM_robust_Returns+RSI_138,StandardHMM,robust,Returns+RSI,2,0.11815546087828484,-4059.5330938241427,,,,
GMMHMM_robust_Returns+RSI_138,GMMHMM,robust,Returns+RSI,2,0.11815546087828484,-4059.5330938242237,,,3.0,
GMMHMM_robust_Returns+pct_Range+fg+pct_fg_200,GMMHMM,robust,Returns+pct_Range+fg+pct_fg,4,0.11746450328838941,-9833.789119955556,,,3.0,
StandardHMM_robust_Returns+pct_Range+fg+pct_fg_200,StandardHMM,robust,Returns+pct_Range+fg+pct_fg,4,0.11746450328838941,-9833.789119955556,,,,
HierarchicalHMM_1factors_robust_Returns+pct_Range+pct_fg_353,HierarchicalHMM,robust,Returns+pct_Range+pct_fg,3,0.11717250005990172,-1955.830934782898,,,,1.0
HierarchicalHMM_1factors_none_Returns+Range+pct_Range+fg+pct_fg_196,HierarchicalHMM,none,Returns+Range+pct_Range+fg+pct_fg,5,0.11695445241177106,-1889.0101140274226,,,,1.0
StandardHMM_robust_Returns+fg+RSI_165,StandardHMM,robust,Returns+fg+RSI,3,0.11626721081225419,-4915.869529212165,,,,
GMMHMM_robust_Returns+fg+RSI_165,GMMHMM,robust,Returns+fg+RSI,3,0.11626721081225419,-4915.869529212292,,,3.0,
StandardHMM_robust_Range+pct_Range+pct_fg+RSI_213,StandardHMM,robust,Range+pct_Range+pct_fg+RSI,4,0.11532599612935658,-9608.38147205274,,,,
GMMHMM_robust_Range+pct_Range+pct_fg+RSI_213,GMMHMM,robust,Range+pct_Range+pct_fg+RSI,4,0.11532599612935658,-9608.381472052759,,,3.0,
HierarchicalHMM_3factors_robust_Range+pct_Range+pct_fg+RSI_482,HierarchicalHMM,robust,Range+pct_Range+pct_fg+RSI,4,0.11501097209926658,-6403.623081105546,,,,3.0
HierarchicalHMM_2factors_robust_Returns+Range+pct_Range+fg+RSI_521,HierarchicalHMM,robust,Returns+Range+pct_Range+fg+RSI,5,0.11459170608613406,-4256.12915637223,,,,2.0
HierarchicalHMM_3factors_robust_Range+pct_fg+RSI+pct_RSI_500,HierarchicalHMM,robust,Range+pct_fg+RSI+pct_RSI,4,0.11448696559547565,-6499.169228867023,,,,3.0
HierarchicalHMM_2factors_robust_Returns+fg+RSI_362,HierarchicalHMM,robust,Returns+fg+RSI,3,0.11439143872648698,-4240.873891659978,,,,2.0
HierarchicalHMM_5factors_robust_Returns+pct_Range+fg+pct_fg+RSI+pct_RSI_629,HierarchicalHMM,robust,Returns+pct_Range+fg+pct_fg+RSI+pct_RSI,6,0.11331412150017853,-11439.875084902415,,,,5.0
HierarchicalHMM_4factors_robust_Returns+pct_Range+pct_fg+RSI+pct_RSI_571,HierarchicalHMM,robust,Returns+pct_Range+pct_fg+RSI+pct_RSI,5,0.11275984180896532,-9065.343857685333,,,,4.0
HierarchicalHMM_2factors_robust_Range+fg+pct_RSI_384,HierarchicalHMM,robust,Range+fg+pct_RSI,3,0.11252540520829636,-4351.104877182092,,,,2.0
HierarchicalHMM_1factors_robust_Returns+pct_Range+fg+pct_fg+pct_RSI_560,HierarchicalHMM,robust,Returns+pct_Range+fg+pct_fg+pct_RSI,5,0.11231941955509932,-1977.9611723405278,,,,1.0
HierarchicalHMM_1factors_robust_pct_Range+fg+RSI+pct_RSI_507,HierarchicalHMM,robust,pct_Range+fg+RSI+pct_RSI,4,0.1116715952278096,-2005.0862770331523,,,,1.0
StandardHMM_robust_Returns+Range+fg+pct_fg+pct_RSI_232,StandardHMM,robust,Returns+Range+fg+pct_fg+pct_RSI,5,0.11138195774228574,-10147.614177018162,,,,
GMMHMM_robust_Returns+Range+fg+pct_fg+pct_RSI_232,GMMHMM,robust,Returns+Range+fg+pct_fg+pct_RSI,5,0.11138195774228574,-10147.61417701823,,,3.0,
HierarchicalHMM_1factors_robust_Returns+pct_Range+fg+RSI_444,HierarchicalHMM,robust,Returns+pct_Range+fg+RSI,4,0.1111399732987909,-2078.099504268489,,,,1.0
HierarchicalHMM_4factors_robust_Returns+Range+pct_Range+fg+pct_RSI_527,HierarchicalHMM,robust,Returns+Range+pct_Range+fg+pct_RSI,5,0.11093472980707372,-8513.545668540548,,,,4.0
StandardHMM_robust_Range+pct_Range+fg+pct_fg+RSI+pct_RSI_252,StandardHMM,robust,Range+pct_Range+fg+pct_fg+RSI+pct_RSI,6,0.1107096358665775,-13331.733763874985,,,,
GMMHMM_robust_Range+pct_Range+fg+pct_fg+RSI+pct_RSI_252,GMMHMM,robust,Range+pct_Range+fg+pct_fg+RSI+pct_RSI,6,0.1107096358665775,-13331.733763874723,,,3.0,
HierarchicalHMM_1factors_robust_Range+pct_Range+pct_fg+pct_RSI_483,HierarchicalHMM,robust,Range+pct_Range+pct_fg+pct_RSI,4,0.1104716673099161,-1955.1432531555329,,,,1.0
GMMHMM_robust_Returns+fg+pct_fg+pct_RSI_207,GMMHMM,robust,Returns+fg+pct_fg+pct_RSI,4,0.11030186086569722,-8123.737435713483,,,3.0,
StandardHMM_robust_Returns+fg+pct_fg+pct_RSI_207,StandardHMM,robust,Returns+fg+pct_fg+pct_RSI,4,0.11030186086569722,-8123.737435713483,,,,
HierarchicalHMM_2factors_robust_Returns+Range+pct_fg_346,HierarchicalHMM,robust,Returns+Range+pct_fg,3,0.10991367553214063,-4346.063935277157,,,,2.0
StandardHMM_none_Returns+Range+pct_Range+fg+pct_RSI_100,StandardHMM,none,Returns+Range+pct_Range+fg+pct_RSI,5,0.10984435069641363,2729.6529493592366,,,,
StandardHMM_robust_pct_Range+pct_fg+RSI+pct_RSI_223,StandardHMM,robust,pct_Range+pct_fg+RSI+pct_RSI,4,0.10971327764915201,-10234.842985880181,,,,
GMMHMM_robust_pct_Range+pct_fg+RSI+pct_RSI_223,GMMHMM,robust,pct_Range+pct_fg+RSI+pct_RSI,4,0.10971327764915201,-10234.842985879835,,,3.0,
HierarchicalHMM_1factors_robust_Range+pct_Range+pct_fg+RSI+pct_RSI_588,HierarchicalHMM,robust,Range+pct_Range+pct_fg+RSI+pct_RSI,5,0.10970380290568674,-1978.5587312581197,,,,1.0
HierarchicalHMM_2factors_robust_Returns+Range+fg+pct_fg_424,HierarchicalHMM,robust,Returns+Range+fg+pct_fg,4,0.10956401298200838,-4501.188205562262,,,,2.0
HierarchicalHMM_1factors_robust_Returns+Range+pct_Range+pct_fg_414,HierarchicalHMM,robust,Returns+Range+pct_Range+pct_fg,4,0.1093871627014559,-1957.622229822313,,,,1.0
StandardHMM_robust_Returns+Range+fg_156,StandardHMM,robust,Returns+Range+fg,3,0.10768467389482297,-6190.698364039104,,,,
GMMHMM_robust_Returns+Range+fg_156,GMMHMM,robust,Returns+Range+fg,3,0.10768467389482297,-6190.698364039104,,,3.0,
HierarchicalHMM_2factors_robust_Returns+pct_Range+pct_fg+pct_RSI_454,HierarchicalHMM,robust,Returns+pct_Range+pct_fg+pct_RSI,4,0.10736063107239964,-4611.077936504937,,,,2.0
GMMHMM_robust_Returns+Range+pct_Range+fg+pct_fg+RSI_246,GMMHMM,robust,Returns+Range+pct_Range+fg+pct_fg+RSI,6,0.10708592220646802,-13246.883527774831,,,3.0,
StandardHMM_robust_Returns+Range+pct_Range+fg+pct_fg+RSI_246,StandardHMM,robust,Returns+Range+pct_Range+fg+pct_fg+RSI,6,0.10708592220646802,-13246.883527774831,,,,
HierarchicalHMM_4factors_robust_Returns+pct_Range+fg+pct_fg+RSI+pct_RSI_628,HierarchicalHMM,robust,Returns+pct_Range+fg+pct_fg+RSI+pct_RSI,6,0.10697000120281913,-9088.35097898788,,,,4.0
HierarchicalHMM_3factors_robust_Range+pct_Range+fg+pct_fg_473,HierarchicalHMM,robust,Range+pct_Range+fg+pct_fg,4,0.10649423752954164,-6365.90415522263,,,,3.0
HierarchicalHMM_3factors_robust_Returns+Range+pct_Range+pct_fg+pct_RSI_534,HierarchicalHMM,robust,Returns+Range+pct_Range+pct_fg+pct_RSI,5,0.10589918484813879,-6401.985387557014,,,,3.0
HierarchicalHMM_3factors_robust_Range+pct_Range+fg+pct_fg+RSI+pct_RSI_632,HierarchicalHMM,robust,Range+pct_Range+fg+pct_fg+RSI+pct_RSI,6,0.10573325100231595,-6190.660096712569,,,,3.0
HierarchicalHMM_2factors_robust_Range+fg+pct_fg+RSI_490,HierarchicalHMM,robust,Range+fg+pct_fg+RSI,4,0.10502971857775467,-3813.382085874706,,,,2.0
StandardHMM_robust_Range+pct_Range+fg+pct_fg+pct_RSI_241,StandardHMM,robust,Range+pct_Range+fg+pct_fg+pct_RSI,5,0.1030833471861942,-11917.100281742754,,,,
GMMHMM_robust_Range+pct_Range+fg+pct_fg+pct_RSI_241,GMMHMM,robust,Range+pct_Range+fg+pct_fg+pct_RSI,5,0.1030833471861942,-11917.100281742754,,,3.0,
HierarchicalHMM_2factors_robust_pct_Range+fg+RSI+pct_RSI_508,HierarchicalHMM,robust,pct_Range+fg+RSI+pct_RSI,4,0.10298473434934322,-4249.616366215848,,,,2.0
GMMHMM_robust_Range+pct_fg_142,GMMHMM,robust,Range+pct_fg,2,0.10222080274961483,-5330.072859314907,,,3.0,
StandardHMM_robust_Range+pct_fg_142,StandardHMM,robust,Range+pct_fg,2,0.10222080274961483,-5330.072859314907,,,,
HierarchicalHMM_1factors_robust_Returns+pct_Range+pct_fg+pct_RSI_453,HierarchicalHMM,robust,Returns+pct_Range+pct_fg+pct_RSI,4,0.10199039257709916,-1967.101497253097,,,,1.0
GMMHMM_robust_Returns+Range+pct_Range+fg+pct_fg_225,GMMHMM,robust,Returns+Range+pct_Range+fg+pct_fg,5,0.10172926451296939,-11915.82892866735,,,3.0,
StandardHMM_robust_Returns+Range+pct_Range+fg+pct_fg_225,StandardHMM,robust,Returns+Range+pct_Range+fg+pct_fg,5,0.10172926451296939,-11915.828928667255,,,,
HierarchicalHMM_5factors_robust_Returns+Range+fg+pct_fg+RSI+pct_RSI_624,HierarchicalHMM,robust,Returns+Range+fg+pct_fg+RSI+pct_RSI,6,0.10169206849677564,-11090.433111568023,,,,5.0
StandardHMM_robust_Returns+Range+pct_fg_157,StandardHMM,robust,Returns+Range+pct_fg,3,0.10122671429110984,-7809.85993198598,,,,
GMMHMM_robust_Returns+Range+pct_fg_157,GMMHMM,robust,Returns+Range+pct_fg,3,0.10122671429110984,-7809.859931986201,,,3.0,
HierarchicalHMM_2factors_none_Returns+pct_Range+pct_fg+RSI_131,HierarchicalHMM,none,Returns+pct_Range+pct_fg+RSI,4,0.10065805454834385,-4608.633918147587,,,,2.0
GMMHMM_robust_pct_fg+RSI+pct_RSI_189,GMMHMM,robust,pct_fg+RSI+pct_RSI,3,0.10051759682482148,-7315.835536167365,,,3.0,
StandardHMM_robust_pct_fg+RSI+pct_RSI_189,StandardHMM,robust,pct_fg+RSI+pct_RSI,3,0.10051759682482148,-7315.835536167365,,,,
HierarchicalHMM_2factors_robust_Returns+fg+RSI+pct_RSI_466,HierarchicalHMM,robust,Returns+fg+RSI+pct_RSI,4,0.10024561261048952,-4325.9431011107,,,,2.0
HierarchicalHMM_2factors_robust_Returns+pct_fg+RSI+pct_RSI_469,HierarchicalHMM,robust,Returns+pct_fg+RSI+pct_RSI,4,0.10021305581599438,-4597.008063695205,,,,2.0
GMMHMM_robust_Range+fg+pct_fg+RSI_216,GMMHMM,robust,Range+fg+pct_fg+RSI,4,0.099950739604065,-8334.824253252465,,,3.0,
StandardHMM_robust_Range+fg+pct_fg+RSI_216,StandardHMM,robust,Range+fg+pct_fg+RSI,4,0.099950739604065,-8334.824253252465,,,,
StandardHMM_robust_Returns+pct_Range+fg+pct_fg+RSI+pct_RSI_251,StandardHMM,robust,Returns+pct_Range+fg+pct_fg+RSI+pct_RSI,6,0.0998458508582263,-12107.054486878827,,,,
GMMHMM_robust_Returns+pct_Range+fg+pct_fg+RSI+pct_RSI_251,GMMHMM,robust,Returns+pct_Range+fg+pct_fg+RSI+pct_RSI,6,0.0998458508582263,-12107.054486878827,,,3.0,
StandardHMM_robust_Returns+pct_Range+RSI+pct_RSI_205,StandardHMM,robust,Returns+pct_Range+RSI+pct_RSI,4,0.09957627892996128,-7528.607232201391,,,,
GMMHMM_robust_Returns+pct_Range+RSI+pct_RSI_205,GMMHMM,robust,Returns+pct_Range+RSI+pct_RSI,4,0.09957627892996128,-7528.607232201391,,,3.0,
HierarchicalHMM_2factors_robust_Returns+Range+pct_Range+fg+pct_fg+pct_RSI_606,HierarchicalHMM,robust,Returns+Range+pct_Range+fg+pct_fg+pct_RSI,6,0.09928776882021306,-3958.8022798398097,,,,2.0
StandardHMM_robust_Returns+Range+pct_Range+fg+RSI_226,StandardHMM,robust,Returns+Range+pct_Range+fg+RSI,5,0.09884555011932407,-10292.533237126358,,,,
GMMHMM_robust_Returns+Range+pct_Range+fg+RSI_226,GMMHMM,robust,Returns+Range+pct_Range+fg+RSI,5,0.09884555011932407,-10292.533237126476,,,3.0,
HierarchicalHMM_2factors_none_Range+pct_fg+pct_RSI_68,HierarchicalHMM,none,Range+pct_fg+pct_RSI,3,0.09874132262390344,-4501.328590968664,,,,2.0
GMMHMM_robust_Returns+pct_Range+fg+pct_RSI_202,GMMHMM,robust,Returns+pct_Range+fg+pct_RSI,4,0.09863012377898205,-7533.767781365738,,,3.0,
StandardHMM_robust_Returns+pct_Range+fg+pct_RSI_202,StandardHMM,robust,Returns+pct_Range+fg+pct_RSI,4,0.09863012377898205,-7533.767781365567,,,,
HierarchicalHMM_2factors_none_Returns+pct_Range+RSI+pct_RSI_137,HierarchicalHMM,none,Returns+pct_Range+RSI+pct_RSI,4,0.09703115842512718,-4197.796583703321,,,,2.0
StandardHMM_none_Returns+Range+pct_Range+fg_63,StandardHMM,none,Returns+Range+pct_Range+fg,4,0.09623612250840224,-1737.906987803156,,,,
HierarchicalHMM_3factors_robust_Returns+Range+pct_fg+RSI_434,HierarchicalHMM,robust,Returns+Range+pct_fg+RSI,4,0.09536497214873023,-6624.246455831602,,,,3.0
StandardHMM_robust_Returns+pct_Range+fg+pct_fg+pct_RSI_236,StandardHMM,robust,Returns+pct_Range+fg+pct_fg+pct_RSI,5,0.09448778446911768,-10806.82536146726,,,,
GMMHMM_robust_Returns+pct_Range+fg+pct_fg+pct_RSI_236,GMMHMM,robust,Returns+pct_Range+fg+pct_fg+pct_RSI,5,0.09448778446911768,-10806.82536146726,,,3.0,
HierarchicalHMM_2factors_robust_Returns+Range+pct_Range+pct_fg+RSI+pct_RSI_616,HierarchicalHMM,robust,Returns+Range+pct_Range+pct_fg+RSI+pct_RSI,6,0.09433255463733786,-3944.444042755562,,,,2.0
HierarchicalHMM_4factors_robust_Returns+pct_Range+fg+pct_fg+pct_RSI_563,HierarchicalHMM,robust,Returns+pct_Range+fg+pct_fg+pct_RSI,5,0.09391941447083997,-8881.248493791823,,,,4.0
RollingHMM_none_pct_Range+pct_RSI_21,RollingHMM,none,pct_Range+pct_RSI,2,0.09366709482125768,-1677.6358791495074,730.0,21.0,,
RollingHMM_none_Returns+pct_Range_8,RollingHMM,none,Returns+pct_Range,2,0.0932075120991155,-1773.2159617484544,730.0,21.0,,
HierarchicalHMM_2factors_robust_Returns+pct_fg+RSI_366,HierarchicalHMM,robust,Returns+pct_fg+RSI,3,0.09315530465742285,-4585.623273674105,,,,2.0
HierarchicalHMM_3factors_robust_Returns+Range+pct_fg+pct_RSI_437,HierarchicalHMM,robust,Returns+Range+pct_fg+pct_RSI,4,0.09291770894287994,-6071.714432829584,,,,3.0
HierarchicalHMM_2factors_none_Returns+Range+pct_fg+pct_RSI_116,HierarchicalHMM,none,Returns+Range+pct_fg+pct_RSI,4,0.09281813160464852,-4574.5482223154795,,,,2.0
StandardHMM_robust_fg+pct_fg_149,StandardHMM,robust,fg+pct_fg,2,0.09253216554556502,-3746.4049716457102,,,,
GMMHMM_robust_fg+pct_fg_149,GMMHMM,robust,fg+pct_fg,2,0.09253216554556502,-3746.404971645905,,,3.0,
HierarchicalHMM_1factors_robust_Returns+pct_Range+RSI_355,HierarchicalHMM,robust,Returns+pct_Range+RSI,3,0.0923206948890619,-2613.314388315332,,,,1.0
HierarchicalHMM_2factors_robust_Returns+Range+pct_Range+fg+pct_fg+RSI_601,HierarchicalHMM,robust,Returns+Range+pct_Range+fg+pct_fg+RSI,6,0.09177480670826539,-4269.12291954558,,,,2.0
HierarchicalHMM_4factors_robust_Returns+Range+pct_Range+fg+pct_fg+RSI+pct_RSI_638,HierarchicalHMM,robust,Returns+Range+pct_Range+fg+pct_fg+RSI+pct_RSI,7,0.09168881775126736,-8693.956530810003,,,,4.0
HierarchicalHMM_4factors_robust_Range+pct_Range+fg+pct_fg+RSI+pct_RSI_633,HierarchicalHMM,robust,Range+pct_Range+fg+pct_fg+RSI+pct_RSI,6,0.091280768474453,-9321.102712389737,,,,4.0
HierarchicalHMM_2factors_robust_Returns+fg+pct_fg+RSI_460,HierarchicalHMM,robust,Returns+fg+pct_fg+RSI,4,0.0910806768118781,-4006.03480915936,,,,2.0
GMMHMM_robust_Range+pct_Range+pct_fg+RSI+pct_RSI_243,GMMHMM,robust,Range+pct_Range+pct_fg+RSI+pct_RSI,5,0.08997930608606322,-12280.638013807162,,,3.0,
StandardHMM_robust_Range+pct_Range+pct_fg+RSI+pct_RSI_243,StandardHMM,robust,Range+pct_Range+pct_fg+RSI+pct_RSI,5,0.08997930608606322,-12280.638013807205,,,,
HierarchicalHMM_1factors_robust_Range+fg+RSI+pct_RSI_495,HierarchicalHMM,robust,Range+fg+RSI+pct_RSI,4,0.08988043648795097,-2051.6920857193763,,,,1.0
HierarchicalHMM_3factors_robust_Range+pct_Range+fg+pct_fg+pct_RSI_582,HierarchicalHMM,robust,Range+pct_Range+fg+pct_fg+pct_RSI,5,0.08896613066062872,-6402.192781206006,,,,3.0
HierarchicalHMM_3factors_robust_Returns+Range+pct_Range+pct_fg+RSI+pct_RSI_617,HierarchicalHMM,robust,Returns+Range+pct_Range+pct_fg+RSI+pct_RSI,6,0.08807022577866591,-6234.262198458686,,,,3.0
HierarchicalHMM_5factors_robust_Returns+Range+pct_Range+fg+pct_fg+RSI+pct_RSI_639,HierarchicalHMM,robust,Returns+Range+pct_Range+fg+pct_fg+RSI+pct_RSI,7,0.08722362210001201,-11819.022979406725,,,,5.0
HierarchicalHMM_3factors_robust_Returns+Range+pct_Range+fg+pct_fg+RSI_602,HierarchicalHMM,robust,Returns+Range+pct_Range+fg+pct_fg+RSI,6,0.0869437142965666,-6411.219963616955,,,,3.0
HierarchicalHMM_2factors_robust_Returns+pct_Range+fg+RSI_445,HierarchicalHMM,robust,Returns+pct_Range+fg+RSI,4,0.08493681221771425,-4236.286208900254,,,,2.0
HierarchicalHMM_1factors_robust_fg+pct_fg+RSI_403,HierarchicalHMM,robust,fg+pct_fg+RSI,3,0.08470898900504872,-1863.3489861616724,,,,1.0
StandardHMM_robust_Range+pct_fg+pct_RSI_178,StandardHMM,robust,Range+pct_fg+pct_RSI,3,0.08428950692296948,-8028.984750648689,,,,
GMMHMM_robust_Range+pct_fg+pct_RSI_178,GMMHMM,robust,Range+pct_fg+pct_RSI,3,0.08428950692296948,-8028.984750648689,,,3.0,
HierarchicalHMM_2factors_robust_Range+fg+RSI+pct_RSI_496,HierarchicalHMM,robust,Range+fg+RSI+pct_RSI,4,0.08385844622943851,-4723.661881619106,,,,2.0
RollingHMM_robust_pct_Range+pct_RSI_148,RollingHMM,robust,pct_Range+pct_RSI,2,0.08307068289038073,-1677.6358791495077,730.0,21.0,,
HierarchicalHMM_2factors_robust_Returns+fg+pct_fg_360,HierarchicalHMM,robust,Returns+fg+pct_fg,3,0.08192137422403042,-4576.974727558323,,,,2.0
HierarchicalHMM_3factors_robust_pct_Range+fg+pct_fg+pct_RSI_506,HierarchicalHMM,robust,pct_Range+fg+pct_fg+pct_RSI,4,0.08187053823286412,-6588.047042165636,,,,3.0
StandardHMM_none_Returns+Range+pct_Range+fg+RSI_99,StandardHMM,none,Returns+Range+pct_Range+fg+RSI,5,0.08081169669023468,-9124.746396090199,,,,
HierarchicalHMM_2factors_robust_Returns+pct_Range+fg+pct_fg_442,HierarchicalHMM,robust,Returns+pct_Range+fg+pct_fg,4,0.08067483527227542,-4493.913871664187,,,,2.0
HierarchicalHMM_1factors_robust_Range+pct_Range+RSI_375,HierarchicalHMM,robust,Range+pct_Range+RSI,3,0.08046906600878795,-2169.7060379942577,,,,1.0
RollingHMM_none_Range+fg+pct_fg_47,RollingHMM,none,Range+fg+pct_fg,3,0.07955302716486012,-2401.823220545584,730.0,21.0,,
HierarchicalHMM_1factors_robust_Returns+Range+pct_fg+RSI_432,HierarchicalHMM,robust,Returns+Range+pct_fg+RSI,4,0.07919218671867265,-2507.166409101438,,,,1.0
HierarchicalHMM_2factors_robust_Range+pct_Range+fg+pct_fg+RSI_577,HierarchicalHMM,robust,Range+pct_Range+fg+pct_fg+RSI,5,0.0790188017912878,-3972.8477998368494,,,,2.0
HierarchicalHMM_1factors_none_Range+RSI_9,HierarchicalHMM,none,Range+RSI,2,0.0787671975235755,-1942.6622662172504,,,,1.0
GMMHMM_none_Range+pct_RSI_17,GMMHMM,none,Range+pct_RSI,2,0.07854605491658896,-4698.629476168484,,,3.0,
GMMHMM_none_pct_fg+pct_RSI_26,GMMHMM,none,pct_fg+pct_RSI,2,0.07852200541211327,-5894.8024544319405,,,3.0,
HierarchicalHMM_4factors_robust_Range+pct_Range+fg+pct_fg+pct_RSI_583,HierarchicalHMM,robust,Range+pct_Range+fg+pct_fg+pct_RSI,5,0.07848901902628741,-8827.960540198816,,,,4.0
HierarchicalHMM_2factors_robust_Range+pct_Range+pct_fg+RSI_481,HierarchicalHMM,robust,Range+pct_Range+pct_fg+RSI,4,0.07848759489564225,-4197.007963055951,,,,2.0
HierarchicalHMM_2factors_none_Range+pct_fg+RSI_66,HierarchicalHMM,none,Range+pct_fg+RSI,3,0.0776144124200168,-4119.968571402732,,,,2.0
StandardHMM_robust_Returns+pct_RSI_139,StandardHMM,robust,Returns+pct_RSI,2,0.07753135520920255,-3390.0416623544797,,,,
GMMHMM_robust_Returns+pct_RSI_139,GMMHMM,robust,Returns+pct_RSI,2,0.07753135520920255,-3390.041662354473,,,3.0,
HierarchicalHMM_2factors_robust_Returns+Range+pct_fg+pct_RSI_436,HierarchicalHMM,robust,Returns+Range+pct_fg+pct_RSI,4,0.076983030566776,-4574.5482223154795,,,,2.0
HierarchicalHMM_4factors_robust_Returns+Range+fg+pct_fg+pct_RSI_547,HierarchicalHMM,robust,Returns+Range+fg+pct_fg+pct_RSI,5,0.07695368620407864,-8350.622412997916,,,,4.0
HierarchicalHMM_1factors_robust_Returns+Range+fg+pct_fg+pct_RSI_544,HierarchicalHMM,robust,Returns+Range+fg+pct_fg+pct_RSI,5,0.0766437252701003,-1891.4811459476873,,,,1.0
HierarchicalHMM_3factors_robust_Returns+pct_fg+RSI+pct_RSI_470,HierarchicalHMM,robust,Returns+pct_fg+RSI+pct_RSI,4,0.07642542184645928,-6667.203226108488,,,,3.0
HierarchicalHMM_4factors_robust_Returns+Range+pct_Range+fg+pct_fg_519,HierarchicalHMM,robust,Returns+Range+pct_Range+fg+pct_fg,5,0.07564991641653059,-8739.399294102725,,,,4.0
HierarchicalHMM_1factors_none_Range+pct_Range+fg+RSI_154,HierarchicalHMM,none,Range+pct_Range+fg+RSI,4,0.07483084504805058,-2193.7506943615895,,,,1.0
HierarchicalHMM_1factors_none_Range+pct_Range+fg+RSI+pct_RSI_264,HierarchicalHMM,none,Range+pct_Range+fg+RSI+pct_RSI,5,0.07426186567451369,-2192.4254073377097,,,,1.0
HierarchicalHMM_4factors_robust_Returns+Range+pct_fg+RSI+pct_RSI_555,HierarchicalHMM,robust,Returns+Range+pct_fg+RSI+pct_RSI,5,0.07395202447532197,-8535.656008230188,,,,4.0
StandardHMM_robust_Returns+Range+pct_fg+RSI_197,StandardHMM,robust,Returns+Range+pct_fg+RSI,4,0.07319202436206546,-9867.58337830991,,,,
GMMHMM_robust_Returns+Range+pct_fg+RSI_197,GMMHMM,robust,Returns+Range+pct_fg+RSI,4,0.07319202436206546,-9867.583378309739,,,3.0,
RollingHMM_robust_pct_Range+fg_145,RollingHMM,robust,pct_Range+fg,2,0.07293271288958438,-1312.359298959524,730.0,21.0,,
HierarchicalHMM_1factors_robust_Returns+pct_Range+pct_fg+RSI_450,HierarchicalHMM,robust,Returns+pct_Range+pct_fg+RSI,4,0.0725829378086966,-1930.6375632824784,,,,1.0
StandardHMM_robust_Returns+pct_fg+RSI+pct_RSI_209,StandardHMM,robust,Returns+pct_fg+RSI+pct_RSI,4,0.07248347898992048,-8192.933025403418,,,,
GMMHMM_robust_Returns+pct_fg+RSI+pct_RSI_209,GMMHMM,robust,Returns+pct_fg+RSI+pct_RSI,4,0.07248347898992048,-8192.933025403418,,,3.0,
HierarchicalHMM_2factors_robust_Returns+Range+fg+pct_fg+pct_RSI_545,HierarchicalHMM,robust,Returns+Range+fg+pct_fg+pct_RSI,5,0.0714169962499436,-4602.048803108597,,,,2.0
HierarchicalHMM_2factors_none_Range+fg+pct_fg+pct_RSI_173,HierarchicalHMM,none,Range+fg+pct_fg+pct_RSI,4,0.07140567817055585,-4584.172427598133,,,,2.0
HierarchicalHMM_2factors_robust_Range+pct_fg+pct_RSI_388,HierarchicalHMM,robust,Range+pct_fg+pct_RSI,3,0.07129776391623102,-4501.32859096858,,,,2.0
HierarchicalHMM_2factors_robust_Returns+Range+fg+pct_fg+RSI_541,HierarchicalHMM,robust,Returns+Range+fg+pct_fg+RSI,5,0.07128822983661781,-4006.867860859881,,,,2.0
HierarchicalHMM_2factors_none_Range+pct_Range+pct_fg_54,HierarchicalHMM,none,Range+pct_Range+pct_fg,3,0.07087368149669544,-4326.327883154436,,,,2.0
HierarchicalHMM_1factors_robust_Returns+Range+pct_Range+fg+pct_fg_516,HierarchicalHMM,robust,Returns+Range+pct_Range+fg+pct_fg,5,0.07050636867221473,-1889.0101140274226,,,,1.0
HierarchicalHMM_2factors_robust_Range+pct_fg+RSI+pct_RSI_499,HierarchicalHMM,robust,Range+pct_fg+RSI+pct_RSI,4,0.06904616354754656,-4165.315973738415,,,,2.0
HierarchicalHMM_2factors_robust_Returns+pct_Range+pct_fg+RSI_451,HierarchicalHMM,robust,Returns+pct_Range+pct_fg+RSI,4,0.06881334347782496,-4608.633918147569,,,,2.0
HierarchicalHMM_2factors_robust_Returns+Range+fg+RSI+pct_RSI_549,HierarchicalHMM,robust,Returns+Range+fg+RSI+pct_RSI,5,0.06778838240053305,-4299.432047235634,,,,2.0
HierarchicalHMM_2factors_robust_Range+fg+pct_fg+RSI+pct_RSI_593,HierarchicalHMM,robust,Range+fg+pct_fg+RSI+pct_RSI,5,0.06750833088484152,-3959.5921766047654,,,,2.0
HierarchicalHMM_2factors_robust_Range+pct_Range+pct_fg+pct_RSI_484,HierarchicalHMM,robust,Range+pct_Range+pct_fg+pct_RSI,4,0.06732923551390999,-4249.692316993977,,,,2.0
HierarchicalHMM_1factors_none_Returns+Range+pct_Range_21,HierarchicalHMM,none,Returns+Range+pct_Range,3,0.06549207426450121,-2088.5258978704073,,,,1.0
HierarchicalHMM_2factors_robust_pct_Range+fg+pct_fg+RSI+pct_RSI_597,HierarchicalHMM,robust,pct_Range+fg+pct_fg+RSI+pct_RSI,5,0.06475635098403569,-3865.396369295426,,,,2.0
StandardHMM_robust_pct_fg+pct_RSI_153,StandardHMM,robust,pct_fg+pct_RSI,2,0.0636600785422549,-5894.8024544319405,,,,
GMMHMM_robust_pct_fg+pct_RSI_153,GMMHMM,robust,pct_fg+pct_RSI,2,0.0636600785422549,-5894.8024544319405,,,3.0,
HierarchicalHMM_2factors_robust_Returns+Range+pct_Range+pct_fg_415,HierarchicalHMM,robust,Returns+Range+pct_Range+pct_fg,4,0.06318153620919705,-4163.839041632501,,,,2.0
HierarchicalHMM_2factors_robust_Returns+fg+pct_fg+RSI+pct_RSI_573,HierarchicalHMM,robust,Returns+fg+pct_fg+RSI+pct_RSI,5,0.06264234016909925,-4316.922069658335,,,,2.0
StandardHMM_robust_Range+fg+RSI+pct_RSI_218,StandardHMM,robust,Range+fg+RSI+pct_RSI,4,0.062473957505041776,-8147.779321569582,,,,
GMMHMM_robust_Range+fg+RSI+pct_RSI_218,GMMHMM,robust,Range+fg+RSI+pct_RSI,4,0.062473957505041776,-8147.779321569582,,,3.0,
HierarchicalHMM_2factors_robust_Returns+pct_Range+fg+pct_fg+RSI_557,HierarchicalHMM,robust,Returns+pct_Range+fg+pct_fg+RSI,5,0.06230545890771351,-4006.1991823201606,,,,2.0
HierarchicalHMM_5factors_robust_Returns+Range+pct_Range+pct_fg+RSI+pct_RSI_619,HierarchicalHMM,robust,Returns+Range+pct_Range+pct_fg+RSI+pct_RSI,6,0.061241445089066635,-10871.732409719953,,,,5.0
HierarchicalHMM_3factors_none_Range+pct_fg+RSI+pct_RSI_180,HierarchicalHMM,none,Range+pct_fg+RSI+pct_RSI,4,0.061223563905602796,-6499.169228866862,,,,3.0
HierarchicalHMM_2factors_none_Returns+Range+RSI+pct_RSI_119,HierarchicalHMM,none,Returns+Range+RSI+pct_RSI,4,0.06120059989278605,-4071.301060425983,,,,2.0
HierarchicalHMM_2factors_robust_Returns+Range+pct_Range+pct_fg+pct_RSI_533,HierarchicalHMM,robust,Returns+Range+pct_Range+pct_fg+pct_RSI,5,0.06103234956462934,-4571.327168298717,,,,2.0
RollingHMM_none_Range+pct_Range+fg+pct_fg+pct_RSI_114,RollingHMM,none,Range+pct_Range+fg+pct_fg+pct_RSI,5,0.060031338505156774,-4242.243023233344,730.0,21.0,,
HierarchicalHMM_3factors_none_Returns+pct_Range+pct_fg+RSI_132,HierarchicalHMM,none,Returns+pct_Range+pct_fg+RSI,4,0.059923703848462635,-6735.830536597528,,,,3.0
StandardHMM_robust_Returns+pct_Range+pct_fg+pct_RSI_204,StandardHMM,robust,Returns+pct_Range+pct_fg+pct_RSI,4,0.0598065358425667,-9218.102536590935,,,,
GMMHMM_robust_Returns+pct_Range+pct_fg+pct_RSI_204,GMMHMM,robust,Returns+pct_Range+pct_fg+pct_RSI,4,0.0598065358425667,-9218.10253659072,,,3.0,
RollingHMM_none_Returns+RSI_11,RollingHMM,none,Returns+RSI,2,0.059628567881241795,-1516.2084423954416,730.0,21.0,,
StandardHMM_none_Returns+Range+pct_fg+RSI+pct_RSI_107,StandardHMM,none,Returns+Range+pct_fg+RSI+pct_RSI,5,0.059577258454823395,6075.771403954791,,,,
GMMHMM_robust_Returns+Range+pct_Range+fg+pct_RSI_227,GMMHMM,robust,Returns+Range+pct_Range+fg+pct_RSI,5,0.059311810316402244,-9131.937953157078,,,3.0,
StandardHMM_robust_Returns+Range+pct_Range+fg+pct_RSI_227,StandardHMM,robust,Returns+Range+pct_Range+fg+pct_RSI,5,0.059311810316402244,-9131.937953157198,,,,
HierarchicalHMM_4factors_robust_Returns+Range+pct_Range+fg+pct_fg+pct_RSI_608,HierarchicalHMM,robust,Returns+Range+pct_Range+fg+pct_fg+pct_RSI,6,0.0592190481840102,-8548.361230024502,,,,4.0
RollingHMM_none_pct_Range+fg_18,RollingHMM,none,pct_Range+fg,2,0.05916844773528669,-1312.3592989595243,730.0,21.0,,
RollingHMM_none_Returns+pct_fg_10,RollingHMM,none,Returns+pct_fg,2,0.05911984941646824,-2192.065998184151,730.0,21.0,,
StandardHMM_robust_Range+fg+pct_fg+pct_RSI_217,StandardHMM,robust,Range+fg+pct_fg+pct_RSI,4,0.05836975169277878,-9582.086018431588,,,,
GMMHMM_robust_Range+fg+pct_fg+pct_RSI_217,GMMHMM,robust,Range+fg+pct_fg+pct_RSI,4,0.05836975169277878,-9582.086018431546,,,3.0,
HierarchicalHMM_5factors_robust_Returns+Range+pct_Range+fg+pct_fg+pct_RSI_609,HierarchicalHMM,robust,Returns+Range+pct_Range+fg+pct_fg+pct_RSI,6,0.058281452554783536,-10692.458057610605,,,,5.0
HierarchicalHMM_2factors_robust_Returns+pct_Range+fg+RSI+pct_RSI_565,HierarchicalHMM,robust,Returns+pct_Range+fg+RSI+pct_RSI,5,0.0580015712125851,-4309.605454849306,,,,2.0
GMMHMM_none_pct_Range+pct_fg+pct_RSI_57,GMMHMM,none,pct_Range+pct_fg+pct_RSI,3,0.05760506821041016,-8273.008012128783,,,3.0,
HierarchicalHMM_3factors_robust_Returns+fg+pct_fg+RSI+pct_RSI_574,HierarchicalHMM,robust,Returns+fg+pct_fg+RSI+pct_RSI,5,0.05748845542937978,-6551.816896402993,,,,3.0
GMMHMM_robust_Returns+Range+pct_Range+fg+pct_fg+pct_RSI_247,GMMHMM,robust,Returns+Range+pct_Range+fg+pct_fg+pct_RSI,6,0.05738689164626032,-12819.429441493592,,,3.0,
StandardHMM_robust_Returns+Range+pct_Range+fg+pct_fg+pct_RSI_247,StandardHMM,robust,Returns+Range+pct_Range+fg+pct_fg+pct_RSI,6,0.05738689164626032,-12819.429441495244,,,,
RollingHMM_none_Range+fg+pct_fg+RSI_89,RollingHMM,none,Range+fg+pct_fg+RSI,4,0.05616450138223008,-2893.606599097636,730.0,21.0,,
HierarchicalHMM_2factors_none_Returns+Range+pct_fg+RSI_113,HierarchicalHMM,none,Returns+Range+pct_fg+RSI,4,0.056142716274107336,-4584.054795474526,,,,2.0
StandardHMM_robust_Returns+pct_Range+pct_fg+RSI+pct_RSI_238,StandardHMM,robust,Returns+pct_Range+pct_fg+RSI+pct_RSI,5,0.05533491250079085,-11015.197411796345,,,,
GMMHMM_robust_Returns+pct_Range+pct_fg+RSI+pct_RSI_238,GMMHMM,robust,Returns+pct_Range+pct_fg+RSI+pct_RSI,5,0.05533491250079085,-11015.197411796107,,,3.0,
HierarchicalHMM_3factors_robust_Returns+fg+pct_fg+RSI_461,HierarchicalHMM,robust,Returns+fg+pct_fg+RSI,4,0.055158086493104545,-6479.219193836828,,,,3.0
HierarchicalHMM_2factors_robust_Returns+Range+fg+pct_fg+RSI+pct_RSI_621,HierarchicalHMM,robust,Returns+Range+fg+pct_fg+RSI+pct_RSI,6,0.05500805932734334,-4291.87323014863,,,,2.0
GMMHMM_none_Returns+Range+pct_fg+pct_RSI_71,GMMHMM,none,Returns+Range+pct_fg+pct_RSI,4,0.054737950480365095,-8857.769658829726,,,3.0,
RollingHMM_none_Range+fg+pct_fg+pct_RSI_90,RollingHMM,none,Range+fg+pct_fg+pct_RSI,4,0.05364319692332769,-3415.856692232702,730.0,21.0,,
RollingHMM_none_pct_Range+fg+pct_fg_53,RollingHMM,none,pct_Range+fg+pct_fg,3,0.053371218669955346,-2463.2321974719434,730.0,21.0,,
HierarchicalHMM_1factors_robust_Range+RSI+pct_RSI_389,HierarchicalHMM,robust,Range+RSI+pct_RSI,3,0.052818261281588876,-2218.08236202078,,,,1.0
RollingHMM_robust_Returns+pct_fg_137,RollingHMM,robust,Returns+pct_fg,2,0.0527873196282093,-2192.0659981841527,730.0,21.0,,
HierarchicalHMM_2factors_none_Returns+Range+pct_Range+fg+pct_RSI_205,HierarchicalHMM,none,Returns+Range+pct_Range+fg+pct_RSI,5,0.052241906816258184,-4408.538176588945,,,,2.0
RollingHMM_none_Range+pct_Range+fg+pct_RSI_85,RollingHMM,none,Range+pct_Range+fg+pct_RSI,4,0.05193806477067423,-3044.47944764124,730.0,21.0,,
HierarchicalHMM_1factors_robust_Range+pct_Range+RSI+pct_RSI_486,HierarchicalHMM,robust,Range+pct_Range+RSI+pct_RSI,4,0.05188567509760946,-2169.808636942178,,,,1.0
HierarchicalHMM_1factors_robust_Range+fg+pct_fg+RSI_489,HierarchicalHMM,robust,Range+fg+pct_fg+RSI,4,0.051582256328542846,-1949.3836846310287,,,,1.0
HierarchicalHMM_1factors_robust_Returns+fg+pct_fg+RSI_459,HierarchicalHMM,robust,Returns+fg+pct_fg+RSI,4,0.05118119897660186,-2077.5550794819414,,,,1.0
HierarchicalHMM_2factors_robust_pct_Range+fg+pct_fg+RSI_502,HierarchicalHMM,robust,pct_Range+fg+pct_fg+RSI,4,0.05073359393406462,-3679.809739622871,,,,2.0
RollingHMM_none_Returns+fg+pct_fg+RSI_79,RollingHMM,none,Returns+fg+pct_fg+RSI,4,0.05060760976949408,-2965.4994017021195,730.0,21.0,,
HierarchicalHMM_2factors_robust_Returns+Range+RSI+pct_RSI_439,HierarchicalHMM,robust,Returns+Range+RSI+pct_RSI,4,0.049297942224916916,-4071.301060425983,,,,2.0
HierarchicalHMM_2factors_none_pct_Range+pct_fg+pct_RSI_80,HierarchicalHMM,none,pct_Range+pct_fg+pct_RSI,3,0.04891870032654303,-4101.155688313973,,,,2.0
HierarchicalHMM_2factors_robust_Returns+Range+fg+RSI_427,HierarchicalHMM,robust,Returns+Range+fg+RSI,4,0.04850496442480693,-4219.548920966623,,,,2.0
GMMHMM_none_pct_Range+pct_fg_19,GMMHMM,none,pct_Range+pct_fg,2,0.04828228263703425,-5635.669707868209,,,3.0,
RollingHMM_none_Range+RSI+pct_RSI_52,RollingHMM,none,Range+RSI+pct_RSI,3,0.048014165861171354,-2326.033482957647,730.0,21.0,,
HierarchicalHMM_3factors_robust_Returns+Range+pct_Range+fg+pct_fg+RSI+pct_RSI_637,HierarchicalHMM,robust,Returns+Range+pct_Range+fg+pct_fg+RSI+pct_RSI,7,0.046469451058320066,-6933.339799714032,,,,3.0
HierarchicalHMM_2factors_none_Returns+Range+RSI_28,HierarchicalHMM,none,Returns+Range+RSI,3,0.045709581933002674,-4340.716568345544,,,,2.0
RollingHMM_robust_Returns+pct_Range_135,RollingHMM,robust,Returns+pct_Range,2,0.04369351584288918,-1773.2159617484538,730.0,21.0,,
StandardHMM_none_Returns+Range+pct_Range+fg+pct_fg+RSI+pct_RSI_126,StandardHMM,none,Returns+Range+pct_Range+fg+pct_fg+RSI+pct_RSI,7,0.043559327732882784,-4227.538928227422,,,,
HierarchicalHMM_3factors_robust_Returns+Range+fg+pct_fg+RSI_542,HierarchicalHMM,robust,Returns+Range+fg+pct_fg+RSI,5,0.04347121946129604,-6493.559715764873,,,,3.0
HierarchicalHMM_2factors_robust_fg+pct_fg+RSI+pct_RSI_514,HierarchicalHMM,robust,fg+pct_fg+RSI+pct_RSI,4,0.04286959443402641,-3678.922957261709,,,,2.0
HierarchicalHMM_2factors_none_pct_Range+pct_fg+RSI+pct_RSI_191,HierarchicalHMM,none,pct_Range+pct_fg+RSI+pct_RSI,4,0.04245026265826336,-4557.473668166548,,,,2.0
HierarchicalHMM_3factors_none_Returns+Range+pct_fg+pct_RSI_117,HierarchicalHMM,none,Returns+Range+pct_fg+pct_RSI,4,0.042369820629463775,-6071.714432829575,,,,3.0
HierarchicalHMM_2factors_robust_Returns+pct_Range+fg+pct_fg+RSI+pct_RSI_626,HierarchicalHMM,robust,Returns+pct_Range+fg+pct_fg+RSI+pct_RSI,6,0.041712111163842214,-4299.841422730812,,,,2.0
HierarchicalHMM_1factors_robust_Returns+fg+pct_RSI_363,HierarchicalHMM,robust,Returns+fg+pct_RSI,3,0.04094693527728794,-2619.2965338220797,,,,1.0
StandardHMM_none_Returns+Range+pct_Range+fg+pct_fg+pct_RSI_120,StandardHMM,none,Returns+Range+pct_Range+fg+pct_fg+pct_RSI,6,0.0407561795385108,3227.9602146467323,,,,
HierarchicalHMM_2factors_robust_Returns+pct_Range+pct_fg+RSI+pct_RSI_569,HierarchicalHMM,robust,Returns+pct_Range+pct_fg+RSI+pct_RSI,5,0.04061313673228128,-4691.038426231293,,,,2.0
HierarchicalHMM_2factors_none_Range+pct_Range+RSI_56,HierarchicalHMM,none,Range+pct_Range+RSI,3,0.04056868927810536,-4783.102950327988,,,,2.0
HierarchicalHMM_2factors_none_Returns+pct_Range+pct_fg+pct_RSI_134,HierarchicalHMM,none,Returns+pct_Range+pct_fg+pct_RSI,4,0.04039207820752916,-4611.077936504937,,,,2.0
HierarchicalHMM_1factors_robust_Returns+pct_Range+fg_351,HierarchicalHMM,robust,Returns+pct_Range+fg,3,0.040231516068045446,-2516.2299456926826,,,,1.0
GMMHMM_none_Returns+pct_Range+pct_fg_34,GMMHMM,none,Returns+pct_Range+pct_fg,3,0.0388389086650015,-8455.099453678838,,,3.0,
RollingHMM_none_RSI+pct_RSI_27,RollingHMM,none,RSI+pct_RSI,2,0.03880936722151683,-1393.6623950516207,730.0,21.0,,
HierarchicalHMM_3factors_robust_Returns+pct_Range+fg+pct_fg+pct_RSI_562,HierarchicalHMM,robust,Returns+pct_Range+fg+pct_fg+pct_RSI,5,0.03873377926321755,-6454.418129821794,,,,3.0
HierarchicalHMM_3factors_robust_Returns+fg+pct_fg+pct_RSI_464,HierarchicalHMM,robust,Returns+fg+pct_fg+pct_RSI,4,0.037713847070950705,-6692.190418907522,,,,3.0
HierarchicalHMM_2factors_robust_Returns+Range+pct_Range+fg+pct_fg+RSI+pct_RSI_636,HierarchicalHMM,robust,Returns+Range+pct_Range+fg+pct_fg+RSI+pct_RSI,7,0.03754618980724643,-4280.789102789792,,,,2.0
GMMHMM_robust_Returns+pct_fg+RSI_167,GMMHMM,robust,Returns+pct_fg+RSI,3,0.03734050706641923,-7398.84961566019,,,3.0,
StandardHMM_robust_Returns+pct_fg+RSI_167,StandardHMM,robust,Returns+pct_fg+RSI,3,0.03734050706641923,-7398.849615659988,,,,
HierarchicalHMM_2factors_none_Returns+pct_Range+fg+pct_RSI_128,HierarchicalHMM,none,Returns+pct_Range+fg+pct_RSI,4,0.03689086724909065,-4173.604188025347,,,,2.0
StandardHMM_none_Returns+Range+fg+RSI+pct_RSI_106,StandardHMM,none,Returns+Range+fg+RSI+pct_RSI,5,0.036809517440678195,-2746.932620170874,,,,
HierarchicalHMM_2factors_none_Range+pct_Range+fg+pct_fg_152,HierarchicalHMM,none,Range+pct_Range+fg+pct_fg,4,0.036649036415920835,-4334.771398488728,,,,2.0
HierarchicalHMM_1factors_robust_pct_Range+fg+pct_fg+RSI_501,HierarchicalHMM,robust,pct_Range+fg+pct_fg+RSI,4,0.03656933637748755,-1870.5669550914138,,,,1.0
HierarchicalHMM_2factors_none_Range+pct_Range+fg+pct_fg+pct_RSI_261,HierarchicalHMM,none,Range+pct_Range+fg+pct_fg+pct_RSI,5,0.03605764273169805,-4334.571383540055,,,,2.0
HierarchicalHMM_1factors_robust_Returns+Range+fg+pct_fg+RSI_540,HierarchicalHMM,robust,Returns+Range+fg+pct_fg+RSI,5,0.03528949402922694,-2078.589567335119,,,,1.0
HierarchicalHMM_2factors_none_Range+pct_Range+pct_fg+RSI_161,HierarchicalHMM,none,Range+pct_Range+pct_fg+RSI,4,0.03524146368377363,-4197.007963055865,,,,2.0
RollingHMM_none_Returns+fg+RSI_38,RollingHMM,none,Returns+fg+RSI,3,0.03476462109292857,-1775.9653925848343,730.0,21.0,,
HierarchicalHMM_3factors_none_Range+fg+pct_fg+pct_RSI_174,HierarchicalHMM,none,Range+fg+pct_fg+pct_RSI,4,0.03472637402694106,-6713.8276144861375,,,,3.0
HierarchicalHMM_3factors_robust_Returns+pct_Range+pct_fg+RSI+pct_RSI_570,HierarchicalHMM,robust,Returns+pct_Range+pct_fg+RSI+pct_RSI,5,0.03460193161141902,-6482.825605090273,,,,3.0
HierarchicalHMM_1factors_none_Range+pct_Range+pct_fg+pct_RSI_163,HierarchicalHMM,none,Range+pct_Range+pct_fg+pct_RSI,4,0.03440234015957864,-1955.143253155554,,,,1.0
HierarchicalHMM_1factors_none_Range+pct_Range+pct_fg_53,HierarchicalHMM,none,Range+pct_Range+pct_fg,3,0.034193584526418526,-1955.038669965104,,,,1.0
RollingHMM_none_Range+pct_Range+RSI_45,RollingHMM,none,Range+pct_Range+RSI,3,0.03411090709505018,-2249.8488064882417,730.0,21.0,,
HierarchicalHMM_1factors_none_pct_Range+pct_fg+pct_RSI_79,HierarchicalHMM,none,pct_Range+pct_fg+pct_RSI,3,0.03378215782505223,-1954.4681591102822,,,,1.0
HierarchicalHMM_1factors_none_pct_Range+pct_fg_12,HierarchicalHMM,none,pct_Range+pct_fg,2,0.033580256550518967,-1954.3663362017076,,,,1.0
HierarchicalHMM_1factors_none_Returns+pct_Range+pct_fg_33,HierarchicalHMM,none,Returns+pct_Range+pct_fg,3,0.03352538402452162,-1955.830934782898,,,,1.0
RollingHMM_none_fg+RSI+pct_RSI_61,RollingHMM,none,fg+RSI+pct_RSI,3,0.03332812418622843,-1688.6372767472863,730.0,21.0,,
HierarchicalHMM_1factors_none_Returns+Range+pct_Range+pct_fg_94,HierarchicalHMM,none,Returns+Range+pct_Range+pct_fg,4,0.03281003517487024,-1957.622229822313,,,,1.0
HierarchicalHMM_2factors_robust_Returns+Range+fg+pct_RSI_430,HierarchicalHMM,robust,Returns+Range+fg+pct_RSI,4,0.032289373562733904,-3959.5277166729284,,,,2.0
RollingHMM_robust_Returns+Range+fg+pct_RSI_196,RollingHMM,robust,Returns+Range+fg+pct_RSI,4,0.031877095165013844,-2507.224270884636,730.0,21.0,,
HierarchicalHMM_1factors_none_Returns+pct_Range+pct_fg+pct_RSI_133,HierarchicalHMM,none,Returns+pct_Range+pct_fg+pct_RSI,4,0.03140471365746112,-1967.101497253097,,,,1.0
HierarchicalHMM_2factors_none_fg+pct_fg+pct_RSI_86,HierarchicalHMM,none,fg+pct_fg+pct_RSI,3,0.03119607572672681,-4554.175224550591,,,,2.0
HierarchicalHMM_1factors_robust_Returns+pct_Range+fg+pct_fg+RSI_556,HierarchicalHMM,robust,Returns+pct_Range+fg+pct_fg+RSI,5,0.030647601224032057,-2077.5521364560313,,,,1.0
HierarchicalHMM_1factors_none_Returns+Range+pct_Range+fg+RSI_200,HierarchicalHMM,none,Returns+Range+pct_Range+fg+RSI,5,0.029997827440423716,-2109.8541653525635,,,,1.0
HierarchicalHMM_1factors_robust_Range+pct_Range+fg+pct_fg+RSI_576,HierarchicalHMM,robust,Range+pct_Range+fg+pct_fg+RSI,5,0.02996012262644006,-1957.0046558534673,,,,1.0
GMMHMM_none_Returns+Range+pct_Range+fg_63,GMMHMM,none,Returns+Range+pct_Range+fg,4,0.029603398112429347,-9308.149046781007,,,3.0,
RollingHMM_none_Returns+pct_Range+RSI_35,RollingHMM,none,Returns+pct_Range+RSI,3,0.029391507226492995,-2442.7244275311923,730.0,21.0,,
RollingHMM_robust_Returns+RSI_138,RollingHMM,robust,Returns+RSI,2,0.02899437376280078,-1516.2084423954443,730.0,21.0,,
RollingHMM_none_fg+pct_fg+RSI+pct_RSI_97,RollingHMM,none,fg+pct_fg+RSI+pct_RSI,4,0.02888009477783149,-2871.5685583453237,730.0,21.0,,
RollingHMM_none_Range+pct_Range+fg+pct_fg_83,RollingHMM,none,Range+pct_Range+fg+pct_fg,4,0.0287439334345015,-3288.32551448302,730.0,21.0,,
HierarchicalHMM_3factors_robust_Returns+Range+fg+pct_fg+RSI+pct_RSI_622,HierarchicalHMM,robust,Returns+Range+fg+pct_fg+RSI+pct_RSI,6,0.028472720036483812,-6509.719578249164,,,,3.0
GMMHMM_none_Returns+Range+fg+RSI+pct_RSI_106,GMMHMM,none,Returns+Range+fg+RSI+pct_RSI,5,0.028064298087591616,-8594.540143970893,,,3.0,
HierarchicalHMM_3factors_robust_Returns+pct_Range+fg+pct_fg+RSI_558,HierarchicalHMM,robust,Returns+pct_Range+fg+pct_fg+RSI,5,0.027592488657566045,-6454.785674136184,,,,3.0
HierarchicalHMM_2factors_robust_Range+pct_Range+fg+pct_fg+RSI+pct_RSI_631,HierarchicalHMM,robust,Range+pct_Range+fg+pct_fg+RSI+pct_RSI,6,0.026564195733419817,-3896.743363228079,,,,2.0
HierarchicalHMM_2factors_robust_Returns+pct_Range+RSI+pct_RSI_457,HierarchicalHMM,robust,Returns+pct_Range+RSI+pct_RSI,4,0.02618151759497406,-4197.796583703321,,,,2.0
HierarchicalHMM_1factors_robust_Returns+fg_322,HierarchicalHMM,robust,Returns+fg,2,0.026091545565292265,-2582.5516108720753,,,,1.0
HierarchicalHMM_1factors_robust_Returns+pct_Range+fg+pct_RSI_447,HierarchicalHMM,robust,Returns+pct_Range+fg+pct_RSI,4,0.025851386274284082,-2634.6898485043216,,,,1.0
HierarchicalHMM_1factors_none_Range+pct_Range+fg+pct_RSI_157,HierarchicalHMM,none,Range+pct_Range+fg+pct_RSI,4,0.02573236036977458,-2121.6591788668193,,,,1.0
HierarchicalHMM_1factors_none_Range+pct_Range+fg_51,HierarchicalHMM,none,Range+pct_Range+fg,3,0.025597663637994136,-2121.872056376899,,,,1.0
HierarchicalHMM_2factors_none_Returns+pct_Range+pct_fg_34,HierarchicalHMM,none,Returns+pct_Range+pct_fg,3,0.025355927746640673,-4134.969168715017,,,,2.0
RollingHMM_none_Returns+Range_7,RollingHMM,none,Returns+Range,2,0.025177727414145458,-1655.101145203288,730.0,21.0,,
HierarchicalHMM_3factors_robust_Returns+pct_Range+fg+pct_fg+RSI+pct_RSI_627,HierarchicalHMM,robust,Returns+pct_Range+fg+pct_fg+RSI+pct_RSI,6,0.025122586509910918,-6527.315641247654,,,,3.0
RollingHMM_none_Returns+pct_Range+fg_33,RollingHMM,none,Returns+pct_Range+fg,3,0.024772086732402117,-2387.5785650329144,730.0,21.0,,
HierarchicalHMM_3factors_none_Returns+Range+pct_fg+RSI+pct_RSI_234,HierarchicalHMM,none,Returns+Range+pct_fg+RSI+pct_RSI,5,0.02452645863627912,-6370.024948240948,,,,3.0
HierarchicalHMM_2factors_none_pct_fg+RSI+pct_RSI_90,HierarchicalHMM,none,pct_fg+RSI+pct_RSI,3,0.024514416770949968,-4640.217361285099,,,,2.0
HierarchicalHMM_2factors_none_Returns+Range+pct_Range+pct_fg+RSI_209,HierarchicalHMM,none,Returns+Range+pct_Range+pct_fg+RSI,5,0.024102843685949667,-4282.478779481024,,,,2.0
GMMHMM_none_Returns+pct_RSI_12,GMMHMM,none,Returns+pct_RSI,2,0.02302532703447246,-3390.041662354353,,,3.0,
HierarchicalHMM_2factors_none_Returns+Range+pct_Range+fg_92,HierarchicalHMM,none,Returns+Range+pct_Range+fg,4,0.02293916275769443,-4314.471480716699,,,,2.0
RollingHMM_none_Range+pct_fg+RSI+pct_RSI_92,RollingHMM,none,Range+pct_fg+RSI+pct_RSI,4,0.022878752221207,-3532.722994791855,730.0,21.0,,
RollingHMM_robust_Returns+Range_134,RollingHMM,robust,Returns+Range,2,0.022847502266797604,-1655.10114520329,730.0,21.0,,
RollingHMM_none_fg+RSI_23,RollingHMM,none,fg+RSI,2,0.022309433780285316,-844.7673069438652,730.0,21.0,,
HierarchicalHMM_2factors_none_Returns+Range+pct_Range+fg+RSI+pct_RSI_291,HierarchicalHMM,none,Returns+Range+pct_Range+fg+RSI+pct_RSI,6,0.021747646227937168,-4220.326882153033,,,,2.0
GMMHMM_none_Returns+Range+pct_Range+fg+pct_RSI_100,GMMHMM,none,Returns+Range+pct_Range+fg+pct_RSI,5,0.02118448896410335,-9131.937953157198,,,3.0,
HierarchicalHMM_1factors_robust_Returns+pct_RSI_325,HierarchicalHMM,robust,Returns+pct_RSI,2,0.021163716201258533,-2680.860151102068,,,,1.0
HierarchicalHMM_1factors_none_Returns+Range+pct_Range+fg_91,HierarchicalHMM,none,Returns+Range+pct_Range+fg,4,0.02096064056912904,-2087.689793886594,,,,1.0
GMMHMM_none_Range+pct_fg_15,GMMHMM,none,Range+pct_fg,2,0.02093285941056183,-5330.072859314907,,,3.0,
HierarchicalHMM_1factors_robust_Returns+Range+pct_Range+fg+pct_fg+RSI_600,HierarchicalHMM,robust,Returns+Range+pct_Range+fg+pct_fg+RSI,6,0.01999965982564594,-2078.5629728826493,,,,1.0
StandardHMM_none_Range+pct_Range+pct_fg+pct_RSI_87,StandardHMM,none,Range+pct_Range+pct_fg+pct_RSI,4,0.01896272582532891,5519.879813460204,,,,
RollingHMM_none_Returns+Range+fg+pct_fg+RSI_104,RollingHMM,none,Returns+Range+fg+pct_fg+RSI,5,0.018283228976944104,-3917.201005802397,730.0,21.0,,
HierarchicalHMM_3factors_none_Range+pct_Range+RSI+pct_RSI_168,HierarchicalHMM,none,Range+pct_Range+RSI+pct_RSI,4,0.017982419597666995,-6952.79516364106,,,,3.0
HierarchicalHMM_3factors_none_Returns+Range+pct_Range+fg+RSI_202,HierarchicalHMM,none,Returns+Range+pct_Range+fg+RSI,5,0.01783236846292871,-7666.013903899485,,,,3.0
HierarchicalHMM_2factors_robust_Returns+pct_Range+fg+pct_RSI_448,HierarchicalHMM,robust,Returns+pct_Range+fg+pct_RSI,4,0.016183327551372872,-4173.604188025347,,,,2.0
RollingHMM_none_Range+fg+pct_fg+RSI+pct_RSI_117,RollingHMM,none,Range+fg+pct_fg+RSI+pct_RSI,5,0.01590015318575731,-3838.980461876349,730.0,21.0,,
GMMHMM_none_Returns+Range+pct_Range+fg+RSI+pct_RSI_121,GMMHMM,none,Returns+Range+pct_Range+fg+RSI+pct_RSI,6,0.015860709352264028,-10860.810455072995,,,3.0,
HierarchicalHMM_2factors_none_pct_Range+RSI+pct_RSI_82,HierarchicalHMM,none,pct_Range+RSI+pct_RSI,3,0.015420136403908626,-4545.700016019884,,,,2.0
RollingHMM_robust_Range+fg+RSI_175,RollingHMM,robust,Range+fg+RSI,3,0.015369182149654643,-1645.466324276795,730.0,21.0,,
HierarchicalHMM_3factors_none_Returns+Range+pct_Range+fg+pct_fg_198,HierarchicalHMM,none,Returns+Range+pct_Range+fg+pct_fg,5,0.015234736929974409,-6631.787969353988,,,,3.0
HierarchicalHMM_1factors_none_Returns+Range+pct_Range+pct_fg+RSI_208,HierarchicalHMM,none,Returns+Range+pct_Range+pct_fg+RSI,5,0.015168653130500287,-2101.38081951156,,,,1.0
RollingHMM_robust_Range+pct_Range+pct_fg+pct_RSI_214,RollingHMM,robust,Range+pct_Range+pct_fg+pct_RSI,4,0.015108806626071192,-3663.306394265176,730.0,21.0,,
RollingHMM_robust_Returns+pct_Range+RSI_162,RollingHMM,robust,Returns+pct_Range+RSI,3,0.015102622074188604,-2442.7244275311923,730.0,21.0,,
HierarchicalHMM_3factors_none_pct_Range+pct_fg+RSI+pct_RSI_192,HierarchicalHMM,none,pct_Range+pct_fg+RSI+pct_RSI,4,0.015041645634707248,-6613.6238195704145,,,,3.0
RollingHMM_none_fg+pct_fg+RSI_59,RollingHMM,none,fg+pct_fg+RSI,3,0.014713232718160187,-1878.5743588146456,730.0,21.0,,
HierarchicalHMM_2factors_none_pct_Range+pct_fg+RSI_78,HierarchicalHMM,none,pct_Range+pct_fg+RSI,3,0.014637931973656145,-4126.734934728302,,,,2.0
HierarchicalHMM_2factors_none_Returns+Range+fg+pct_fg_104,HierarchicalHMM,none,Returns+Range+fg+pct_fg,4,0.01449021093697805,-4501.188205562262,,,,2.0
GMMHMM_none_Range+pct_Range+pct_fg+pct_RSI_87,GMMHMM,none,Range+pct_Range+pct_fg+pct_RSI,4,0.01407084314043229,-10319.707593558564,,,3.0,
RollingHMM_robust_fg+RSI_150,RollingHMM,robust,fg+RSI,2,0.013993053428800957,-844.7673069438645,730.0,21.0,,
HierarchicalHMM_3factors_none_Returns+Range+pct_Range+pct_fg+RSI_210,HierarchicalHMM,none,Returns+Range+pct_Range+pct_fg+RSI,5,0.013691075137762814,-6871.006824834104,,,,3.0
HierarchicalHMM_1factors_none_Returns+pct_RSI_5,HierarchicalHMM,none,Returns+pct_RSI,2,0.013453101358355524,-2680.8601511020515,,,,1.0
RollingHMM_none_fg+pct_fg+pct_RSI_60,RollingHMM,none,fg+pct_fg+pct_RSI,3,0.01285811942687288,-2448.250799114702,730.0,21.0,,
HierarchicalHMM_3factors_none_Returns+Range+pct_Range+RSI_99,HierarchicalHMM,none,Returns+Range+pct_Range+RSI,4,0.012509828045901276,-6781.132062570225,,,,3.0
HierarchicalHMM_1factors_none_Returns+Range+pct_Range+RSI_97,HierarchicalHMM,none,Returns+Range+pct_Range+RSI,4,0.012460916595226523,-2093.5076167409884,,,,1.0
GMMHMM_none_Range+pct_Range+pct_fg_44,GMMHMM,none,Range+pct_Range+pct_fg,3,0.011985194911387106,-7698.499518053568,,,3.0,
HierarchicalHMM_3factors_robust_Returns+Range+pct_fg+RSI+pct_RSI_554,HierarchicalHMM,robust,Returns+Range+pct_fg+RSI+pct_RSI,5,0.011396957368314553,-6370.024948240948,,,,3.0
HierarchicalHMM_3factors_robust_pct_Range+fg+pct_fg+RSI+pct_RSI_598,HierarchicalHMM,robust,pct_Range+fg+pct_fg+RSI+pct_RSI,5,0.010950146025269471,-6504.193356923166,,,,3.0
HierarchicalHMM_2factors_none_Returns+Range+fg+pct_RSI_110,HierarchicalHMM,none,Returns+Range+fg+pct_RSI,4,0.010925508260861059,-3959.5277166729284,,,,2.0
RollingHMM_robust_Range+RSI_143,RollingHMM,robust,Range+RSI,2,0.010648775800871788,-1386.3173158156196,730.0,21.0,,
HierarchicalHMM_3factors_none_Returns+Range+pct_Range+RSI+pct_RSI_218,HierarchicalHMM,none,Returns+Range+pct_Range+RSI+pct_RSI,5,0.010218269159788547,-6661.63330516229,,,,3.0
RollingHMM_none_Returns+Range+fg+pct_fg_67,RollingHMM,none,Returns+Range+fg+pct_fg,4,0.009782769875839903,-3484.2342983907083,730.0,21.0,,
RollingHMM_robust_pct_Range+RSI_147,RollingHMM,robust,pct_Range+RSI,2,0.009661229186260995,-1501.5339514688053,730.0,21.0,,
StandardHMM_none_Returns+Range+pct_Range+pct_fg+RSI+pct_RSI_122,StandardHMM,none,Returns+Range+pct_Range+pct_fg+RSI+pct_RSI,6,0.009643481136892592,3728.2410455471677,,,,
StandardHMM_none_Range+pct_Range+pct_RSI_46,StandardHMM,none,Range+pct_Range+pct_RSI,3,0.00934896475430184,4872.8441237674615,,,,
HierarchicalHMM_4factors_none_Returns+Range+pct_Range+pct_fg+RSI+pct_RSI_298,HierarchicalHMM,none,Returns+Range+pct_Range+pct_fg+RSI+pct_RSI,6,0.00917969185979413,-9121.261796257291,,,,4.0
RollingHMM_none_Range+fg+RSI_48,RollingHMM,none,Range+fg+RSI,3,0.008893792515544851,-1645.4663242767926,730.0,21.0,,
HierarchicalHMM_1factors_robust_Range+fg+pct_fg+RSI+pct_RSI_592,HierarchicalHMM,robust,Range+fg+pct_fg+RSI+pct_RSI,5,0.008608833107123237,-2044.742599531374,,,,1.0
RollingHMM_none_Range+pct_Range+fg+RSI_84,RollingHMM,none,Range+pct_Range+fg+RSI,4,0.008503273091178187,-2628.4830930108947,730.0,21.0,,
RollingHMM_robust_pct_Range+fg+pct_fg_180,RollingHMM,robust,pct_Range+fg+pct_fg,3,0.008291091552418297,-2463.2321974719457,730.0,21.0,,
HierarchicalHMM_3factors_none_Returns+Range+pct_Range+fg+pct_fg+pct_RSI_287,HierarchicalHMM,none,Returns+Range+pct_Range+fg+pct_fg+pct_RSI,6,0.008187501568203671,-6645.521432762291,,,,3.0
RollingHMM_none_Range+RSI_16,RollingHMM,none,Range+RSI,2,0.00766688940910877,-1386.3173158156187,730.0,21.0,,
RollingHMM_robust_Returns+Range+pct_Range+fg+pct_RSI_227,RollingHMM,robust,Returns+Range+pct_Range+fg+pct_RSI,5,0.006727759251240048,-3290.90362333706,730.0,21.0,,
HierarchicalHMM_2factors_none_Returns+fg+pct_fg+pct_RSI_143,HierarchicalHMM,none,Returns+fg+pct_fg+pct_RSI,4,0.006282195356963783,-4607.2076777863795,,,,2.0
RollingHMM_none_pct_Range+fg+pct_fg+RSI+pct_RSI_118,RollingHMM,none,pct_Range+fg+pct_fg+RSI+pct_RSI,5,0.006142978998780044,-3956.2005953629273,730.0,21.0,,
RollingHMM_robust_Range+pct_Range+RSI_172,RollingHMM,robust,Range+pct_Range+RSI,3,0.0061407380437362175,-2249.848806488242,730.0,21.0,,
RollingHMM_robust_Range+RSI+pct_RSI_179,RollingHMM,robust,Range+RSI+pct_RSI,3,0.006048541816909608,-2326.033482957647,730.0,21.0,,
HierarchicalHMM_2factors_none_Returns+pct_Range+RSI_36,HierarchicalHMM,none,Returns+pct_Range+RSI,3,0.005721155513658281,-4473.865483213789,,,,2.0
HierarchicalHMM_5factors_none_Returns+Range+pct_Range+fg+RSI+pct_RSI_294,HierarchicalHMM,none,Returns+Range+pct_Range+fg+RSI+pct_RSI,6,0.005565295392918129,-11712.953881565818,,,,5.0
RollingHMM_none_Returns+Range+pct_Range+RSI_65,RollingHMM,none,Returns+Range+pct_Range+RSI,4,0.0054389922518747694,-3162.593380305344,730.0,21.0,,
RollingHMM_none_Returns+fg_9,RollingHMM,none,Returns+fg,2,0.005266806164262255,-1309.5316074011757,730.0,21.0,,
GMMHMM_none_Range+fg+RSI+pct_RSI_91,GMMHMM,none,Range+fg+RSI+pct_RSI,4,0.004942086887391024,-8147.779321569582,,,3.0,
RollingHMM_none_Returns+pct_Range+fg+pct_fg+RSI+pct_RSI_124,RollingHMM,none,Returns+pct_Range+fg+pct_fg+RSI+pct_RSI,6,0.004845405438262268,-4228.912409228003,730.0,21.0,,
HierarchicalHMM_2factors_none_Range+pct_Range+pct_fg+RSI+pct_RSI_269,HierarchicalHMM,none,Range+pct_Range+pct_fg+RSI+pct_RSI,5,0.00459685851654362,-4300.916774866899,,,,2.0
RollingHMM_robust_Range+pct_Range+fg+pct_fg_210,RollingHMM,robust,Range+pct_Range+fg+pct_fg,4,0.004561590270545456,-3288.325514483021,730.0,21.0,,
HierarchicalHMM_2factors_none_Returns+fg+pct_fg_40,HierarchicalHMM,none,Returns+fg+pct_fg,3,0.004403922856639887,-4576.974727558414,,,,2.0
RollingHMM_robust_Returns+fg+pct_fg+pct_RSI_207,RollingHMM,robust,Returns+fg+pct_fg+pct_RSI,4,0.004372942150495227,-2913.7449433660904,730.0,21.0,,
RollingHMM_robust_Returns+Range+pct_Range_155,RollingHMM,robust,Returns+Range+pct_Range,3,0.004214490022260986,-2452.793548435754,730.0,21.0,,
GMMHMM_none_Range+pct_Range+RSI+pct_RSI_88,GMMHMM,none,Range+pct_Range+RSI+pct_RSI,4,0.004125697601824359,-9335.823639698101,,,3.0,
HierarchicalHMM_3factors_robust_Returns+Range+fg+pct_fg+pct_RSI_546,HierarchicalHMM,robust,Returns+Range+fg+pct_fg+pct_RSI,5,0.00408570660904275,-6280.348089809984,,,,3.0
RollingHMM_none_Returns+fg+pct_fg+pct_RSI_80,RollingHMM,none,Returns+fg+pct_fg+pct_RSI,4,0.003899130594011956,-2913.74494336609,730.0,21.0,,
HierarchicalHMM_1factors_none_Returns+pct_Range+pct_fg+RSI_130,HierarchicalHMM,none,Returns+pct_Range+pct_fg+RSI,4,0.003883147673747466,-1930.6375632824784,,,,1.0
RollingHMM_robust_fg+RSI+pct_RSI_188,RollingHMM,robust,fg+RSI+pct_RSI,3,0.003830794706765193,-1688.6372767472856,730.0,21.0,,
RollingHMM_robust_Returns+Range+pct_Range+pct_RSI_193,RollingHMM,robust,Returns+Range+pct_Range+pct_RSI,4,0.0030218087735715358,-2605.2419593462987,730.0,21.0,,
RollingHMM_robust_Returns+pct_Range+pct_fg+RSI+pct_RSI_238,RollingHMM,robust,Returns+pct_Range+pct_fg+RSI+pct_RSI,5,0.0027892394732139504,-3910.216427560521,730.0,21.0,,
GMMHMM_none_Returns+Range+fg+pct_RSI_69,GMMHMM,none,Returns+Range+fg+pct_RSI,4,0.002785346945651865,-7308.26024624444,,,3.0,
RollingHMM_none_Range+pct_Range+fg+pct_fg+RSI+pct_RSI_125,RollingHMM,none,Range+pct_Range+fg+pct_fg+RSI+pct_RSI,6,0.0024044617130083317,-4685.318252441093,730.0,21.0,,
HierarchicalHMM_1factors_robust_pct_Range+fg+pct_fg+RSI+pct_RSI_596,HierarchicalHMM,robust,pct_Range+fg+pct_fg+RSI+pct_RSI,5,0.0022250924100570405,-1870.8085370005972,,,,1.0
RollingHMM_none_Returns+Range+pct_Range+fg+pct_fg+RSI_119,RollingHMM,none,Returns+Range+pct_Range+fg+pct_fg+RSI,6,0.0021093592094509647,-4731.220433522725,730.0,21.0,,
RollingHMM_robust_Returns+Range+pct_Range+RSI_192,RollingHMM,robust,Returns+Range+pct_Range+RSI,4,0.0019432240480906032,-3162.5933803053445,730.0,21.0,,
GMMHMM_none_Range+pct_Range+fg+RSI+pct_RSI_115,GMMHMM,none,Range+pct_Range+fg+RSI+pct_RSI,5,0.0018110651914660626,-10669.198250884927,,,3.0,
GMMHMM_none_Range+pct_Range_13,GMMHMM,none,Range+pct_Range,2,0.0013677970608422592,-4328.348177795309,,,3.0,
HierarchicalHMM_2factors_none_Range+pct_Range+pct_fg+pct_RSI_164,HierarchicalHMM,none,Range+pct_Range+pct_fg+pct_RSI,4,0.0008545481338307608,-4249.692316993977,,,,2.0
RollingHMM_none_pct_Range+RSI+pct_RSI_58,RollingHMM,none,pct_Range+RSI+pct_RSI,3,0.0008359130686850607,-2382.6800247634637,730.0,21.0,,
RollingHMM_robust_Range+pct_Range+fg+pct_RSI_212,RollingHMM,robust,Range+pct_Range+fg+pct_RSI,4,0.0006908391627312337,-3044.4794476412403,730.0,21.0,,
RollingHMM_robust_Range+pct_Range+fg_170,RollingHMM,robust,Range+pct_Range+fg,3,0.0005351726478955021,-2150.8672371646553,730.0,21.0,,
GMMHMM_none_Range+fg+pct_RSI_49,GMMHMM,none,Range+fg+pct_RSI,3,0.0005142104274615841,-6741.804634685171,,,3.0,
RollingHMM_robust_Returns+Range+fg+pct_fg+RSI+pct_RSI_250,RollingHMM,robust,Returns+Range+fg+pct_fg+RSI+pct_RSI,6,-0.000298560408185766,-4143.244408346227,730.0,21.0,,
RollingHMM_robust_fg+pct_fg_149,RollingHMM,robust,fg+pct_fg,2,-0.0007656047146401262,-1364.728871636534,730.0,21.0,,
HierarchicalHMM_2factors_none_Returns+pct_fg+RSI+pct_RSI_149,HierarchicalHMM,none,Returns+pct_fg+RSI+pct_RSI,4,-0.0008326688799985543,-4597.008063695205,,,,2.0
RollingHMM_robust_Range+fg+RSI+pct_RSI_218,RollingHMM,robust,Range+fg+RSI+pct_RSI,4,-0.001006076965812135,-2621.795470223868,730.0,21.0,,
RollingHMM_none_pct_Range+fg+RSI+pct_RSI_95,RollingHMM,none,pct_Range+fg+RSI+pct_RSI,4,-0.0010547496161103676,-2721.466830641923,730.0,21.0,,
RollingHMM_none_Range+pct_fg+RSI_50,RollingHMM,none,Range+pct_fg+RSI,3,-0.0011111562583075783,-2581.9385349261074,730.0,21.0,,
RollingHMM_robust_Returns+Range+pct_fg+RSI+pct_RSI_234,RollingHMM,robust,Returns+Range+pct_fg+RSI+pct_RSI,5,-0.0011564014993061418,-3743.1604421582915,730.0,21.0,,
RollingHMM_robust_Returns+Range+pct_fg_157,RollingHMM,robust,Returns+Range+pct_fg,3,-0.001173350674612543,-2964.842985930843,730.0,21.0,,
HierarchicalHMM_4factors_none_Returns+Range+pct_Range+RSI+pct_RSI_219,HierarchicalHMM,none,Returns+Range+pct_Range+RSI+pct_RSI,5,-0.0012088924315254229,-9068.194900630071,,,,4.0
RollingHMM_none_Returns+Range+pct_Range+fg_63,RollingHMM,none,Returns+Range+pct_Range+fg,4,-0.001228509119477083,-3185.3299438794256,730.0,21.0,,
HierarchicalHMM_1factors_none_pct_Range+RSI_13,HierarchicalHMM,none,pct_Range+RSI,2,-0.0013951518092542587,-1816.2296231616974,,,,1.0
HierarchicalHMM_3factors_none_Returns+pct_Range+fg+RSI_126,HierarchicalHMM,none,Returns+pct_Range+fg+RSI,4,-0.0018061606168107138,-7293.025777736992,,,,3.0
HierarchicalHMM_1factors_robust_Range+pct_Range+fg+pct_fg+RSI+pct_RSI_630,HierarchicalHMM,robust,Range+pct_Range+fg+pct_fg+RSI+pct_RSI,6,-0.001946891999840491,-2046.278851468188,,,,1.0
RollingHMM_robust_pct_fg+RSI+pct_RSI_189,RollingHMM,robust,pct_fg+RSI+pct_RSI,3,-0.00227961744104932,-2682.460666664887,730.0,21.0,,
RollingHMM_robust_Returns+Range+pct_Range+fg_190,RollingHMM,robust,Returns+Range+pct_Range+fg,4,-0.0023899428729519815,-3185.3299438794265,730.0,21.0,,
GMMHMM_none_Range+pct_fg+pct_RSI_51,GMMHMM,none,Range+pct_fg+pct_RSI,3,-0.002561224751173701,-8028.984750648722,,,3.0,
HierarchicalHMM_1factors_robust_Range+fg+pct_RSI_383,HierarchicalHMM,robust,Range+fg+pct_RSI,3,-0.002642955741701347,-2658.8202251552584,,,,1.0
RollingHMM_robust_Returns+pct_fg+RSI+pct_RSI_209,RollingHMM,robust,Returns+pct_fg+RSI+pct_RSI,4,-0.0029012489140514434,-3025.2103044610258,730.0,21.0,,
HierarchicalHMM_2factors_none_pct_Range+fg+RSI_74,HierarchicalHMM,none,pct_Range+fg+RSI,3,-0.002960070126055679,-4726.344190824674,,,,2.0
HierarchicalHMM_2factors_none_pct_Range+fg+pct_fg+pct_RSI_185,HierarchicalHMM,none,pct_Range+fg+pct_fg+pct_RSI,4,-0.0032764296595661734,-4118.964651031213,,,,2.0
HierarchicalHMM_3factors_none_Returns+pct_Range+fg+pct_fg_123,HierarchicalHMM,none,Returns+pct_Range+fg+pct_fg,4,-0.003520626822423902,-6581.128150073534,,,,3.0
RollingHMM_robust_Returns+Range+fg+RSI_195,RollingHMM,robust,Returns+Range+fg+RSI,4,-0.0035475846261488176,-2684.7454948113764,730.0,21.0,,
HierarchicalHMM_2factors_none_Returns+Range+pct_Range+pct_fg+pct_RSI_213,HierarchicalHMM,none,Returns+Range+pct_Range+pct_fg+pct_RSI,5,-0.0036751732559716322,-4571.327168298717,,,,2.0
RollingHMM_none_Returns+pct_Range+fg+pct_fg_73,RollingHMM,none,Returns+pct_Range+fg+pct_fg,4,-0.0038184746689570084,-3610.429767160598,730.0,21.0,,
RollingHMM_none_pct_Range+fg+RSI_54,RollingHMM,none,pct_Range+fg+RSI,3,-0.003960236002819253,-1856.2168418508188,730.0,21.0,,
HierarchicalHMM_2factors_none_pct_Range+fg+pct_fg_72,HierarchicalHMM,none,pct_Range+fg+pct_fg,3,-0.004167585423137204,-4118.989321458369,,,,2.0
HierarchicalHMM_3factors_none_Returns+Range+RSI+pct_RSI_120,HierarchicalHMM,none,Returns+Range+RSI+pct_RSI,4,-0.004453699199223838,-6726.078819477232,,,,3.0
RollingHMM_none_Returns+Range+fg+RSI_68,RollingHMM,none,Returns+Range+fg+RSI,4,-0.004745947756379499,-2684.7454948113755,730.0,21.0,,
RollingHMM_none_fg+pct_RSI_24,RollingHMM,none,fg+pct_RSI,2,-0.005110037656146606,-1272.5312222983603,730.0,21.0,,
RollingHMM_none_Returns+pct_Range+fg+pct_fg+RSI_108,RollingHMM,none,Returns+pct_Range+fg+pct_fg+RSI,5,-0.005362042612901643,-4040.947431575322,730.0,21.0,,
RollingHMM_robust_Returns+pct_Range+fg_160,RollingHMM,robust,Returns+pct_Range+fg,3,-0.005436917593263795,-2387.5785650329126,730.0,21.0,,
HierarchicalHMM_2factors_none_Returns+Range+pct_Range+fg+pct_fg_197,HierarchicalHMM,none,Returns+Range+pct_Range+fg+pct_fg,5,-0.005487725868800199,-4284.388454400969,,,,2.0
GMMHMM_none_Returns+pct_Range+fg+RSI_74,GMMHMM,none,Returns+pct_Range+fg+RSI,4,-0.005554918923255129,-8468.743940388646,,,3.0,
RollingHMM_robust_Range+fg+pct_fg_174,RollingHMM,robust,Range+fg+pct_fg,3,-0.005834172558049216,-2401.823220545584,730.0,21.0,,
HierarchicalHMM_1factors_robust_RSI+pct_RSI_340,HierarchicalHMM,robust,RSI+pct_RSI,2,-0.005885154284000156,-2728.170169373842,,,,1.0
HierarchicalHMM_3factors_none_Returns+pct_Range+RSI+pct_RSI_138,HierarchicalHMM,none,Returns+pct_Range+RSI+pct_RSI,4,-0.0060601643491437,-6908.322462824692,,,,3.0
HierarchicalHMM_1factors_none_Range+pct_Range+RSI+pct_RSI_166,HierarchicalHMM,none,Range+pct_Range+RSI+pct_RSI,4,-0.006088961874299686,-2169.808636942178,,,,1.0
HierarchicalHMM_1factors_none_Range+pct_Range+RSI_55,HierarchicalHMM,none,Range+pct_Range+RSI,3,-0.006616190527915062,-2169.7060379942577,,,,1.0
RollingHMM_robust_Returns+pct_Range+fg+pct_RSI_202,RollingHMM,robust,Returns+pct_Range+fg+pct_RSI,4,-0.007538273048618286,-2565.36372602372,730.0,21.0,,
RollingHMM_none_Range+pct_Range+pct_fg+pct_RSI_87,RollingHMM,none,Range+pct_Range+pct_fg+pct_RSI,4,-0.007548457135243092,-3663.306394265179,730.0,21.0,,
StandardHMM_none_Returns+pct_Range+fg+RSI+pct_RSI_110,StandardHMM,none,Returns+pct_Range+fg+RSI+pct_RSI,5,-0.007590849671670266,-9874.806846792982,,,,
RollingHMM_robust_Range+pct_RSI_144,RollingHMM,robust,Range+pct_RSI,2,-0.007709978797015723,-1687.5528569996195,730.0,21.0,,
RollingHMM_robust_pct_Range+fg+RSI_181,RollingHMM,robust,pct_Range+fg+RSI,3,-0.00806613850506947,-1856.216841850819,730.0,21.0,,
RollingHMM_robust_Range+pct_Range+fg+pct_fg+RSI+pct_RSI_252,RollingHMM,robust,Range+pct_Range+fg+pct_fg+RSI+pct_RSI,6,-0.00819399779476218,-4685.318252441086,730.0,21.0,,
GMMHMM_none_Range+pct_Range+fg+pct_RSI_85,GMMHMM,none,Range+pct_Range+fg+pct_RSI,4,-0.00820879639161072,-9031.657409208132,,,3.0,
RollingHMM_robust_Returns+Range+pct_Range+fg+RSI_226,RollingHMM,robust,Returns+Range+pct_Range+fg+RSI,5,-0.008512755824688061,-3572.0979633686147,730.0,21.0,,
RollingHMM_none_Range+fg_14,RollingHMM,none,Range+fg,2,-0.008555141472024241,-1138.5701410263573,730.0,21.0,,
RollingHMM_robust_Returns+Range+pct_Range+fg+pct_fg+RSI_246,RollingHMM,robust,Returns+Range+pct_Range+fg+pct_fg+RSI,6,-0.008961176281758474,-4731.220433522727,730.0,21.0,,
RollingHMM_robust_Range+pct_Range+fg+pct_fg+pct_RSI_241,RollingHMM,robust,Range+pct_Range+fg+pct_fg+pct_RSI,5,-0.009256551120978557,-4242.243023233341,730.0,21.0,,
RollingHMM_robust_Returns+Range+pct_Range+fg+pct_fg+pct_RSI_247,RollingHMM,robust,Returns+Range+pct_Range+fg+pct_fg+pct_RSI,6,-0.009629741454706523,-4588.65663042222,730.0,21.0,,
RollingHMM_none_Range+pct_Range+fg+RSI+pct_RSI_115,RollingHMM,none,Range+pct_Range+fg+RSI+pct_RSI,5,-0.009966340616956022,-3470.45043946807,730.0,21.0,,
RollingHMM_robust_pct_Range+fg+pct_RSI_182,RollingHMM,robust,pct_Range+fg+pct_RSI,3,-0.01009870563126901,-2270.316169835748,730.0,21.0,,
RollingHMM_robust_pct_Range+pct_fg+RSI_183,RollingHMM,robust,pct_Range+pct_fg+RSI,3,-0.010232041336547272,-2686.0943435794775,730.0,21.0,,
HierarchicalHMM_1factors_robust_Returns+Range+pct_fg+pct_RSI_435,HierarchicalHMM,robust,Returns+Range+pct_fg+pct_RSI,4,-0.010440582442643847,-2680.401275568866,,,,1.0
RollingHMM_robust_Returns+Range+pct_Range+fg+RSI+pct_RSI_248,RollingHMM,robust,Returns+Range+pct_Range+fg+RSI+pct_RSI,6,-0.010455933371328793,-3683.000549522798,730.0,21.0,,
RollingHMM_robust_Range+pct_Range+RSI+pct_RSI_215,RollingHMM,robust,Range+pct_Range+RSI+pct_RSI,4,-0.010566130086886304,-3167.053975976548,730.0,21.0,,
RollingHMM_robust_Range+pct_Range+fg+RSI+pct_RSI_242,RollingHMM,robust,Range+pct_Range+fg+RSI+pct_RSI,5,-0.010713070945528445,-3470.450439468074,730.0,21.0,,
GMMHMM_none_Returns+Range+pct_Range+fg+pct_fg+RSI+pct_RSI_126,GMMHMM,none,Returns+Range+pct_Range+fg+pct_fg+RSI+pct_RSI,7,-0.01105034398569682,-14386.600115233052,,,3.0,
RollingHMM_robust_Returns+RSI+pct_RSI_169,RollingHMM,robust,Returns+RSI+pct_RSI,3,-0.01109347692416374,-1692.7459435552073,730.0,21.0,,
StandardHMM_none_Returns+Range+fg+pct_fg+RSI+pct_RSI_123,StandardHMM,none,Returns+Range+fg+pct_fg+RSI+pct_RSI,6,-0.01144842101982522,-2046.805075389886,,,,
RollingHMM_robust_pct_Range+fg+pct_fg+pct_RSI_221,RollingHMM,robust,pct_Range+fg+pct_fg+pct_RSI,4,-0.011548133590984163,-3486.4049348254816,730.0,21.0,,
GMMHMM_none_pct_Range+fg+RSI_54,GMMHMM,none,pct_Range+fg+RSI,3,-0.011572752302737188,-5941.256160036587,,,3.0,
HierarchicalHMM_1factors_none_pct_Range+fg+pct_RSI_75,HierarchicalHMM,none,pct_Range+fg+pct_RSI,3,-0.011575239406131341,-1804.4027043221015,,,,1.0
HierarchicalHMM_1factors_none_pct_Range+fg_11,HierarchicalHMM,none,pct_Range+fg,2,-0.011594565680381972,-1804.3995154347617,,,,1.0
HierarchicalHMM_1factors_none_Returns+pct_Range+fg_31,HierarchicalHMM,none,Returns+pct_Range+fg,3,-0.011685907899042891,-2516.2299456926053,,,,1.0
RollingHMM_robust_Returns+Range+pct_fg+pct_RSI_198,RollingHMM,robust,Returns+Range+pct_fg+pct_RSI,4,-0.011797479145574828,-3102.498373114731,730.0,21.0,,
HierarchicalHMM_3factors_none_Returns+Range+fg+pct_fg_105,HierarchicalHMM,none,Returns+Range+fg+pct_fg,4,-0.011964338641549069,-6690.213039957918,,,,3.0
RollingHMM_robust_Returns+fg+RSI_165,RollingHMM,robust,Returns+fg+RSI,3,-0.012040037888029235,-1775.9653925848331,730.0,21.0,,
HierarchicalHMM_3factors_none_Returns+Range+pct_Range+fg+pct_fg+RSI+pct_RSI_317,HierarchicalHMM,none,Returns+Range+pct_Range+fg+pct_fg+RSI+pct_RSI,7,-0.012217848923905813,-6933.339799713956,,,,3.0
GMMHMM_none_Returns+Range+pct_Range+RSI_65,GMMHMM,none,Returns+Range+pct_Range+RSI,4,-0.012408390273071791,-9320.87332589376,,,3.0,
RollingHMM_robust_Returns+fg+pct_fg+RSI+pct_RSI_239,RollingHMM,robust,Returns+fg+pct_fg+RSI+pct_RSI,5,-0.012680086251941766,-3330.0146117131144,730.0,21.0,,
RollingHMM_none_Range+pct_Range+pct_fg+RSI+pct_RSI_116,RollingHMM,none,Range+pct_Range+pct_fg+RSI+pct_RSI,5,-0.012735518489095137,-4358.400829320761,730.0,21.0,,
RollingHMM_robust_Range+pct_Range+pct_fg_171,RollingHMM,robust,Range+pct_Range+pct_fg,3,-0.012797601209713731,-2747.048032488019,730.0,21.0,,
RollingHMM_robust_Range+pct_fg+RSI+pct_RSI_219,RollingHMM,robust,Range+pct_fg+RSI+pct_RSI,4,-0.012882278076435789,-3532.722994791853,730.0,21.0,,
RollingHMM_robust_Returns+fg+pct_fg_164,RollingHMM,robust,Returns+fg+pct_fg,3,-0.012904495427634388,-2549.7808459574976,730.0,21.0,,
RollingHMM_none_Returns+Range+fg_29,RollingHMM,none,Returns+Range+fg,3,-0.013111848246420069,-2294.0747801131793,730.0,21.0,,
RollingHMM_none_Returns+Range+pct_Range_28,RollingHMM,none,Returns+Range+pct_Range,3,-0.013131093468590297,-2452.793548435755,730.0,21.0,,
RollingHMM_none_Returns+pct_fg+RSI_40,RollingHMM,none,Returns+pct_fg+RSI,3,-0.013167834044498143,-2759.0927231454734,730.0,21.0,,
RollingHMM_robust_Returns+Range+pct_Range+pct_fg+pct_RSI_229,RollingHMM,robust,Returns+Range+pct_Range+pct_fg+pct_RSI,5,-0.013272579343357604,-3943.180148594307,730.0,21.0,,
RollingHMM_robust_Range+pct_Range+fg+RSI_211,RollingHMM,robust,Range+pct_Range+fg+RSI,4,-0.013424028414318721,-2628.483093010891,730.0,21.0,,
HierarchicalHMM_2factors_none_Returns+Range+pct_fg+RSI+pct_RSI_233,HierarchicalHMM,none,Returns+Range+pct_fg+RSI+pct_RSI,5,-0.01348321930583393,-4661.561156828847,,,,2.0
StandardHMM_none_Returns+Range+pct_Range+RSI+pct_RSI_103,StandardHMM,none,Returns+Range+pct_Range+RSI+pct_RSI,5,-0.013484758605673497,3268.845089207063,,,,
RollingHMM_robust_pct_Range+pct_fg+pct_RSI_184,RollingHMM,robust,pct_Range+pct_fg+pct_RSI,3,-0.013507135662023313,-2930.8654903972047,730.0,21.0,,
RollingHMM_robust_pct_Range+fg+pct_fg+RSI_220,RollingHMM,robust,pct_Range+fg+pct_fg+RSI,4,-0.013532410923516047,-2980.4034134741696,730.0,21.0,,
RollingHMM_robust_Returns+Range+pct_Range+fg+pct_fg+RSI+pct_RSI_253,RollingHMM,robust,Returns+Range+pct_Range+fg+pct_fg+RSI+pct_RSI,7,-0.013637387800206407,-5011.095201215863,730.0,21.0,,
RollingHMM_none_Returns+pct_Range+fg+pct_RSI_75,RollingHMM,none,Returns+pct_Range+fg+pct_RSI,4,-0.013878154361963768,-2565.3637260237165,730.0,21.0,,
RollingHMM_robust_Returns+fg_136,RollingHMM,robust,Returns+fg,2,-0.013906221352130854,-1309.5316074011762,730.0,21.0,,
RollingHMM_none_Range+fg+RSI+pct_RSI_91,RollingHMM,none,Range+fg+RSI+pct_RSI,4,-0.014192767006406985,-2621.7954702238694,730.0,21.0,,
GMMHMM_robust_Returns+pct_fg_137,GMMHMM,robust,Returns+pct_fg,2,-0.014224475375583733,-6130.1095501397,,,3.0,
StandardHMM_robust_Returns+pct_fg_137,StandardHMM,robust,Returns+pct_fg,2,-0.014224475375583733,-6130.109550139582,,,,
RollingHMM_robust_fg+pct_RSI_151,RollingHMM,robust,fg+pct_RSI,2,-0.014581360052743667,-1272.5312222983657,730.0,21.0,,
GMMHMM_none_Returns+pct_Range+RSI+pct_RSI_78,GMMHMM,none,Returns+pct_Range+RSI+pct_RSI,4,-0.014869271954774914,-7528.607232201398,,,3.0,
RollingHMM_none_Returns+Range+pct_Range+fg+pct_fg_98,RollingHMM,none,Returns+Range+pct_Range+fg+pct_fg,5,-0.014876411708634801,-4279.547281207781,730.0,21.0,,
StandardHMM_none_Returns+Range+RSI+pct_RSI_72,StandardHMM,none,Returns+Range+RSI+pct_RSI,4,-0.015273592878207523,5678.74042446272,,,,
RollingHMM_robust_Returns+pct_Range+fg+pct_fg_200,RollingHMM,robust,Returns+pct_Range+fg+pct_fg,4,-0.015415260554818944,-3610.4297671605973,730.0,21.0,,
HierarchicalHMM_3factors_none_Returns+pct_Range+fg+pct_RSI_129,HierarchicalHMM,none,Returns+pct_Range+fg+pct_RSI,4,-0.015981687280500378,-6945.6674152726655,,,,3.0
RollingHMM_none_Returns+pct_Range+fg+RSI+pct_RSI_110,RollingHMM,none,Returns+pct_Range+fg+RSI+pct_RSI,5,-0.016091093453491134,-2975.267475882383,730.0,21.0,,
HierarchicalHMM_2factors_none_Range+fg+pct_RSI_64,HierarchicalHMM,none,Range+fg+pct_RSI,3,-0.016103165126865795,-4351.104877182158,,,,2.0
RollingHMM_none_pct_Range+fg+pct_fg+pct_RSI_94,RollingHMM,none,pct_Range+fg+pct_fg+pct_RSI,4,-0.016215715564045323,-3486.40493482548,730.0,21.0,,
RollingHMM_robust_Range+pct_Range_140,RollingHMM,robust,Range+pct_Range,2,-0.01624523802076358,-1529.1762758636874,730.0,21.0,,
GMMHMM_none_Returns+Range+pct_fg_30,GMMHMM,none,Returns+Range+pct_fg,3,-0.0162849983722858,-7809.85993198598,,,3.0,
RollingHMM_none_Returns+Range+pct_Range+pct_RSI_66,RollingHMM,none,Returns+Range+pct_Range+pct_RSI,4,-0.016543587783205402,-2605.2419593462982,730.0,21.0,,
RollingHMM_robust_pct_Range+fg+RSI+pct_RSI_222,RollingHMM,robust,pct_Range+fg+RSI+pct_RSI,4,-0.01673533584340426,-2721.466830641924,730.0,21.0,,
RollingHMM_none_Returns+Range+pct_Range+fg+pct_RSI_100,RollingHMM,none,Returns+Range+pct_Range+fg+pct_RSI,5,-0.016810690164018916,-3290.90362333706,730.0,21.0,,
RollingHMM_robust_pct_Range+RSI+pct_RSI_185,RollingHMM,robust,pct_Range+RSI+pct_RSI,3,-0.01692502178032844,-2382.6800247634665,730.0,21.0,,
RollingHMM_robust_Returns+Range+fg+pct_fg+RSI_231,RollingHMM,robust,Returns+Range+fg+pct_fg+RSI,5,-0.0172412699376925,-3917.201005802402,730.0,21.0,,
RollingHMM_robust_Returns+Range+pct_Range+pct_fg+RSI+pct_RSI_249,RollingHMM,robust,Returns+Range+pct_Range+pct_fg+RSI+pct_RSI,6,-0.017491906640724534,-4598.141207526607,730.0,21.0,,
RollingHMM_robust_Returns+Range+pct_Range+pct_fg+RSI_228,RollingHMM,robust,Returns+Range+pct_Range+pct_fg+RSI,5,-0.017703827472206203,-4388.6077987513745,730.0,21.0,,
RollingHMM_robust_Returns+pct_Range+fg+pct_fg+RSI+pct_RSI_251,RollingHMM,robust,Returns+pct_Range+fg+pct_fg+RSI+pct_RSI,6,-0.01798270284730619,-4228.912409227997,730.0,21.0,,
RollingHMM_none_Range+pct_RSI_17,RollingHMM,none,Range+pct_RSI,2,-0.017999871392971104,-1687.552856999618,730.0,21.0,,
GMMHMM_none_Returns+pct_Range+pct_fg+pct_RSI_77,GMMHMM,none,Returns+pct_Range+pct_fg+pct_RSI,4,-0.018054259702647974,-9218.102536591121,,,3.0,
RollingHMM_robust_Range+pct_Range+pct_fg+RSI_213,RollingHMM,robust,Range+pct_Range+pct_fg+RSI,4,-0.018096811526709933,-3433.6234311547187,730.0,21.0,,
RollingHMM_robust_pct_fg+pct_RSI_153,RollingHMM,robust,pct_fg+pct_RSI,2,-0.01820424010466129,-2091.161666408195,730.0,21.0,,
RollingHMM_robust_Returns+Range+pct_Range+pct_fg_191,RollingHMM,robust,Returns+Range+pct_Range+pct_fg,4,-0.018292949254929223,-3703.9710898228277,730.0,21.0,,
RollingHMM_robust_Returns+pct_Range+pct_fg_161,RollingHMM,robust,Returns+pct_Range+pct_fg,3,-0.018344729750691048,-3029.277618945711,730.0,21.0,,
RollingHMM_none_Range+pct_Range+fg_43,RollingHMM,none,Range+pct_Range+fg,3,-0.018416960444763767,-2150.867237164656,730.0,21.0,,
RollingHMM_robust_Returns+Range+fg+RSI+pct_RSI_233,RollingHMM,robust,Returns+Range+fg+RSI+pct_RSI,5,-0.01844734281412449,-2901.4003193585836,730.0,21.0,,
HierarchicalHMM_2factors_none_Range+fg+pct_fg_60,HierarchicalHMM,none,Range+fg+pct_fg,3,-0.018466612295833507,-4270.5118044589835,,,,2.0
GMMHMM_none_Returns+Range+pct_Range+pct_fg_64,GMMHMM,none,Returns+Range+pct_Range+pct_fg,4,-0.018517099841860896,-10279.923331637825,,,3.0,
HierarchicalHMM_2factors_none_Returns+Range+pct_Range+fg+pct_fg+pct_RSI_286,HierarchicalHMM,none,Returns+Range+pct_Range+fg+pct_fg+pct_RSI,6,-0.018563910770757815,-3958.8022798397606,,,,2.0
RollingHMM_none_Returns+Range+fg+pct_fg+RSI+pct_RSI_123,RollingHMM,none,Returns+Range+fg+pct_fg+RSI+pct_RSI,6,-0.01866279236717592,-4143.244408346232,730.0,21.0,,
RollingHMM_robust_Returns+Range+RSI_158,RollingHMM,robust,Returns+Range+RSI,3,-0.018714898066954058,-2341.043055227506,730.0,21.0,,
HierarchicalHMM_2factors_none_Returns+Range+pct_Range+pct_fg_95,HierarchicalHMM,none,Returns+Range+pct_Range+pct_fg,4,-0.01907798838447665,-4163.839041632501,,,,2.0
RollingHMM_none_Returns+Range+pct_fg+pct_RSI_71,RollingHMM,none,Returns+Range+pct_fg+pct_RSI,4,-0.019161335040837727,-3102.4983731147304,730.0,21.0,,
GMMHMM_none_Range+pct_Range+fg+RSI_84,GMMHMM,none,Range+pct_Range+fg+RSI,4,-0.01926635312015554,-8099.585617114618,,,3.0,
RollingHMM_robust_Range+pct_Range+fg+pct_fg+RSI_240,RollingHMM,robust,Range+pct_Range+fg+pct_fg+RSI,5,-0.019319907929952966,-3788.1330974556918,730.0,21.0,,
RollingHMM_robust_Returns+Range+RSI+pct_RSI_199,RollingHMM,robust,Returns+Range+RSI+pct_RSI,4,-0.019611260295647356,-2476.7534289137125,730.0,21.0,,
RollingHMM_none_Returns+Range+pct_Range+fg+RSI+pct_RSI_121,RollingHMM,none,Returns+Range+pct_Range+fg+RSI+pct_RSI,6,-0.019962904450303378,-3683.000549522802,730.0,21.0,,
RollingHMM_none_Returns+Range+fg+pct_fg+pct_RSI_105,RollingHMM,none,Returns+Range+fg+pct_fg+pct_RSI,5,-0.020080436899776292,-3737.340356182332,730.0,21.0,,
HierarchicalHMM_2factors_none_Returns+Range+pct_Range+pct_fg+RSI+pct_RSI_296,HierarchicalHMM,none,Returns+Range+pct_Range+pct_fg+RSI+pct_RSI,6,-0.02011040977496762,-3944.444042755653,,,,2.0
RollingHMM_robust_Range+fg_141,RollingHMM,robust,Range+fg,2,-0.020138988239429164,-1138.5701410263582,730.0,21.0,,
RollingHMM_none_pct_fg+pct_RSI_26,RollingHMM,none,pct_fg+pct_RSI,2,-0.02022920885326851,-2091.161666408194,730.0,21.0,,
RollingHMM_none_Range+pct_Range+fg+pct_fg+RSI_113,RollingHMM,none,Range+pct_Range+fg+pct_fg+RSI,5,-0.020345342969470992,-3788.133097455688,730.0,21.0,,
RollingHMM_none_Returns+Range+fg+RSI+pct_RSI_106,RollingHMM,none,Returns+Range+fg+RSI+pct_RSI,5,-0.020520832824734474,-2901.4003193585836,730.0,21.0,,
RollingHMM_robust_Returns+Range+pct_Range+RSI+pct_RSI_230,RollingHMM,robust,Returns+Range+pct_Range+RSI+pct_RSI,5,-0.020625491241357447,-3251.8138630777867,730.0,21.0,,
HierarchicalHMM_2factors_none_Returns+Range+fg_24,HierarchicalHMM,none,Returns+Range+fg,3,-0.020860970942348355,-4195.805351569246,,,,2.0
RollingHMM_none_Returns+fg+pct_fg+RSI+pct_RSI_112,RollingHMM,none,Returns+fg+pct_fg+RSI+pct_RSI,5,-0.02118609001310079,-3330.0146117131144,730.0,21.0,,
RollingHMM_none_pct_Range+fg+pct_fg+RSI_93,RollingHMM,none,pct_Range+fg+pct_fg+RSI,4,-0.02132887065024046,-2980.4034134741714,730.0,21.0,,
RollingHMM_robust_Returns+pct_Range+pct_RSI_163,RollingHMM,robust,Returns+pct_Range+pct_RSI,3,-0.021365034091213323,-1957.0019041401292,730.0,21.0,,
RollingHMM_none_pct_fg+RSI+pct_RSI_62,RollingHMM,none,pct_fg+RSI+pct_RSI,3,-0.021567202526427336,-2682.4606666648756,730.0,21.0,,
RollingHMM_robust_Returns+pct_Range+pct_fg+RSI_203,RollingHMM,robust,Returns+pct_Range+pct_fg+RSI,4,-0.02160954060831079,-3694.692641361363,730.0,21.0,,
RollingHMM_none_Range+fg+pct_RSI_49,RollingHMM,none,Range+fg+pct_RSI,3,-0.021705300151489172,-2184.6983251685924,730.0,21.0,,
RollingHMM_robust_Returns+Range+pct_RSI_159,RollingHMM,robust,Returns+Range+pct_RSI,3,-0.021906536248164844,-1823.744751821226,730.0,21.0,,
GMMHMM_none_Returns+Range+RSI+pct_RSI_72,GMMHMM,none,Returns+Range+RSI+pct_RSI,4,-0.0221743257915779,-7204.105713366375,,,3.0,
RollingHMM_robust_fg+pct_fg+pct_RSI_187,RollingHMM,robust,fg+pct_fg+pct_RSI,3,-0.022279087163619603,-2448.250799114703,730.0,21.0,,
RollingHMM_none_Returns+fg+RSI+pct_RSI_81,RollingHMM,none,Returns+fg+RSI+pct_RSI,4,-0.022495339048162505,-2017.0694095481076,730.0,21.0,,
HierarchicalHMM_2factors_none_Returns+Range+pct_Range+RSI+pct_RSI_217,HierarchicalHMM,none,Returns+Range+pct_Range+RSI+pct_RSI,5,-0.022537440615712574,-3922.4470276790084,,,,2.0
GMMHMM_none_Returns+Range+pct_Range+fg+pct_fg+pct_RSI_120,GMMHMM,none,Returns+Range+pct_Range+fg+pct_fg+pct_RSI,6,-0.022819995711514704,-12819.429441494713,,,3.0,
RollingHMM_none_Range+pct_Range+pct_fg+RSI_86,RollingHMM,none,Range+pct_Range+pct_fg+RSI,4,-0.02309472516650753,-3433.6234311547196,730.0,21.0,,
RollingHMM_robust_Returns+fg+pct_fg+RSI_206,RollingHMM,robust,Returns+fg+pct_fg+RSI,4,-0.02318525926419579,-2965.49940170212,730.0,21.0,,
StandardHMM_none_Returns+pct_Range+pct_RSI_36,StandardHMM,none,Returns+pct_Range+pct_RSI,3,-0.023348444640159973,6399.879956377739,,,,
RollingHMM_none_Returns+Range+pct_Range+fg+pct_fg+RSI+pct_RSI_126,RollingHMM,none,Returns+Range+pct_Range+fg+pct_fg+RSI+pct_RSI,7,-0.02339534256497191,-5011.095201215865,730.0,21.0,,
GMMHMM_none_Returns+Range+pct_Range+fg+RSI_99,GMMHMM,none,Returns+Range+pct_Range+fg+RSI,5,-0.02349555443969429,-10292.533237126358,,,3.0,
HierarchicalHMM_3factors_none_Returns+Range+fg+pct_fg+pct_RSI_226,HierarchicalHMM,none,Returns+Range+fg+pct_fg+pct_RSI,5,-0.023537999686628053,-6280.348089810076,,,,3.0
GMMHMM_none_Returns+Range+pct_Range+RSI+pct_RSI_103,GMMHMM,none,Returns+Range+pct_Range+RSI+pct_RSI,5,-0.0236570592320166,-9567.746979514908,,,3.0,
RollingHMM_robust_Range+fg+pct_RSI_176,RollingHMM,robust,Range+fg+pct_RSI,3,-0.02370711100141231,-2184.6983251685906,730.0,21.0,,
RollingHMM_robust_Range+pct_Range+pct_fg+RSI+pct_RSI_243,RollingHMM,robust,Range+pct_Range+pct_fg+RSI+pct_RSI,5,-0.02372327031220056,-4358.400829320766,730.0,21.0,,
HierarchicalHMM_2factors_none_Range+RSI+pct_RSI_70,HierarchicalHMM,none,Range+RSI+pct_RSI,3,-0.0239101108545828,-4491.556493988674,,,,2.0
RollingHMM_robust_pct_Range+pct_fg_146,RollingHMM,robust,pct_Range+pct_fg,2,-0.023962831156585367,-2012.1895918353837,730.0,21.0,,
HierarchicalHMM_1factors_robust_Returns+Range+fg_343,HierarchicalHMM,robust,Returns+Range+fg,3,-0.024203372774432852,-2567.4774435052414,,,,1.0
RollingHMM_none_pct_Range+fg+pct_RSI_55,RollingHMM,none,pct_Range+fg+pct_RSI,3,-0.024450414969444487,-2270.316169835748,730.0,21.0,,
GMMHMM_none_Returns+pct_Range+fg_33,GMMHMM,none,Returns+pct_Range+fg,3,-0.024605829172603354,-7094.739938269477,,,3.0,
RollingHMM_robust_Returns+Range+fg+pct_fg+pct_RSI_232,RollingHMM,robust,Returns+Range+fg+pct_fg+pct_RSI,5,-0.024733076981167244,-3737.3403561823116,730.0,21.0,,
RollingHMM_robust_Returns+Range+pct_Range+fg+pct_fg_225,RollingHMM,robust,Returns+Range+pct_Range+fg+pct_fg,5,-0.025018253302385884,-4279.5472812077805,730.0,21.0,,
RollingHMM_robust_fg+pct_fg+RSI+pct_RSI_224,RollingHMM,robust,fg+pct_fg+RSI+pct_RSI,4,-0.025248024637895747,-2871.568558345323,730.0,21.0,,
RollingHMM_none_Returns+Range+pct_Range+fg+RSI_99,RollingHMM,none,Returns+Range+pct_Range+fg+RSI,5,-0.025544508445089358,-3572.097963368616,730.0,21.0,,
RollingHMM_none_Returns+pct_Range+fg+RSI_74,RollingHMM,none,Returns+pct_Range+fg+RSI,4,-0.02632768271892526,-2773.9138603510196,730.0,21.0,,
RollingHMM_none_Returns+Range+pct_Range+RSI+pct_RSI_103,RollingHMM,none,Returns+Range+pct_Range+RSI+pct_RSI,5,-0.02636049839713261,-3251.813863077781,730.0,21.0,,
RollingHMM_robust_Returns+pct_Range+RSI+pct_RSI_205,RollingHMM,robust,Returns+pct_Range+RSI+pct_RSI,4,-0.02641777965420468,-2614.351342264267,730.0,21.0,,
RollingHMM_robust_Range+fg+pct_fg+pct_RSI_217,RollingHMM,robust,Range+fg+pct_fg+pct_RSI,4,-0.026429036821361145,-3415.8566922327063,730.0,21.0,,
RollingHMM_none_Range+pct_Range+RSI+pct_RSI_88,RollingHMM,none,Range+pct_Range+RSI+pct_RSI,4,-0.02669033192371059,-3167.0539759765506,730.0,21.0,,
GMMHMM_none_Returns+pct_Range+fg+pct_RSI_75,GMMHMM,none,Returns+pct_Range+fg+pct_RSI,4,-0.02676708583465116,-7533.767781365769,,,3.0,
RollingHMM_robust_Returns+pct_Range+fg+RSI+pct_RSI_237,RollingHMM,robust,Returns+pct_Range+fg+RSI+pct_RSI,5,-0.027435550305732765,-2975.2674758823805,730.0,21.0,,
HierarchicalHMM_1factors_none_Returns+Range+fg_23,HierarchicalHMM,none,Returns+Range+fg,3,-0.02818910068834372,-2567.477443505281,,,,1.0
RollingHMM_robust_Returns+pct_Range+fg+pct_fg+RSI_235,RollingHMM,robust,Returns+pct_Range+fg+pct_fg+RSI,5,-0.028249488905713438,-4040.947431575317,730.0,21.0,,
RollingHMM_none_Returns+fg+pct_RSI_39,RollingHMM,none,Returns+fg+pct_RSI,3,-0.02847678404599359,-1633.2990084687121,730.0,21.0,,
RollingHMM_none_Returns+pct_Range+pct_RSI_36,RollingHMM,none,Returns+pct_Range+pct_RSI,3,-0.028701507670060758,-1957.00190414013,730.0,21.0,,
RollingHMM_none_Returns+pct_fg+pct_RSI_41,RollingHMM,none,Returns+pct_fg+pct_RSI,3,-0.02871427031752859,-2451.369944640698,730.0,21.0,,
RollingHMM_none_Returns+Range+fg+pct_RSI_69,RollingHMM,none,Returns+Range+fg+pct_RSI,4,-0.02882790322672017,-2507.2242708846347,730.0,21.0,,
RollingHMM_none_Returns+Range+pct_RSI_32,RollingHMM,none,Returns+Range+pct_RSI,3,-0.02884207528241399,-1823.744751821227,730.0,21.0,,
RollingHMM_none_Returns+Range+pct_fg+RSI+pct_RSI_107,RollingHMM,none,Returns+Range+pct_fg+RSI+pct_RSI,5,-0.02911081746411964,-3743.1604421582933,730.0,21.0,,
RollingHMM_robust_Returns+pct_Range+fg+pct_fg+pct_RSI_236,RollingHMM,robust,Returns+pct_Range+fg+pct_fg+pct_RSI,5,-0.02924811041003193,-3798.0721787071884,730.0,21.0,,
GMMHMM_none_Returns+Range+pct_Range+pct_fg+RSI+pct_RSI_122,GMMHMM,none,Returns+Range+pct_Range+pct_fg+RSI+pct_RSI,6,-0.029322510892064543,-13037.297751371034,,,3.0,
HierarchicalHMM_4factors_none_Returns+pct_Range+fg+RSI+pct_RSI_247,HierarchicalHMM,none,Returns+pct_Range+fg+RSI+pct_RSI,5,-0.03023312730582335,-9630.036332441963,,,,4.0
RollingHMM_none_Returns+pct_fg+RSI+pct_RSI_82,RollingHMM,none,Returns+pct_fg+RSI+pct_RSI,4,-0.03038692511170886,-3025.2103044610267,730.0,21.0,,
RollingHMM_none_pct_fg+RSI_25,RollingHMM,none,pct_fg+RSI,2,-0.030416952405010425,-1673.1970954844041,730.0,21.0,,
HierarchicalHMM_2factors_none_Returns+pct_Range+pct_fg+RSI+pct_RSI_249,HierarchicalHMM,none,Returns+pct_Range+pct_fg+RSI+pct_RSI,5,-0.030926743159456867,-4691.038426231293,,,,2.0
GMMHMM_none_Returns+Range+pct_fg+RSI+pct_RSI_107,GMMHMM,none,Returns+Range+pct_fg+RSI+pct_RSI,5,-0.030961006567388493,-10622.3986231749,,,3.0,
HierarchicalHMM_2factors_none_Returns+pct_Range+fg_32,HierarchicalHMM,none,Returns+pct_Range+fg,3,-0.03126659523362629,-4165.680124073774,,,,2.0
RollingHMM_none_Returns+Range+RSI_31,RollingHMM,none,Returns+Range+RSI,3,-0.03127797660196224,-2341.043055227506,730.0,21.0,,
RollingHMM_robust_pct_Range+pct_fg+RSI+pct_RSI_223,RollingHMM,robust,pct_Range+pct_fg+RSI+pct_RSI,4,-0.03148306101077935,-3629.043227927361,730.0,21.0,,
RollingHMM_none_Returns+RSI+pct_RSI_42,RollingHMM,none,Returns+RSI+pct_RSI,3,-0.031661585060630854,-1692.7459435552066,730.0,21.0,,
RollingHMM_robust_Range+fg+pct_fg+RSI_216,RollingHMM,robust,Range+fg+pct_fg+RSI,4,-0.031664098849086796,-2893.606599097634,730.0,21.0,,
RollingHMM_none_pct_Range+pct_fg+RSI_56,RollingHMM,none,pct_Range+pct_fg+RSI,3,-0.03183532334603609,-2686.0943435794757,730.0,21.0,,
StandardHMM_robust_Returns+pct_fg+pct_RSI_168,StandardHMM,robust,Returns+pct_fg+pct_RSI,3,-0.032227081230685246,-6792.100508256384,,,,
GMMHMM_robust_Returns+pct_fg+pct_RSI_168,GMMHMM,robust,Returns+pct_fg+pct_RSI,3,-0.032227081230685246,-6792.100508256384,,,3.0,
RollingHMM_none_Returns+pct_Range+RSI+pct_RSI_78,RollingHMM,none,Returns+pct_Range+RSI+pct_RSI,4,-0.03229648824154464,-2614.3513422642663,730.0,21.0,,
RollingHMM_none_Returns+pct_Range+pct_fg+RSI_76,RollingHMM,none,Returns+pct_Range+pct_fg+RSI,4,-0.03229880448322432,-3694.692641361362,730.0,21.0,,
HierarchicalHMM_1factors_none_Returns+Range+pct_Range+fg+pct_RSI_204,HierarchicalHMM,none,Returns+Range+pct_Range+fg+pct_RSI,5,-0.032493807474206556,-2652.6583828041803,,,,1.0
RollingHMM_robust_RSI+pct_RSI_154,RollingHMM,robust,RSI+pct_RSI,2,-0.032738408135505354,-1393.6623950515607,730.0,21.0,,
RollingHMM_robust_Returns+fg+RSI+pct_RSI_208,RollingHMM,robust,Returns+fg+RSI+pct_RSI,4,-0.032883809579605315,-2017.0694095481108,730.0,21.0,,
HierarchicalHMM_3factors_none_Returns+Range+pct_Range+pct_fg+RSI+pct_RSI_297,HierarchicalHMM,none,Returns+Range+pct_Range+pct_fg+RSI+pct_RSI,6,-0.03292507376724481,-6234.262198458686,,,,3.0
RollingHMM_robust_Returns+pct_Range+fg+RSI_201,RollingHMM,robust,Returns+pct_Range+fg+RSI,4,-0.03298595021734645,-2773.913860351019,730.0,21.0,,
RollingHMM_robust_Returns+Range+fg_156,RollingHMM,robust,Returns+Range+fg,3,-0.0330899669888989,-2294.074780113181,730.0,21.0,,
RollingHMM_robust_Returns+pct_fg+pct_RSI_168,RollingHMM,robust,Returns+pct_fg+pct_RSI,3,-0.03314329130186147,-2451.369944640698,730.0,21.0,,
HierarchicalHMM_1factors_robust_Returns+Range+pct_Range+fg+pct_RSI_524,HierarchicalHMM,robust,Returns+Range+pct_Range+fg+pct_RSI,5,-0.03315607713477151,-2652.6583828041803,,,,1.0
RollingHMM_none_Returns+pct_Range+pct_fg+RSI+pct_RSI_111,RollingHMM,none,Returns+pct_Range+pct_fg+RSI+pct_RSI,5,-0.03360553732293157,-3910.21642756052,730.0,21.0,,
RollingHMM_none_pct_Range+pct_fg+RSI+pct_RSI_96,RollingHMM,none,pct_Range+pct_fg+RSI+pct_RSI,4,-0.03517053596500384,-3629.0432279273628,730.0,21.0,,
HierarchicalHMM_2factors_none_Returns+Range+pct_Range+pct_RSI_101,HierarchicalHMM,none,Returns+Range+pct_Range+pct_RSI,4,-0.035492816562575275,-4111.027712598114,,,,2.0
RollingHMM_none_Returns+Range+pct_Range+fg+pct_fg+pct_RSI_120,RollingHMM,none,Returns+Range+pct_Range+fg+pct_fg+pct_RSI,6,-0.03550836265021217,-4588.656630422221,730.0,21.0,,
RollingHMM_robust_Returns+fg+pct_RSI_166,RollingHMM,robust,Returns+fg+pct_RSI,3,-0.03562625445867668,-1633.2990084687137,730.0,21.0,,
RollingHMM_none_Range+pct_Range+pct_fg_44,RollingHMM,none,Range+pct_Range+pct_fg,3,-0.03579107647081341,-2747.0480324880173,730.0,21.0,,
RollingHMM_none_Returns+Range+pct_Range+pct_fg+RSI+pct_RSI_122,RollingHMM,none,Returns+Range+pct_Range+pct_fg+RSI+pct_RSI,6,-0.03603635360001918,-4598.141207526605,730.0,21.0,,
RollingHMM_none_Returns+Range+RSI+pct_RSI_72,RollingHMM,none,Returns+Range+RSI+pct_RSI,4,-0.03613467554195074,-2476.753428913712,730.0,21.0,,
RollingHMM_robust_pct_Range+fg+pct_fg+RSI+pct_RSI_245,RollingHMM,robust,pct_Range+fg+pct_fg+RSI+pct_RSI,5,-0.03624166398243956,-3956.2005953629423,730.0,21.0,,
RollingHMM_robust_Range+pct_Range+pct_RSI_173,RollingHMM,robust,Range+pct_Range+pct_RSI,3,-0.03736940084814603,-2411.2490500100976,730.0,21.0,,
RollingHMM_none_Returns+Range+pct_Range+pct_fg+pct_RSI_102,RollingHMM,none,Returns+Range+pct_Range+pct_fg+pct_RSI,5,-0.03745953378934781,-3943.1801485943083,730.0,21.0,,
HierarchicalHMM_2factors_robust_Returns+pct_Range+fg+pct_fg+pct_RSI_561,HierarchicalHMM,robust,Returns+pct_Range+fg+pct_fg+pct_RSI,5,-0.03754303542424504,-4783.882252487751,,,,2.0
HierarchicalHMM_1factors_robust_Returns+Range+pct_Range+RSI+pct_RSI_536,HierarchicalHMM,robust,Returns+Range+pct_Range+RSI+pct_RSI,5,-0.037608001431440316,-2586.5499216473495,,,,1.0
GMMHMM_none_Returns+Range+pct_fg+RSI_70,GMMHMM,none,Returns+Range+pct_fg+RSI,4,-0.037903199789166474,-9867.583378309739,,,3.0,
HierarchicalHMM_1factors_none_RSI+pct_RSI_20,HierarchicalHMM,none,RSI+pct_RSI,2,-0.03790664232898311,-2728.170169373842,,,,1.0
HierarchicalHMM_5factors_none_Returns+Range+pct_Range+fg+pct_fg+RSI+pct_RSI_319,HierarchicalHMM,none,Returns+Range+pct_Range+fg+pct_fg+RSI+pct_RSI,7,-0.03792432494621593,-11819.022979406725,,,,5.0
RollingHMM_none_Returns+Range+pct_Range+pct_fg+RSI_101,RollingHMM,none,Returns+Range+pct_Range+pct_fg+RSI,5,-0.03799420477906713,-4388.607798751371,730.0,21.0,,
RollingHMM_none_Returns+Range+pct_fg_30,RollingHMM,none,Returns+Range+pct_fg,3,-0.038509323680645385,-2964.842985930843,730.0,21.0,,
RollingHMM_none_Returns+Range+pct_fg+RSI_70,RollingHMM,none,Returns+Range+pct_fg+RSI,4,-0.03928614925351437,-3597.24195697737,730.0,21.0,,
HierarchicalHMM_1factors_robust_Returns+Range+RSI+pct_RSI_438,HierarchicalHMM,robust,Returns+Range+RSI+pct_RSI,4,-0.03955030998998111,-2587.3100150958307,,,,1.0
StandardHMM_robust_Returns+fg+pct_RSI_166,StandardHMM,robust,Returns+fg+pct_RSI,3,-0.0397560078144943,-5343.976052232776,,,,
GMMHMM_robust_Returns+fg+pct_RSI_166,GMMHMM,robust,Returns+fg+pct_RSI,3,-0.0397560078144943,-5343.976052232838,,,3.0,
RollingHMM_robust_pct_fg+RSI_152,RollingHMM,robust,pct_fg+RSI,2,-0.04065970211204574,-1673.1970954844044,730.0,21.0,,
HierarchicalHMM_1factors_none_Returns+fg_2,HierarchicalHMM,none,Returns+fg,2,-0.041099911943386476,-2582.5516108720753,,,,1.0
RollingHMM_robust_Returns+pct_RSI_139,RollingHMM,robust,Returns+pct_RSI,2,-0.04230111193909341,-1140.6881095292292,730.0,21.0,,
RollingHMM_none_Returns+pct_Range+pct_fg_34,RollingHMM,none,Returns+pct_Range+pct_fg,3,-0.04237143221355602,-3029.277618945708,730.0,21.0,,
RollingHMM_none_Returns+Range+pct_Range+pct_fg_64,RollingHMM,none,Returns+Range+pct_Range+pct_fg,4,-0.0424466400165066,-3703.971089822826,730.0,21.0,,
RollingHMM_none_Returns+fg+pct_fg_37,RollingHMM,none,Returns+fg+pct_fg,3,-0.043114876157852595,-2549.780845957499,730.0,21.0,,
RollingHMM_none_Range+pct_Range+pct_RSI_46,RollingHMM,none,Range+pct_Range+pct_RSI,3,-0.04325890323006625,-2411.2490500100967,730.0,21.0,,
RollingHMM_none_Returns+pct_RSI_12,RollingHMM,none,Returns+pct_RSI,2,-0.04340204460097574,-1140.6881095292301,730.0,21.0,,
RollingHMM_none_pct_Range+pct_fg+pct_RSI_57,RollingHMM,none,pct_Range+pct_fg+pct_RSI,3,-0.04342518170445077,-2930.8654903972038,730.0,21.0,,
RollingHMM_robust_Range+pct_fg_142,RollingHMM,robust,Range+pct_fg,2,-0.04418902513871993,-1982.75838992345,730.0,21.0,,
RollingHMM_robust_Returns+Range+fg+pct_fg_194,RollingHMM,robust,Returns+Range+fg+pct_fg,4,-0.0444830327479351,-3484.2342983907083,730.0,21.0,,
GMMHMM_none_Returns+pct_fg+pct_RSI_41,GMMHMM,none,Returns+pct_fg+pct_RSI,3,-0.0446585319441006,-6792.100508256384,,,3.0,
HierarchicalHMM_1factors_robust_Returns+Range+fg+RSI+pct_RSI_548,HierarchicalHMM,robust,Returns+Range+fg+RSI+pct_RSI,5,-0.04503515361128574,-2586.683626648633,,,,1.0
HierarchicalHMM_3factors_none_Returns+Range+pct_fg+RSI_114,HierarchicalHMM,none,Returns+Range+pct_fg+RSI,4,-0.045190463394236706,-6624.246455831418,,,,3.0
RollingHMM_robust_fg+pct_fg+RSI_186,RollingHMM,robust,fg+pct_fg+RSI,3,-0.04540943997113384,-1878.5743588146447,730.0,21.0,,
RollingHMM_robust_Returns+pct_fg+RSI_167,RollingHMM,robust,Returns+pct_fg+RSI,3,-0.04558282463616405,-2759.0927231454757,730.0,21.0,,
RollingHMM_robust_Range+fg+pct_fg+RSI+pct_RSI_244,RollingHMM,robust,Range+fg+pct_fg+RSI+pct_RSI,5,-0.04644288821731882,-3838.9804618763487,730.0,21.0,,
RollingHMM_none_Range+pct_Range_13,RollingHMM,none,Range+pct_Range,2,-0.04649055297049913,-1529.176275863686,730.0,21.0,,
HierarchicalHMM_3factors_none_Returns+Range+pct_Range+pct_fg+pct_RSI_214,HierarchicalHMM,none,Returns+Range+pct_Range+pct_fg+pct_RSI,5,-0.04744934264786965,-6401.985387556838,,,,3.0
HierarchicalHMM_1factors_none_Returns+Range+pct_fg+pct_RSI_115,HierarchicalHMM,none,Returns+Range+pct_fg+pct_RSI,4,-0.048038964172651105,-2680.401275568866,,,,1.0
GMMHMM_none_pct_Range+fg+RSI+pct_RSI_95,GMMHMM,none,pct_Range+fg+RSI+pct_RSI,4,-0.04806906356073611,-8380.115990225773,,,3.0,
HierarchicalHMM_1factors_robust_Returns+Range+pct_Range+pct_RSI_420,HierarchicalHMM,robust,Returns+Range+pct_Range+pct_RSI,4,-0.048123854322619945,-2618.0739020124342,,,,1.0
HierarchicalHMM_1factors_none_Range+fg_7,HierarchicalHMM,none,Range+fg,2,-0.048185399744139365,-1933.4639209333175,,,,1.0
HierarchicalHMM_1factors_robust_Returns+Range+pct_RSI_349,HierarchicalHMM,robust,Returns+Range+pct_RSI,3,-0.04835963674189845,-2628.7585042049827,,,,1.0
RollingHMM_none_Returns+pct_Range+fg+pct_fg+pct_RSI_109,RollingHMM,none,Returns+pct_Range+fg+pct_fg+pct_RSI,5,-0.04846709045563423,-3798.072178707188,730.0,21.0,,
GMMHMM_none_Returns+fg+pct_RSI_39,GMMHMM,none,Returns+fg+pct_RSI,3,-0.04922261443679577,-5343.976052232838,,,3.0,
RollingHMM_robust_Returns+Range+pct_fg+RSI_197,RollingHMM,robust,Returns+Range+pct_fg+RSI,4,-0.05005903026924286,-3597.2419569773692,730.0,21.0,,
HierarchicalHMM_1factors_robust_Returns+Range+pct_Range+fg+RSI+pct_RSI_610,HierarchicalHMM,robust,Returns+Range+pct_Range+fg+RSI+pct_RSI,6,-0.05037180697707076,-2585.798867333894,,,,1.0
StandardHMM_none_Returns+pct_Range+fg+pct_fg+RSI+pct_RSI_124,StandardHMM,none,Returns+pct_Range+fg+pct_fg+RSI+pct_RSI,6,-0.05103523766511499,-9271.517439859519,,,,
RollingHMM_none_Range+pct_fg_15,RollingHMM,none,Range+pct_fg,2,-0.05125016665339598,-1982.758389923448,730.0,21.0,,
HierarchicalHMM_1factors_robust_Returns+Range+pct_Range+fg+pct_fg+pct_RSI_605,HierarchicalHMM,robust,Returns+Range+pct_Range+fg+pct_fg+pct_RSI,6,-0.05364703469050819,-2661.914775029783,,,,1.0
RollingHMM_none_pct_Range+RSI_20,RollingHMM,none,pct_Range+RSI,2,-0.053838784132293004,-1501.5339514688046,730.0,21.0,,
HierarchicalHMM_1factors_robust_Returns+Range+fg+pct_RSI_429,HierarchicalHMM,robust,Returns+Range+fg+pct_RSI,4,-0.05410245314827254,-2633.0063218844434,,,,1.0
RollingHMM_robust_Range+pct_fg+RSI_177,RollingHMM,robust,Range+pct_fg+RSI,3,-0.054878825016602024,-2581.9385349261074,730.0,21.0,,
RollingHMM_robust_Returns+pct_Range+pct_fg+pct_RSI_204,RollingHMM,robust,Returns+pct_Range+pct_fg+pct_RSI,4,-0.057264366576443716,-3260.471344988061,730.0,21.0,,
RollingHMM_robust_Range+pct_fg+pct_RSI_178,RollingHMM,robust,Range+pct_fg+pct_RSI,3,-0.057726215208298945,-2914.819809932371,730.0,21.0,,
HierarchicalHMM_1factors_none_Returns+Range+pct_Range+pct_RSI_100,HierarchicalHMM,none,Returns+Range+pct_Range+pct_RSI,4,-0.05814959618755364,-2618.0739020124342,,,,1.0
HierarchicalHMM_1factors_robust_Returns+Range+pct_Range+pct_fg+RSI+pct_RSI_615,HierarchicalHMM,robust,Returns+Range+pct_Range+pct_fg+RSI+pct_RSI,6,-0.05897530269632626,-2587.862437658805,,,,1.0
HierarchicalHMM_2factors_none_Returns+pct_Range+fg+pct_fg+pct_RSI_241,HierarchicalHMM,none,Returns+pct_Range+fg+pct_fg+pct_RSI,5,-0.06016265716133336,-4783.882252487735,,,,2.0
HierarchicalHMM_1factors_robust_Returns+Range+pct_Range+fg+pct_fg+RSI+pct_RSI_635,HierarchicalHMM,robust,Returns+Range+pct_Range+fg+pct_fg+RSI+pct_RSI,7,-0.06043103182177269,-2586.459921389817,,,,1.0
HierarchicalHMM_1factors_robust_Returns+Range+pct_fg+RSI+pct_RSI_552,HierarchicalHMM,robust,Returns+Range+pct_fg+RSI+pct_RSI,5,-0.061936560425319524,-2589.382669514484,,,,1.0
HierarchicalHMM_2factors_none_pct_Range+fg+pct_RSI_76,HierarchicalHMM,none,pct_Range+fg+pct_RSI,3,-0.06210243487171883,-4291.862738775716,,,,2.0
HierarchicalHMM_1factors_robust_Returns+Range+pct_Range+pct_fg+pct_RSI_532,HierarchicalHMM,robust,Returns+Range+pct_Range+pct_fg+pct_RSI,5,-0.06280728116124917,-2642.5700236888338,,,,1.0
HierarchicalHMM_1factors_robust_Returns+Range+fg+pct_fg+RSI+pct_RSI_620,HierarchicalHMM,robust,Returns+Range+fg+pct_fg+RSI+pct_RSI,6,-0.06317013651016516,-2587.282572177713,,,,1.0
HierarchicalHMM_1factors_none_Returns+Range+pct_Range+pct_fg+pct_RSI_212,HierarchicalHMM,none,Returns+Range+pct_Range+pct_fg+pct_RSI,5,-0.06500998022134452,-2642.570023688859,,,,1.0
HierarchicalHMM_1factors_none_Returns+pct_Range+pct_RSI_37,HierarchicalHMM,none,Returns+pct_Range+pct_RSI,3,-0.06519613547769573,-2667.7555658007873,,,,1.0
HierarchicalHMM_1factors_none_Returns+pct_Range+fg+pct_RSI_127,HierarchicalHMM,none,Returns+pct_Range+fg+pct_RSI,4,-0.06735173207561582,-2634.6898485043434,,,,1.0
HierarchicalHMM_1factors_none_Returns+RSI+pct_RSI_49,HierarchicalHMM,none,Returns+RSI+pct_RSI,3,-0.06848562428839594,-2590.572694321776,,,,1.0
HierarchicalHMM_1factors_none_Returns+pct_Range+RSI+pct_RSI_136,HierarchicalHMM,none,Returns+pct_Range+RSI+pct_RSI,4,-0.06850039989956888,-2589.22747835046,,,,1.0
HierarchicalHMM_1factors_none_Returns+pct_fg+RSI+pct_RSI_148,HierarchicalHMM,none,Returns+pct_fg+RSI+pct_RSI,4,-0.06858229517726028,-2593.8771891657307,,,,1.0
HierarchicalHMM_1factors_none_Returns+Range+pct_Range+fg+pct_fg+pct_RSI_285,HierarchicalHMM,none,Returns+Range+pct_Range+fg+pct_fg+pct_RSI,6,-0.06858333469872588,-2661.9147750297093,,,,1.0
HierarchicalHMM_1factors_none_Range+fg+pct_RSI_63,HierarchicalHMM,none,Range+fg+pct_RSI,3,-0.06979996659772793,-2658.8202251552584,,,,1.0
HierarchicalHMM_1factors_none_Returns+Range+pct_Range+pct_fg+RSI+pct_RSI_295,HierarchicalHMM,none,Returns+Range+pct_Range+pct_fg+RSI+pct_RSI,6,-0.07033539205897037,-2587.862437658898,,,,1.0
HierarchicalHMM_1factors_none_Returns+Range+pct_Range+RSI+pct_RSI_216,HierarchicalHMM,none,Returns+Range+pct_Range+RSI+pct_RSI,5,-0.07036486547488316,-2586.5499216473495,,,,1.0
HierarchicalHMM_1factors_none_Returns+Range+pct_fg+RSI+pct_RSI_232,HierarchicalHMM,none,Returns+Range+pct_fg+RSI+pct_RSI,5,-0.07107282386158238,-2589.382669514484,,,,1.0
HierarchicalHMM_1factors_none_Returns+Range+RSI+pct_RSI_118,HierarchicalHMM,none,Returns+Range+RSI+pct_RSI,4,-0.07138728357467929,-2587.3100150958307,,,,1.0
RollingHMM_none_Range+pct_fg+pct_RSI_51,RollingHMM,none,Range+pct_fg+pct_RSI,3,-0.07151324606881658,-2914.81980993237,730.0,21.0,,
StandardHMM_none_Returns+pct_Range+fg+pct_fg+pct_RSI_109,StandardHMM,none,Returns+pct_Range+fg+pct_fg+pct_RSI,5,-0.07465882714850451,-1939.0141802129701,,,,
HierarchicalHMM_1factors_none_fg+pct_fg_15,HierarchicalHMM,none,fg+pct_fg,2,-0.0750810696269849,-1968.8850807862084,,,,1.0
RollingHMM_none_pct_Range+pct_fg_19,RollingHMM,none,pct_Range+pct_fg,2,-0.07528227646382188,-2012.1895918353832,730.0,21.0,,
GMMHMM_none_Returns+pct_fg_10,GMMHMM,none,Returns+pct_fg,2,-0.07528719655361617,-6130.109550139582,,,3.0,
HierarchicalHMM_1factors_none_Range+fg+pct_fg_59,HierarchicalHMM,none,Range+fg+pct_fg,3,-0.07568214297459867,-1968.1437330100023,,,,1.0
HierarchicalHMM_1factors_none_Range+fg+pct_fg+pct_RSI_172,HierarchicalHMM,none,Range+fg+pct_fg+pct_RSI,4,-0.07577579307377258,-1968.1192362134248,,,,1.0
HierarchicalHMM_1factors_none_Returns+fg+pct_fg+RSI+pct_RSI_252,HierarchicalHMM,none,Returns+fg+pct_fg+RSI+pct_RSI,5,-0.07592123569796105,-2590.455384859457,,,,1.0
HierarchicalHMM_1factors_none_Returns+fg+RSI+pct_RSI_145,HierarchicalHMM,none,Returns+fg+RSI+pct_RSI,4,-0.07592680783415548,-2589.6755966782457,,,,1.0
HierarchicalHMM_1factors_robust_Returns+pct_Range+RSI+pct_RSI_456,HierarchicalHMM,robust,Returns+pct_Range+RSI+pct_RSI,4,-0.07659495328820197,-2589.2274783504963,,,,1.0
HierarchicalHMM_1factors_robust_Returns+pct_Range+pct_RSI_357,HierarchicalHMM,robust,Returns+pct_Range+pct_RSI,3,-0.07676932990223756,-2667.7555658007873,,,,1.0
HierarchicalHMM_1factors_none_Returns+pct_Range+fg+pct_fg+RSI+pct_RSI_305,HierarchicalHMM,none,Returns+pct_Range+fg+pct_fg+RSI+pct_RSI,6,-0.07701645964675621,-2589.1562996445023,,,,1.0
HierarchicalHMM_1factors_none_Returns+pct_Range+fg+RSI+pct_RSI_244,HierarchicalHMM,none,Returns+pct_Range+fg+RSI+pct_RSI,5,-0.07731352313269191,-2588.4449054260776,,,,1.0
HierarchicalHMM_1factors_robust_Returns+pct_Range+fg+RSI+pct_RSI_564,HierarchicalHMM,robust,Returns+pct_Range+fg+RSI+pct_RSI,5,-0.0775040966657062,-2588.444905426089,,,,1.0
HierarchicalHMM_1factors_none_Returns+Range+pct_Range+fg+pct_fg+RSI+pct_RSI_315,HierarchicalHMM,none,Returns+Range+pct_Range+fg+pct_fg+RSI+pct_RSI,7,-0.07785722848422422,-2586.459921389817,,,,1.0
HierarchicalHMM_1factors_none_Returns+Range+fg+RSI+pct_RSI_228,HierarchicalHMM,none,Returns+Range+fg+RSI+pct_RSI,5,-0.07804667365385465,-2586.683626648646,,,,1.0
HierarchicalHMM_1factors_none_Returns+Range+fg+pct_fg+RSI+pct_RSI_300,HierarchicalHMM,none,Returns+Range+fg+pct_fg+RSI+pct_RSI,6,-0.07823537779629801,-2587.282572177713,,,,1.0
RollingHMM_none_Returns+pct_Range+pct_fg+pct_RSI_77,RollingHMM,none,Returns+pct_Range+pct_fg+pct_RSI,4,-0.0784630661386996,-3260.471344988061,730.0,21.0,,
HierarchicalHMM_1factors_none_pct_Range+fg+pct_fg_71,HierarchicalHMM,none,pct_Range+fg+pct_fg,3,-0.07922330223606393,-1968.6550751415716,,,,1.0
HierarchicalHMM_1factors_none_Range+pct_Range+fg+pct_fg_151,HierarchicalHMM,none,Range+pct_Range+fg+pct_fg,4,-0.07922837031142105,-1968.063831449822,,,,1.0
HierarchicalHMM_1factors_none_pct_Range+fg+pct_fg+pct_RSI_184,HierarchicalHMM,none,pct_Range+fg+pct_fg+pct_RSI,4,-0.07926415392292394,-1968.6189102671465,,,,1.0
HierarchicalHMM_1factors_none_Range+pct_Range+fg+pct_fg+pct_RSI_260,HierarchicalHMM,none,Range+pct_Range+fg+pct_fg+pct_RSI,5,-0.0792689817944195,-1968.027709810463,,,,1.0
HierarchicalHMM_1factors_none_Returns+pct_Range+pct_fg+RSI+pct_RSI_248,HierarchicalHMM,none,Returns+pct_Range+pct_fg+RSI+pct_RSI,5,-0.08112193317133269,-2591.6111920095086,,,,1.0
HierarchicalHMM_1factors_none_Returns+pct_Range+fg+pct_fg+pct_RSI_240,HierarchicalHMM,none,Returns+pct_Range+fg+pct_fg+pct_RSI,5,-0.08153916859809697,-1977.9611723404732,,,,1.0
HierarchicalHMM_1factors_none_Returns+Range+pct_Range+fg+RSI+pct_RSI_290,HierarchicalHMM,none,Returns+Range+pct_Range+fg+RSI+pct_RSI,6,-0.08181378199706196,-2585.798867333894,,,,1.0
HierarchicalHMM_1factors_none_Returns+Range+fg+pct_fg_103,HierarchicalHMM,none,Returns+Range+fg+pct_fg,4,-0.08218981451148964,-1970.0906990698554,,,,1.0
HierarchicalHMM_1factors_none_Returns+fg+pct_fg+pct_RSI_142,HierarchicalHMM,none,Returns+fg+pct_fg+pct_RSI,4,-0.08345266940186355,-1976.3056029154386,,,,1.0
HierarchicalHMM_1factors_none_Returns+fg+pct_fg_39,HierarchicalHMM,none,Returns+fg+pct_fg,3,-0.08364261431466744,-1970.7961064685433,,,,1.0
HierarchicalHMM_1factors_none_fg+pct_fg+pct_RSI_85,HierarchicalHMM,none,fg+pct_fg+pct_RSI,3,-0.08372559802468012,-1968.8569350411733,,,,1.0
HierarchicalHMM_1factors_robust_Returns+fg+RSI+pct_RSI_465,HierarchicalHMM,robust,Returns+fg+RSI+pct_RSI,4,-0.08397323762811,-2589.6755966782457,,,,1.0
HierarchicalHMM_1factors_none_Returns+fg+pct_RSI_43,HierarchicalHMM,none,Returns+fg+pct_RSI,3,-0.08546832987718717,-2619.2965338220797,,,,1.0
HierarchicalHMM_1factors_robust_Returns+RSI+pct_RSI_369,HierarchicalHMM,robust,Returns+RSI+pct_RSI,3,-0.08684317978479072,-2590.572694321776,,,,1.0
HierarchicalHMM_1factors_robust_Returns+pct_Range+fg+pct_fg+RSI+pct_RSI_625,HierarchicalHMM,robust,Returns+pct_Range+fg+pct_fg+RSI+pct_RSI,6,-0.0872243336565829,-2589.15629964447,,,,1.0
HierarchicalHMM_1factors_none_Returns+pct_Range+fg+pct_fg_121,HierarchicalHMM,none,Returns+pct_Range+fg+pct_fg,4,-0.08766574032746698,-1970.5411550762085,,,,1.0
HierarchicalHMM_1factors_none_Returns+Range+fg+pct_RSI_109,HierarchicalHMM,none,Returns+Range+fg+pct_RSI,4,-0.09136144309597065,-2633.0063218844434,,,,1.0
HierarchicalHMM_1factors_robust_Returns+fg+pct_fg+RSI+pct_RSI_572,HierarchicalHMM,robust,Returns+fg+pct_fg+RSI+pct_RSI,5,-0.0932546646657528,-2590.455384859457,,,,1.0
HierarchicalHMM_3factors_none_pct_Range+fg+pct_fg+pct_RSI_186,HierarchicalHMM,none,pct_Range+fg+pct_fg+pct_RSI,4,-0.09533735843998196,-6588.0470421658865,,,,3.0
HierarchicalHMM_1factors_none_Returns+Range+pct_RSI_29,HierarchicalHMM,none,Returns+Range+pct_RSI,3,-0.09704386938419314,-2628.7585042050546,,,,1.0
HierarchicalHMM_1factors_robust_Returns+pct_fg+RSI+pct_RSI_468,HierarchicalHMM,robust,Returns+pct_fg+RSI+pct_RSI,4,-0.09735989869751428,-2593.8771891658525,,,,1.0
HierarchicalHMM_1factors_robust_Returns+pct_Range+pct_fg+RSI+pct_RSI_568,HierarchicalHMM,robust,Returns+pct_Range+pct_fg+RSI+pct_RSI,5,-0.1007512698165152,-2591.6111920095727,,,,1.0
HierarchicalHMM_1factors_none_Range+pct_fg+RSI_65,HierarchicalHMM,none,Range+pct_fg+RSI,3,-0.11899965385797762,-1970.025676135128,,,,1.0
HierarchicalHMM_1factors_none_Range+pct_fg+RSI+pct_RSI_178,HierarchicalHMM,none,Range+pct_fg+RSI+pct_RSI,4,-0.11907566835850363,-1970.6111054157911,,,,1.0
HierarchicalHMM_1factors_none_pct_fg+RSI_18,HierarchicalHMM,none,pct_fg+RSI,2,-0.11951666663606017,-1970.1812708933319,,,,1.0
HierarchicalHMM_1factors_none_pct_fg+RSI+pct_RSI_89,HierarchicalHMM,none,pct_fg+RSI+pct_RSI,3,-0.11959358405932337,-1970.7474164982816,,,,1.0
HierarchicalHMM_1factors_none_Returns+pct_fg+RSI_45,HierarchicalHMM,none,Returns+pct_fg+RSI,3,-0.12026687717277866,-1999.935213097058,,,,1.0
HierarchicalHMM_1factors_none_Range+pct_Range+pct_fg+RSI+pct_RSI_268,HierarchicalHMM,none,Range+pct_Range+pct_fg+RSI+pct_RSI,5,-0.12179686036188314,-1978.5587312581197,,,,1.0
HierarchicalHMM_1factors_none_pct_Range+pct_fg+RSI+pct_RSI_190,HierarchicalHMM,none,pct_Range+pct_fg+RSI+pct_RSI,4,-0.12290517459417254,-1970.377022213911,,,,1.0
HierarchicalHMM_1factors_none_pct_Range+pct_fg+RSI_77,HierarchicalHMM,none,pct_Range+pct_fg+RSI,3,-0.12339021519757502,-1969.8472447782033,,,,1.0
HierarchicalHMM_1factors_none_Range+pct_Range+pct_fg+RSI_160,HierarchicalHMM,none,Range+pct_Range+pct_fg+RSI,4,-0.1237981392098779,-1975.2847592209293,,,,1.0
GMMHMM_none_Returns+pct_Range+fg+RSI+pct_RSI_110,GMMHMM,none,Returns+pct_Range+fg+RSI+pct_RSI,5,-0.1301415626918441,-9210.852110248488,,,3.0,
StandardHMM_robust_pct_fg_131,StandardHMM,robust,pct_fg,1,-0.45916128502204545,-3058.073019804697,,,,
GMMHMM_robust_pct_fg_131,GMMHMM,robust,pct_fg,1,-0.45916128502204545,-3058.073019804697,,,3.0,
GMMHMM_none_pct_fg_4,GMMHMM,none,pct_fg,1,-0.45916128502204556,-3058.073019804697,,,3.0,
StandardHMM_none_pct_fg_4,StandardHMM,none,pct_fg,1,-0.45916128502204556,994.715060389126,,,,
RollingHMM_none_pct_Range_2,RollingHMM,none,pct_Range,1,-0.6727139284169847,-766.6435962709666,730.0,21.0,,
RollingHMM_robust_pct_Range_129,RollingHMM,robust,pct_Range,1,-0.6727139284169847,-766.6435962709662,730.0,21.0,,
RollingHMM_robust_RSI_132,RollingHMM,robust,RSI,1,-0.7861328850280638,-508.6021786032785,730.0,21.0,,
RollingHMM_none_RSI_5,RollingHMM,none,RSI,1,-0.7861328850280638,-508.6021786032785,730.0,21.0,,
GMMHMM_none_pct_RSI_6,GMMHMM,none,pct_RSI,1,-0.8591724310581109,-2870.1977633708,,,3.0,
GMMHMM_robust_pct_RSI_133,GMMHMM,robust,pct_RSI,1,-0.8591724310581109,-2870.19776337086,,,3.0,
StandardHMM_robust_pct_RSI_133,StandardHMM,robust,pct_RSI,1,-0.8591724310581109,-2870.19776337086,,,,
StandardHMM_none_pct_RSI_6,StandardHMM,none,pct_RSI,1,-0.8608986097916014,1988.8188169759167,,,,
RollingHMM_none_fg_3,RollingHMM,none,fg,1,-0.8840834336335541,-333.5392251601356,730.0,21.0,,
RollingHMM_robust_fg_130,RollingHMM,robust,fg,1,-0.8840834336335542,-333.5392251601355,730.0,21.0,,
RollingHMM_robust_Range_128,RollingHMM,robust,Range,1,-0.9619352086541791,-766.4154520464306,730.0,21.0,,
RollingHMM_none_Range_1,RollingHMM,none,Range,1,-0.9619352086541791,-766.4154520464299,730.0,21.0,,
RollingHMM_none_Returns_0,RollingHMM,none,Returns,1,-0.9858149023879366,-1093.3943426381957,730.0,21.0,,
RollingHMM_robust_Returns_127,RollingHMM,robust,Returns,1,-0.9858149023879366,-1093.3943426381952,730.0,21.0,,
RollingHMM_none_pct_RSI_6,RollingHMM,none,pct_RSI,1,-0.9886161566229227,-1000.3125043571754,730.0,21.0,,
RollingHMM_robust_pct_RSI_133,RollingHMM,robust,pct_RSI,1,-0.9886161566229227,-1000.3125043571749,730.0,21.0,,
StandardHMM_robust_Returns_127,StandardHMM,robust,Returns,1,-0.9907360355905837,-2951.6278030982216,,,,
GMMHMM_none_Returns_0,GMMHMM,none,Returns,1,-0.9907360355905837,-2951.6278030982216,,,3.0,
GMMHMM_robust_Returns_127,GMMHMM,robust,Returns,1,-0.9907360355905837,-2951.6278030982216,,,3.0,
StandardHMM_none_Returns_0,StandardHMM,none,Returns,1,-0.9926819421953431,4218.417016745094,,,,
RollingHMM_none_pct_fg_4,RollingHMM,none,pct_fg,1,-0.9952999049284231,-1072.643619948767,730.0,21.0,,
RollingHMM_robust_pct_fg_131,RollingHMM,robust,pct_fg,1,-0.9952999049284231,-1072.6436199487662,730.0,21.0,,
