Price,Returns,Range,Log_Range,pct_Range,fg,pct_fg,RSI,pct_RSI
Ticker,,,,,,,,
Date,,,,,,,,
2018-02-16,0.006617573638271057,0.05081816063747979,0.04956906135736859,-0.4310594918351184,67.0,-0.05633802816901412,63.799057927288466,0.007787979885426344
2018-02-17,0.08238283884948888,0.09755252244157742,0.09308272126090145,0.9196389876738227,74.0,0.10447761194029859,69.53769608652864,0.08994863475539838
2018-02-18,-0.05179217303128765,0.0991477633824811,0.09453511896087248,0.016352636518025987,63.0,-0.14864864864864868,62.705290662893944,-0.09825469936669817
2018-02-19,0.06187369895710683,0.07234710604237593,0.0698498031889635,-0.27031025638689,67.0,0.06349206349206349,66.90957618019631,0.0670483379130602
2018-02-20,0.01576773934263906,0.0647002446579592,0.06269329912891003,-0.10569685233764181,74.0,0.10447761194029859,67.94054146646319,0.015408336819984436
2018-02-21,-0.06459170224791023,0.08964514372824328,0.08585208702350333,0.3855456683688976,54.0,-0.2702702702702703,59.904174039021626,-0.1182853014412385
2018-02-22,-0.06626121098880938,0.11067510032789563,0.10496802894009641,0.23459114152802374,44.0,-0.18518518518518523,53.37141788885881,-0.10905343834483683
2018-02-23,0.02916567969339066,0.07732658359507427,0.0744825867437682,-0.3013190558130976,39.0,-0.11363636363636365,55.62293922801723,0.04218590077271345
2018-02-24,-0.048535445290413405,0.11000668262600088,0.1043660356899049,0.4226243745884093,31.0,-0.20512820512820518,51.23199548776458,-0.07894123901386596
2018-02-25,-0.01523197751850677,0.05486944697139329,0.053417012324198064,-0.5012171473442424,33.0,0.06451612903225801,49.94148367113823,-0.02518956765864322
2018-02-26,0.07011553986619887,0.10243076610633839,0.09751752918457889,0.8668087936031441,37.0,0.1212121212121211,55.63646270644494,0.11403303659954944
2018-02-27,0.0340346060989737,0.06172108555790001,0.059891257024694895,-0.3974360643380883,44.0,0.18918918918918926,58.25159177016622,0.0470038700612494
2018-02-28,-0.03102947063646394,0.06703488097853394,0.06488366248681832,0.08609368050808341,41.0,-0.06818181818181823,55.060116897143125,-0.05478777104693
2018-03-01,0.05182687604474616,0.06757653522042162,0.06539115930745987,0.0080801850317469,38.0,-0.07317073170731703,59.130161621866286,0.07392001604948173
2018-03-02,0.012288390831968733,0.031234772290216872,0.030756892293699215,-0.5377867156353153,47.0,0.23684210526315796,60.08322962150811,0.016118136218477463
2018-03-03,0.03573183173255637,0.04778955373552174,0.04668275823005088,0.5300112737012024,56.0,0.1914893617021276,62.86128333119457,0.04623675736452082
2018-03-04,0.0019910549659772955,0.03380896482670126,0.03325000546468411,-0.2925448725927059,44.0,-0.2142857142857143,63.01866309568063,0.0025036040651107427
2018-03-05,0.005258650235306609,0.02273693494948259,0.022482303313591943,-0.3274879882886662,55.0,0.25,63.4606739487699,0.0070139674721148015
2018-03-06,-0.07101737882303372,0.07534853327511004,0.07264482603275435,2.3139265887209963,59.0,0.07272727272727275,54.321471061775036,-0.14401364369960357
2018-03-07,-0.0785471416488412,0.12766864915532716,0.12015235917384144,0.6943747091822965,37.0,-0.3728813559322034,46.86185613611009,-0.13732350725888443
2018-03-08,-0.05895751127349285,0.0869260458051424,0.08335357068671395,-0.3191277077007023,39.0,0.054054054054053946,42.46206608219734,-0.09388851438435508
2018-03-09,-0.006134788034011313,0.11198354819811485,0.10614540093307877,0.2882623057436955,37.0,-0.05128205128205132,42.03404815776517,-0.01008000702565015
2018-03-10,-0.05182014795719041,0.07961182489223595,0.07660155513269921,-0.28907570644759983,39.0,0.054054054054053946,38.595723022061605,-0.0817985725000504
2018-03-11,0.0773108269362234,0.12835530539929296,0.12076109053397006,0.6122643284843312,40.0,0.02564102564102555,45.80990042093024,0.1869164983577314
2018-03-12,-0.039774699535065794,0.10953810242816142,0.10394380478205727,-0.1466024556803025,41.0,0.02499999999999991,42.960951259356655,-0.06219068662877769
2018-03-13,-0.0011163614975213596,0.05717554869425423,0.05560077511717087,-0.47803049873214865,41.0,0.0,42.88197895500526,-0.0018382345370947517
2018-03-14,-0.10603202002040293,0.15953962099363905,0.14802304788741633,1.7903470038700608,40.0,-0.024390243902439046,36.39305439514998,-0.15132054811798468
2018-03-15,0.0037476840392196608,0.08291091806952777,0.07965270985229715,-0.480311426383334,32.0,-0.19999999999999996,36.7390973202472,0.009508488112592417
2018-03-16,0.00450614197866649,0.07243196425712295,0.06992893321775426,-0.12638810492506358,33.0,0.03125,37.18344055593314,0.012094560511726637
2018-03-17,-0.05186813420832641,0.06831214097172889,0.06607996466383537,-0.05687852493920076,31.0,-0.06060606060606055,34.269162997704356,-0.0783756832250363
2018-03-18,0.03802058543426426,0.114560779941554,0.10846040797055055,0.6770193162144518,29.0,-0.06451612903225812,38.07393139782248,0.11102600902079218
2018-03-19,0.048302106725166924,0.06030873835711703,0.05856012831631271,-0.4735655746418188,29.0,0.0,42.80349737756478,0.1242205836409318
2018-03-20,0.03224371887087316,0.07880078410037572,0.07585003910962507,0.3066229910789775,37.0,0.27586206896551735,45.895984587501786,0.07224847032144432
2018-03-21,0.0017722101148143986,0.037421171959328925,0.036737991401796705,-0.5251167563045798,36.0,-0.027027027027026973,46.07152578172544,0.003824761486246775
2018-03-22,-0.022745729727735496,0.06255876260966065,0.06067992627267817,0.6717478190595534,36.0,0.0,44.1138152351931,-0.04249285243574197
2018-03-23,0.017168711059965366,0.062076735065746735,0.06022617545027905,-0.007705196263576242,28.0,-0.2222222222222222,45.97470426806921,0.04218381527316928
2018-03-24,-0.02410683537135471,0.038136501925864597,0.037427280843240124,-0.38565548130916594,32.0,0.1428571428571428,43.77806685848423,-0.04777926132546351
2018-03-25,-0.02008233931084544,0.02756626942728513,0.027193161101466613,-0.2771683810730061,30.0,-0.0625,42.01642144154152,-0.04024036562960531
2018-03-26,-0.03428971504220468,0.0768358602976289,0.07402698200762109,1.7873144206294622,31.0,0.03333333333333344,39.19399309368644,-0.06717441064756058
2018-03-27,-0.04692919680936608,0.05585287437168995,0.05434885206599047,-0.2730884491259671,24.0,-0.22580645161290325,35.79126708720728,-0.08681753855356178
2018-03-28,0.01538459954530477,0.040173311373973064,0.03938734482135092,-0.28072974173849075,24.0,0.0,37.671604480368195,0.05253620634830769
2018-03-29,-0.10442950860100436,0.1289226408441042,0.12126376275269402,2.209161416741684,18.0,-0.25,31.26682266357429,-0.1700161674858216
2018-03-30,-0.03915922419318774,0.08867985823916369,0.0849658229890816,-0.3121467442914304,12.0,-0.33333333333333337,29.389542452913407,-0.06004064534666975
2018-03-31,0.01197496528897845,0.05016814654071866,0.048950290911050194,-0.43427800250403537,16.0,0.33333333333333326,30.740438150975987,0.045965183031580814
2018-04-01,-0.018715563309412864,0.08182790043861643,0.07865211087748195,0.6310728237129775,16.0,0.0,29.784571064640446,-0.03109477755785317
2018-04-02,0.03440450062348593,0.04678154339330609,0.04572026006380002,-0.42829348984214155,11.0,-0.3125,33.88657470409472,0.13772243456358102
2018-04-03,0.051223352843477454,0.06482153977435123,0.0628072168332603,0.3856220866716096,22.0,1.0,39.77498105152838,0.1737681190516469
2018-04-04,-0.08422475580705478,0.0978853259421002,0.09338589860050774,0.5100740630791332,22.0,0.0,34.43244847617473,-0.13431892194825723
2018-04-05,-0.006201068910304803,0.043495670001579834,0.0425762980311377,-0.5556466755057055,17.0,-0.2272727272727273,34.08558699550334,-0.010073680380626837
2018-04-06,-0.026050420941338085,0.042964294201520925,0.04206694168530398,-0.012216751691366268,19.0,0.11764705882352944,32.62257612207866,-0.04292168633087301
2018-04-07,0.040569778635102284,0.06334811172665655,0.06142252620760384,0.4744362244036129,20.0,0.05263157894736836,37.178026003019895,0.13964102233661868
2018-04-08,0.0161371745154427,0.027685062480776512,0.027308760640831358,-0.5629694125653506,17.0,-0.15000000000000002,38.99553562046853,0.048886662710414086
2018-04-09,-0.03665561276645477,0.07747228842263088,0.07461782426377139,1.798342553007593,21.0,0.23529411764705888,36.4426198818579,-0.06546687198907508
2018-04-10,0.009412414998555812,0.025097925368200213,0.024788144971593828,-0.676039963718579,18.0,-0.1428571428571429,37.557702978694984,0.03059832417241215
2018-04-11,0.019352815614150316,0.022108983368503976,0.02186812344302777,-0.11909119801126322,20.0,0.11111111111111116,39.92532261107997,0.06303952171217841
2018-04-12,0.12412693581038274,0.1605404608926484,0.1488858111764126,6.261322613383987,18.0,-0.09999999999999998,53.123714951961695,0.33057697415371523
2018-04-13,0.0008501580097129826,0.054779431639034426,0.053331675533487395,-0.6587811487867546,23.0,0.2777777777777777,53.204385074614684,0.0015185331584197659
2018-04-18,0.03253592757494634,0.0395371104435589,0.03877552796109459,-0.22911973493265148,24.0,-0.07692307692307687,55.40245637913925,0.06570539996704716
2018-04-19,0.015906496489625957,0.019647987628673702,0.0194574575639942,-0.5030494791286748,25.0,0.04166666666666674,57.050576484040064,0.029748141375214976
2018-04-20,0.06437648463049019,0.07710441415477498,0.07427634255092207,2.924290650623733,26.0,0.040000000000000036,63.21861460999116,0.10811526379013192
2018-04-21,0.005608362578138261,0.03992301408090149,0.03914668549109142,-0.4822214198948154,32.0,0.23076923076923084,63.724691984897994,0.00800519559039592
2018-04-22,-0.010523309510453865,0.025289197126554308,0.02497471633347031,-0.36655090531723544,31.0,-0.03125,62.00500001715634,-0.026986273517794368
2018-04-23,0.014483697709083162,0.019313222458290813,0.019129089204915274,-0.23630543264612258,28.0,-0.09677419354838712,63.469119853423315,0.023612931793595138
2018-04-24,0.08235319918742609,0.09014287530061482,0.08630876590849297,3.6674176458790875,29.0,0.03571428571428581,70.7221817003254,0.11427701949629077
2018-04-25,-0.09193210663750347,0.10744291777327275,0.10205368009486923,0.19191802363708188,64.0,1.206896551724138,57.14622649494668,-0.19196177039482154
2018-04-26,0.04808821013231678,0.0635286139825928,0.06159226078054615,-0.4087221819808394,47.0,-0.265625,61.24511087907016,0.07172624747997891
2018-04-27,-0.0322395933068439,0.0432199587535842,0.042312044248014866,-0.3196772911584894,55.0,0.17021276595744683,57.25964305636282,-0.0650740567778012
2018-04-28,0.03942918286213941,0.05375057481896062,0.05235577583219989,0.24365169169679324,54.0,-0.018181818181818188,60.64490497764508,0.05912125435273885
2018-04-29,0.007523614187495628,0.03674036649760226,0.036081528080543296,-0.31646560764514786,61.0,0.12962962962962954,61.289876696490694,0.010635216908714051
2018-04-30,-0.019136041014403197,0.03385366257962108,0.0332932405189278,-0.07857036260565264,59.0,-0.032786885245901676,58.671332470276134,-0.042723927136967044
2018-05-01,-0.01324016669459219,0.041033408443247765,0.04021388176268446,0.21208180493736828,56.0,-0.05084745762711862,56.88938622528777,-0.030371668240040783
2018-05-02,0.012739001376982891,0.026774946614868567,0.026422770238084387,-0.3474842176003903,52.0,-0.0714285714285714,58.204360259157184,0.023114575865909037
2018-05-03,0.05353715789106724,0.06640941446959636,0.06429731811570756,1.4802818629232344,55.0,0.05769230769230771,63.42435629988996,0.08968393463119484
2018-05-04,-0.004433170333562973,0.02015867322234266,0.019958177180358062,-0.6964485625517489,56.0,0.018181818181818077,62.70867137155321,-0.011284070822142334
2018-05-05,0.016094355065083252,0.02778510008709878,0.027406098571805045,0.3783198815040787,63.0,0.125,64.2931895653208,0.025267928009177876
2018-05-06,-0.020843383079432266,0.050171907602810206,0.048953872295011455,0.8057126821762324,67.0,0.06349206349206349,60.70430011190791,-0.05582067832809323
2018-05-07,-0.02962092312799005,0.04704738251113105,0.04597418636691339,-0.06227638614849362,56.0,-0.16417910447761197,56.03631392932817,-0.07689712547503791
2018-05-08,-0.014853101418770562,0.03669904981749972,0.03604167480122112,-0.21995554569232412,62.0,0.1071428571428572,53.849432771183054,-0.03902614224238887
2018-05-09,0.009737078547251641,0.03799314452835456,0.037289180221265275,0.035262349224032485,53.0,-0.14516129032258063,55.08379239433936,0.022922425727330165
2018-05-10,-0.03062326710905233,0.039325229770655,0.038571685051885185,0.03506120008851332,63.0,0.18867924528301883,50.551804558921944,-0.08227443388380684
2018-05-11,-0.0689361065966995,0.07844459358484546,0.07551981193894562,0.9947650412301428,41.0,-0.3492063492063492,42.48767090790625,-0.15952217178748462
2018-05-12,0.007482389783710855,0.05367062097190978,0.052279897457958524,-0.315814914461125,44.0,0.07317073170731714,43.5089616362446,0.024037343222508945
2018-05-13,0.025429769131291063,0.045077340433192115,0.04409089266208649,-0.16011144240748076,40.0,-0.09090909090909094,47.010224812433975,0.0804722301916001
2018-05-14,-0.0008199646268759205,0.061323165282984204,0.059516398818684535,0.36039892091392534,40.0,0.0,46.90802220742442,-0.0021740505478825556
2018-05-15,-0.023964474196194036,0.04490539477019495,0.04392634999817939,-0.2677254254086068,40.0,0.0,43.93840863743979,-0.06330715792819364
2018-05-16,-0.016772482047846687,0.0407240964859954,0.039916717507197295,-0.09311349573024585,32.0,-0.19999999999999996,41.97588207588895,-0.04466539918968715
2018-05-17,-0.03335153970564195,0.048598719187178396,0.04745471970521408,0.19336519114404416,31.0,-0.03125,38.394322280887266,-0.0853242294831712
2018-05-18,0.019168176638719434,0.03753066521450488,0.036843529519179435,-0.2277437380611783,37.0,0.19354838709677424,41.46372381981422,0.07994415206685135
2018-05-19,-0.0004594502127542603,0.02306017345027156,0.02279830581662767,-0.3855644892390757,31.0,-0.16216216216216217,41.409966688000935,-0.0012964858642917632
2018-05-20,0.031752487481541386,0.04352948989581962,0.04260870769719502,0.8876479827738246,32.0,0.032258064516129004,46.640181723047604,0.12630329008601193
2018-05-21,-0.011133876917273966,0.023000197411054968,0.022739679942154062,-0.47161803489767506,41.0,0.28125,45.10405854762186,-0.03293561728698535
2018-05-22,-0.045839471398213046,0.05230379580049993,0.05098185190484986,1.2740585598348075,30.0,-0.2682926829268293,39.49771370276278,-0.12429801275953423
2018-05-23,-0.06206765944472573,0.07282752014842742,0.07029770529279934,0.39239454869031354,26.0,-0.1333333333333333,33.70856333449234,-0.14656925238347407
2018-05-24,0.0038982826938899168,0.05557934418641053,0.05408975761398255,-0.23683596430118636,27.0,0.03846153846153855,34.34072887817273,0.018753856027839966
2018-05-25,-0.014229521588760126,0.036047998741359555,0.03541347359547964,-0.3514137442777977,25.0,-0.07407407407407407,33.106081849711416,-0.03595284866670578
2018-05-26,-0.016751549202161684,0.03347884306409443,0.0329306287778456,-0.0712704107570169,23.0,-0.07999999999999996,31.684087620439602,-0.04295265853951269
2018-05-27,0.0016762090503006405,0.01523599002506626,0.015121087956986022,-0.544906913422984,19.0,-0.17391304347826086,31.996480217138078,0.009859605251721026
2018-05-28,-0.032025159738966816,0.04480560350082641,0.04383084275385042,1.9407740112137253,22.0,0.1578947368421053,29.28274900803425,-0.08481342918619805
2018-05-29,0.046090611580090195,0.06145246087703282,0.05963821630388187,0.3715351669328453,16.0,-0.2727272727272727,37.5502681023801,0.28233411733568814
2018-05-30,-0.008880942351451794,0.03557344104148852,0.03495532260412701,-0.42112259568137655,38.0,1.375,36.644671271751825,-0.024116920501317973
2018-05-31,0.011764678499798073,0.03365923757299383,0.03310516429731292,-0.053809904593210334,25.0,-0.3421052631578947,38.75488420499477,0.05758580606696939
2018-06-01,0.006289122618005123,0.02664791151513035,0.026299040145768213,-0.20830317509891982,24.0,-0.040000000000000036,39.91741631740963,0.02999704775959655
2018-06-02,0.01343460036267325,0.026485718610210984,0.02614104467691326,-0.006086514690927136,27.0,0.125,42.45514323949715,0.06357442831240334
2018-06-03,0.009997649447416887,0.01863251696147894,0.018461058148975293,-0.2965070257034451,40.0,0.4814814814814814,44.36070289376681,0.0448840707831335
2018-06-04,-0.02701622323891649,0.03743354112287367,0.03674991432195772,1.0090437164374606,41.0,0.02499999999999991,40.4916164948093,-0.0872187802845018
2018-06-05,0.015749961130953748,0.03328781674580905,0.03274577354232818,-0.1107489233641159,26.0,-0.36585365853658536,43.56450447501127,0.07588948642235338
2018-06-06,0.002645286611436144,0.023783014916054945,0.023504604667405705,-0.2855339508245389,42.0,0.6153846153846154,44.09150905753977,0.012097109536292061
2018-06-07,0.0031646133192780724,0.011822287988821678,0.011752950690824908,-0.502910458133677,38.0,-0.09523809523809523,44.75804769139292,0.01511716537039609
2018-06-08,-0.006968564365645907,0.018494660360475645,0.018325714020490432,0.5643892601806768,40.0,0.05263157894736836,43.52971665677232,-0.027443802801452533
2018-06-09,-0.012263867528105044,0.020127522650002394,0.019927641687439757,0.08828830904168905,39.0,-0.025000000000000022,41.3971195987732,-0.04899175142384793
2018-06-10,-0.1042933363808614,0.11782258959583847,0.1113826766274679,4.853804844473716,24.0,-0.3846153846153846,29.081872340770264,-0.2974904384016104
2018-06-11,0.017659179795872778,0.03035060776059839,0.029899140204085357,-0.7424041699922849,15.0,-0.375,32.58246054910482,0.12037011122654007
2018-06-12,-0.04813047339938324,0.05592714831417411,0.05441919456541456,0.8427027476787323,19.0,0.2666666666666666,28.513462107976682,-0.12488309269939202
2018-06-13,-0.035954273506747965,0.055051009984486976,0.05358911645536877,-0.015665707194033485,19.0,0.0,26.00820766866993,-0.08786216243470146
2018-06-14,0.049982602628063255,0.05883377242565979,0.05716808775072377,0.06871377005142643,17.0,-0.10526315789473684,34.66344848272746,0.33278882283317923
2018-06-15,-0.033321874056011454,0.03842321284619987,0.037703421153694565,-0.34691910339847676,26.0,0.5294117647058822,31.95728840612726,-0.07806955727294873
2018-06-16,0.014389722742134216,0.0297081503886929,0.029275412953401598,-0.22681763996133153,22.0,-0.15384615384615385,34.31939316403333,0.07391443003196652
2018-06-17,-0.007799634776661505,0.013823066818276164,0.013728399626502992,-0.5347045629761822,23.0,0.045454545454545414,33.63555854464059,-0.019925603466363073
2018-06-18,0.035601191439461784,0.051880960714321134,0.050579952698460204,2.753216373498733,27.0,0.17391304347826098,39.631478633575696,0.17826135043892366
2018-06-19,0.00520115825376602,0.016778155244145054,0.016638956834774444,-0.6766028420997678,32.0,0.18518518518518512,40.49472302392813,0.021781786098212796
2018-06-20,0.0009758784644155417,0.03171264141175811,0.031220180041040296,0.8901149113413189,34.0,0.0625,40.66668919143838,0.004246631527980549
2018-06-21,-0.006931549314601128,0.014261741794392213,0.014160999862049724,-0.5502821222232097,37.0,0.08823529411764697,39.78971814414274,-0.021564849874237346
2018-06-22,-0.10092513460307667,0.12327772257681713,0.11625094934624641,7.643945764415012,28.0,-0.2432432432432432,30.131726716577635,-0.24272580651559128
2018-06-23,0.012867880610642049,0.025200025058168096,0.024887739950002742,-0.795583301415506,17.0,-0.3928571428571429,32.29025046655261,0.07163624475551256
2018-06-24,0.0017429078270061015,0.0682014513653817,0.06597634762452119,1.7064041090417694,15.0,-0.11764705882352944,32.59622331117451,0.009475703662900958
2018-06-25,0.012228084684466036,0.033938038498839695,0.03337485020835777,-0.5023853918148982,16.0,0.06666666666666665,34.8366971627,0.06873415457174814
2018-06-26,-0.025199768617492124,0.032244975014094734,0.031736017779086925,-0.049886898584396544,21.0,0.3125,32.45772916723506,-0.06828913729548747
2018-06-27,0.010360226200307545,0.021006616766039654,0.020789019833458183,-0.34853053051344074,18.0,-0.1428571428571429,34.42566518074288,0.06063073616050718
2018-06-28,-0.04207551892667362,0.0506313349028924,0.04939125481433619,1.4102565142591428,20.0,0.11111111111111116,30.588726622984872,-0.11145575655875273
2018-06-29,0.051961304162501123,0.07298293385597399,0.0704425584484248,0.44145782440756287,16.0,-0.19999999999999996,39.58830679434789,0.29421231822708793
2018-06-30,0.029426269046298203,0.040437825196635524,0.03964161032963186,-0.4459276565061586,22.0,0.375,44.184778902897776,0.11610681235819187
2018-07-01,-0.002842915424254111,0.022826115142107417,0.02256949709887012,-0.43552564879264133,27.0,0.2272727272727273,43.83315631491568,-0.00795800265867197
2018-07-02,0.03513597605397694,0.05997108271177631,0.05824162729126886,1.6273013317604552,27.0,0.0,49.291854879394805,0.12453355002002486
2018-07-03,-0.012871725512867362,0.03468188394207283,0.034094020962950104,-0.42168988162585774,31.0,0.14814814814814814,47.452143728360824,-0.03732282251368524
2018-07-04,0.010354208139776208,0.049835199797252816,0.04863319927704287,0.4369230887367508,33.0,0.06451612903225801,49.095925278390865,0.03464082801906376
2018-07-05,0.0062841192296037365,0.030991444440325644,0.030520906688389405,-0.37812139679564283,37.0,0.1212121212121211,50.124185532859435,0.020943902139291204
2018-07-06,0.005162002311365564,0.025620090413737362,0.02529739592935923,-0.17331731784657156,34.0,-0.08108108108108103,51.00472419855782,0.01756714161711681
2018-07-07,0.027115385407600508,0.04328007336048434,0.04236966668366455,0.6893021320985575,34.0,0.0,55.519461690753104,0.08851606519074062
2018-07-08,-0.012185823192757565,0.020440217099113145,0.02023411958128001,-0.5277222168995788,38.0,0.11764705882352944,53.13224662544853,-0.04299780640168149
2018-07-09,-0.004754487007430659,0.017003949040071964,0.016861000087469966,-0.16811309010951125,39.0,0.026315789473684292,52.19717272336876,-0.017598990471295095
2018-07-10,-0.06302716705344925,0.07072295629878633,0.0683340804106229,3.1592077306347317,37.0,-0.05128205128205132,41.99586278994294,-0.19543797874819901
2018-07-11,0.010178711879892067,0.018085504268749775,0.01792390700661806,-0.7442767495133664,29.0,-0.21621621621621623,43.85422290122173,0.04425102826376093
2018-07-12,-0.026285767240593776,0.042480824177625554,0.04160328044742631,1.348888012541007,33.0,0.13793103448275867,40.29279736053628,-0.08121054952238682
2018-07-13,0.001482289507841217,0.019106101480967697,0.01892587196143306,-0.5502417419897707,29.0,-0.12121212121212122,40.582216658090374,0.0071829040551441015
2018-07-14,0.006084371585678029,0.013838808604543784,0.013743926659346822,-0.27568642832086176,29.0,0.0,41.83330009218713,0.030828366144640906
2018-07-15,0.013219819655417867,0.023487567480496185,0.023215978981919697,0.6972246781984082,32.0,0.10344827586206895,44.58974190766722,0.06589109177152586
2018-07-16,0.05834774166521402,0.060522202821749804,0.05876143098613793,1.5767761123839992,36.0,0.125,55.078244088199746,0.23522231194455578
2018-07-17,0.08243286458020968,0.10518438650087147,0.10001218666084691,0.737947093741133,39.0,0.08333333333333326,65.68345578979586,0.19254810818974932
2018-07-18,0.006771106197490973,0.03495928312601615,0.03436208596863167,-0.6676380945024906,42.0,0.07692307692307687,66.41658357565198,0.011161528836155066
2018-07-19,0.012951038487558252,0.027277238318833552,0.026911844194102953,-0.21974262971844927,44.0,0.04761904761904767,67.8455804356738,0.02151566345465672
2018-07-20,-0.015212500162381477,0.037061385904127775,0.03639112315993587,0.35869274854481015,47.0,0.06818181818181812,64.3839947463901,-0.051021535478876445
2018-07-21,0.00882132629206077,0.024128350877834714,0.023841861416717382,-0.3489625309681854,43.0,-0.08510638297872342,65.4803401513144,0.017028228975894066
2018-07-22,-0.00010780651465853488,0.020874069893770386,0.020659191608605073,-0.1348737425338854,46.0,0.06976744186046502,65.45370697566588,-0.00040673545047209547
2018-07-23,0.03868656433444906,0.04891280959456723,0.04775420831867492,1.3432330083921329,44.0,-0.04347826086956519,70.22530207717185,0.07290030346608067
2018-07-24,0.0884546416030793,0.09328006375316322,0.08918241036399399,0.9070682000553876,49.0,0.11363636363636354,78.14730687313254,0.112808411806546
2018-07-25,-0.029254690417220935,0.04087256311792897,0.040059364385016144,-0.5618295970928413,54.0,0.1020408163265305,71.19941948955488,-0.08890757291044116
2018-07-26,-0.028491418656974198,0.05224460847376089,0.05092560484810891,0.2782317644973802,53.0,-0.01851851851851849,65.28496148927346,-0.08306890762148833
2018-07-27,0.02648726157352419,0.05394302928506711,0.05253839674661233,0.032509015971652566,47.0,-0.1132075471698113,67.94792450486892,0.04078983819318016
2018-07-28,0.0033185039026142372,0.013818612730216229,0.013724006258478584,-0.7438295009872278,54.0,0.14893617021276606,68.28113207634281,0.004903866805380019
2018-07-29,0.00320641247214717,0.01610080934379665,0.015972566029208872,0.1651538152299541,54.0,0.0,68.62167127281666,0.004987310346481921
2018-07-30,-0.004632012619252318,0.040164193242816504,0.039378578809935574,1.4945449874723868,53.0,-0.01851851851851849,67.49512891756972,-0.016416714054779957
2018-07-31,-0.05013794188199755,0.06296011504688126,0.06105757753346886,0.5675682732191285,48.0,-0.09433962264150941,56.89947220923058,-0.15698402059916605
2018-08-01,-0.02019234469295715,0.03518875367286878,0.03458378078824206,-0.4410945144133459,39.0,-0.1875,53.390239935338755,-0.061674249999853936
2018-08-02,-0.0076040421112573775,0.025165360473338394,0.024853926869585354,-0.28484649648897964,39.0,0.0,52.10500210699849,-0.024072523927534784
2018-08-03,-0.017699946974245928,0.0318599247455289,0.03136292601124395,0.26602298342927,36.0,-0.07692307692307687,49.174871827358565,-0.056235105290329934
2018-08-04,-0.05552450759252941,0.07351306946787028,0.07093651289497807,1.307383650621674,31.0,-0.13888888888888884,41.56196302117911,-0.15481298726932302
2018-08-05,0.0050534181440378585,0.023350644698384437,0.02308218943128371,-0.6823606350896544,23.0,-0.25806451612903225,42.413876434182534,0.020497429646653353
2018-08-06,-0.016644870348810327,0.040056332894127245,0.039274877930696374,0.715427278840769,25.0,0.08695652173913038,40.339908169888986,-0.048898342680653406
2018-08-07,-0.028995953086401502,0.05902573269246414,0.05734936537264923,0.4735680584759181,25.0,0.0,37.020381890605314,-0.08228889032924158
2018-08-08,-0.06853482384772068,0.08361893168688139,0.08030630217888106,0.416652159534431,23.0,-0.07999999999999996,30.862608880666976,-0.16633467013210368
2018-08-09,0.040774573013564665,0.060274595555041666,0.058527926986110486,-0.2791752496821497,19.0,-0.17391304347826086,37.43733760612399,0.21303217595371748
2018-08-10,-0.06016427603596317,0.07620837953101711,0.0734441042638483,0.26435322923776416,21.0,0.10526315789473695,32.563657890139005,-0.13018232672581265
2018-08-11,0.017791511924364466,0.056753766377304116,0.05520172457225429,-0.2552818111792403,18.0,-0.1428571428571429,35.19372617791995,0.08076697945464484
2018-08-12,0.004273118524736129,0.027631278181362795,0.027256423880438873,-0.5131375423145033,18.0,0.0,35.848039250067224,0.01859175322440798
2018-08-13,-0.0039809244546156666,0.050006999849022904,0.048796830670089796,0.8097968367873933,21.0,0.16666666666666674,35.48850248624291,-0.010029468036348521
2018-08-14,-0.015661306329478587,0.053071092535516895,0.0517107451515956,0.06127327565630525,16.0,-0.23809523809523814,34.055544826865585,-0.040378081885331985
2018-08-15,0.017398593339543036,0.05900105074234774,0.05732605882118297,0.11173612457407622,18.0,0.125,37.09689810082452,0.08930567076289098
2018-08-16,0.004146085616168998,0.0314016832621653,0.030918734650226414,-0.4677775587541039,21.0,0.16666666666666674,37.84056365420046,0.020046569698489503
2018-08-17,0.038083278208336936,0.040716363304267755,0.039909286901444144,0.2966299597488571,19.0,-0.09523809523809523,44.47318265662143,0.17527801813503707
2018-08-18,-0.024126888066354907,0.04149060756403933,0.040652963496794314,0.01901555534284216,24.0,0.26315789473684204,41.435664782611816,-0.06829998872494392
2018-08-19,0.01273198071380139,0.027733835495754144,0.027356218621328473,-0.3315635242759961,27.0,0.125,43.6118982264204,0.05252078023186013
2018-08-20,-0.030832908467442785,0.03794734768778274,0.03724505868622998,0.36826901182103766,26.0,-0.03703703703703709,39.790369389867436,-0.08762583129752088
2018-08-21,0.028168761359932258,0.03217246012728636,0.03166576562406845,-0.1521815861284983,19.0,-0.2692307692307693,44.56330995926921,0.11995215532271986
2018-08-22,-0.017419128922693004,0.08029656959376252,0.0772356049157499,1.495816896689873,21.0,0.10526315789473695,42.31732412165876,-0.05039988815155971
2018-08-23,0.02450168206824125,0.027498171437890573,0.027126887764178164,-0.6575423884605571,18.0,-0.1428571428571429,46.422304468361624,0.09700472399675819
2018-08-24,0.027928230011097385,0.034056328641471234,0.03348925104487854,0.23849430200816824,19.0,0.05555555555555558,50.8316280306227,0.09498286680847956
2018-08-25,0.0064124672521687996,0.013232420786259302,0.013145637040728155,-0.6114548656854968,22.0,0.1578947368421053,51.828834622826484,0.019617836981397296
2018-08-26,-0.008304176683980409,0.023260204659592887,0.02299380913282219,0.7578193011929117,19.0,-0.13636363636363635,50.40449228004513,-0.027481658677967702
2018-08-27,0.026102376198721546,0.029138808247216152,0.028722344010028805,0.2527322383295898,18.0,-0.052631578947368474,54.66015347561225,0.08443019665633855
2018-08-28,0.030277809712914813,0.033014965840446386,0.03248167777742095,0.1330238889780453,19.0,0.05555555555555558,59.16269693634707,0.08237341416803234
2018-08-29,-0.006945951847084595,0.02043948689847519,0.020233404006876943,-0.3809023762964211,19.0,0.0,57.72978166294032,-0.02421991132264334
2018-08-30,-0.009829420799983127,0.034822355079802136,0.03422977438185726,0.703680491235811,22.0,0.1578947368421053,55.69133582738908,-0.03531012549905099
2018-08-31,0.008469072019252824,0.019798640859671313,0.019605196886187982,-0.4314387750541595,17.0,-0.2272727272727273,57.0960666307824,0.0252235070774236
2018-09-01,0.021878714118539457,0.029019435787307257,0.028606344707848085,0.4657286827409537,21.0,0.23529411764705888,60.62238716739445,0.06176118154364918
2018-09-02,0.010987305122022542,0.024417553522145807,0.024124210614371408,-0.15857931556251192,18.0,-0.1428571428571429,62.32479895774717,0.028082229517816693
2018-09-03,-0.001742290079993956,0.015231375671973968,0.015116542842722918,-0.3762120493291975,19.0,0.05555555555555558,61.86593266108162,-0.007362499427822189
2018-09-04,0.013897370676709589,0.0183062399098306,0.018140697948318112,0.2018769876127764,26.0,0.368421052631579,64.14725883325937,0.03687532174897412
2018-09-05,-0.08041781637747243,0.08768070020980878,0.08404763128994132,3.7896619208362674,17.0,-0.34615384615384615,47.14280222398318,-0.2650846960347375
2018-09-06,-0.03958783805725853,0.0547127602955797,0.053268464734479146,-0.3759999616260019,14.0,-0.17647058823529416,41.63375075956328,-0.11685880356126266
2018-09-07,-0.009556698168818017,0.02476522408190651,0.024463536678299362,-0.5473592641256793,17.0,0.2142857142857142,40.435207877372115,-0.028787770986880346
2018-09-08,-0.037992262867389735,0.05433302020930286,0.05290835866765916,1.193924029502265,18.0,0.05882352941176472,36.09128862681721,-0.10742913116036679
2018-09-09,0.011955253777374625,0.03951473134185801,0.038753999780553855,-0.27273081471196536,13.0,-0.2777777777777778,38.308062514796745,0.0614213006052764
2018-09-10,0.004566762205364724,0.013065843589467496,0.012981221761797465,-0.6693424668276353,15.0,0.15384615384615374,39.18305777497457,0.02284102099498897
2018-09-11,-0.0013437780737511058,0.0221573975638234,0.021915489281237557,0.6958260224150161,18.0,0.19999999999999996,39.007456253753084,-0.004481567575199352
2018-09-12,0.004829112103060521,0.015766776838171292,0.01564377244944391,-0.2884192833226108,14.0,-0.2222222222222222,40.04907191259547,0.026702988579066167
2018-09-13,0.025723516554865874,0.028511657600685636,0.028112764612206083,0.8083377403845184,20.0,0.4285714285714286,45.47325150582684,0.13543833437811714
2018-09-14,-0.0007060768656483014,0.02167386817176764,0.021442329476724257,-0.23982433868571584,23.0,0.1499999999999999,45.35043790503884,-0.002700787753703082
2018-09-15,0.004670726045218974,0.010498173142067913,0.010443449984662394,-0.5156299254536012,24.0,0.04347826086956519,46.38406231278815,0.02279193885434272
2018-09-16,-0.003984578276937406,0.013038494635603026,0.012954225171987,0.24197748114437423,28.0,0.16666666666666674,45.5915752044978,-0.017085332089851524
2018-09-17,-0.03688071788794455,0.04517603467889919,0.04418532546813339,2.4648198232594365,25.0,-0.1071428571428571,39.071717043615564,-0.14300576656186748
2018-09-18,0.01424242361641818,0.0189077080781479,0.018731179067286875,-0.5814659650290355,21.0,-0.16000000000000003,42.45540656870445,0.08660201754920793
2018-09-19,0.004266345706214488,0.03867702529674366,0.03794781229779649,1.0455692005020767,24.0,0.1428571428571428,43.47744209037962,0.02407315355751538
2018-09-20,0.01875390373168553,0.020842809315525956,0.020628569754453603,-0.4611061953288125,24.0,0.0,47.90799266015485,0.10190458216389842
2018-09-21,0.032486665751885406,0.0458672581437396,0.04484645332941701,1.2006274417898526,31.0,0.29166666666666674,54.70372141628247,0.1418495824764463
2018-09-22,-0.0019276638417005945,0.02988759819605713,0.02944966832166172,-0.3483892561793237,35.0,0.12903225806451624,54.24457744051835,-0.00839328593881472
2018-09-23,-0.0016899322578373187,0.012984657572540081,0.012901079616353109,-0.5655503166442776,38.0,0.08571428571428563,53.81887732855578,-0.007847791098186119
2018-09-24,-0.017318842593149884,0.020158361047666773,0.019957871174310332,0.5524753683376002,43.0,0.13157894736842102,49.56635734697272,-0.07901539743428854
2018-09-25,-0.02284124873972531,0.03475166772519378,0.034161463363399425,0.7239331929326718,37.0,-0.13953488372093026,44.654497592440265,-0.09909664573792709
2018-09-26,0.007499922625336217,0.02938781621962616,0.028964272358843846,-0.1543480315242255,37.0,0.0,46.51434844710732,0.04164979912307665
2018-09-27,0.027598692087246655,0.03822920438319066,0.03751657383927255,0.300852165995918,42.0,0.1351351351351351,52.89821609252342,0.13724512668763622
2018-09-28,-0.004897601761743681,0.02829659154322761,0.027903638595396938,-0.2598174092351869,42.0,0.0,51.70538717539292,-0.02254951121686488
2018-09-29,-0.006367171722292317,0.02018692609152506,0.019985871380001206,-0.286595134234232,37.0,-0.11904761904761907,50.13158362974181,-0.0304379027336652
2018-09-30,0.0035683367196754708,0.011762624705594193,0.011693982784046703,-0.4173147188302029,34.0,-0.08108108108108103,51.02992455487392,0.017919659824972012
2018-10-01,-0.00543920393591315,0.01591364364448844,0.01578834913098527,0.35289903765441566,35.0,0.02941176470588225,49.56557747165444,-0.028695850444474535
2018-10-02,-0.005099772645630063,0.01130943307647514,0.011245959556246837,-0.28932472480040305,33.0,-0.05714285714285716,48.17699900630219,-0.028014976041514927
2018-10-03,-0.00819539381745712,0.018194861147267982,0.01803131547598274,0.6088216822393413,36.0,0.09090909090909083,45.963298447399254,-0.045949324461105445
2018-10-04,0.011331035300968855,0.01622058474329191,0.016090436558921752,-0.10850736304038877,29.0,-0.19444444444444442,49.42867113822202,0.07539434304934756
2018-10-05,0.0069383488553248175,0.0100969680651124,0.010046334229956232,-0.3775213270725002,37.0,0.27586206896551735,51.498585778569016,0.041876801311504064
2018-10-06,-0.005173043848845555,0.007713861151390056,0.007684261445689607,-0.2360220314013457,34.0,-0.08108108108108103,49.85857907554735,-0.03184566485132789
2018-10-07,0.002219673093834595,0.012879316705312505,0.012797083623867911,0.669632944195738,29.0,-0.1470588235294118,50.58468127298761,0.014563234871576514
2018-10-08,0.007435585416514066,0.015057697176881435,0.014945455387405557,0.1691378915055628,26.0,-0.10344827586206895,53.0493096968229,0.048722822044376723
2018-10-09,-0.0014426384505712788,0.0082443938232859,0.008210594451677511,-0.4524797698851467,31.0,0.1923076923076923,52.50055136772223,-0.010344306688189309
2018-10-10,-0.008634710127935695,0.015496360083304683,0.015377517672749672,0.8796239499787051,28.0,-0.09677419354838712,49.234246842380145,-0.06221467089868005
2018-10-11,-0.051295382144624056,0.05493502085682689,0.05347917342628561,2.545027384592866,19.0,-0.3214285714285714,35.51449511348959,-0.2786627725374442
2018-10-12,0.0029271598167849833,0.014756710444508325,0.014648889619176696,-0.7313788142000044,13.0,-0.3157894736842105,36.57458966982276,0.029849630494409363
2018-10-13,0.0018168218647266394,0.007779741969070164,0.007749635821079907,-0.4727997138437193,15.0,0.15384615384615374,37.26557537477047,0.018892507371527367
2018-10-14,0.0007855566385387347,0.01322580828249853,0.0131391108723957,0.7000317407801226,18.0,0.19999999999999996,37.582624217502755,0.008507820945840905
2018-10-15,0.04743633360553313,0.11286403250735288,0.10693690176472273,7.533620788734991,20.0,0.11111111111111116,53.3050734750502,0.41834357192719085
2018-10-16,-6.521446177784128e-05,0.015555314149045207,0.015435570420993375,-0.8621765162605561,24.0,0.19999999999999996,53.28472739647931,-0.00038169122082554185
2018-10-17,-0.00786572755709154,0.012851615756916956,0.012769734534259445,-0.17381187973591683,23.0,-0.04166666666666663,50.77723389601044,-0.04705839033033221
2018-10-18,-0.010401673695689338,0.018216941179961754,0.01805300070945998,0.4174825581878363,26.0,0.13043478260869557,47.61520483942334,-0.0622725740252571
2018-10-19,-0.0017462065653074937,0.007504699812386217,0.007476679654010521,-0.5880373253528849,24.0,-0.07692307692307687,47.08828208056709,-0.01106627096603352
2018-10-20,0.0036712537146421764,0.007554692951426523,0.007526299173147367,0.006661577450145728,21.0,-0.125,48.382827184859195,0.027491873712384818
2018-10-21,-0.0010545924945415059,0.012411964609712722,0.012335567684697214,0.642947594232671,21.0,0.0,48.01891166723232,-0.007521584388536118
2018-10-22,0.0007417487199009042,0.012505040161502778,0.01242749792345396,0.007498857329743203,27.0,0.2857142857142858,48.31333802553333,0.0061314667092282615
2018-10-23,-0.0017619397642864927,0.008485111602525519,0.008449315390440151,-0.32146466601144996,24.0,-0.11111111111111116,47.62365194003692,-0.014275272909768932
2018-10-24,0.0030990249977650625,0.008213251209124195,0.008179706012993067,-0.03203969566179987,23.0,-0.04166666666666663,49.003508323655566,0.02897418252082029
2018-10-25,-0.0030141263870882,0.008937467191506565,0.008897764417745502,0.08817652887297922,25.0,0.08695652173913038,47.687546940847,-0.026854432015703478
2018-10-26,-0.00023782477161892504,0.007547770611427973,0.007519428713581418,-0.15549109723157872,29.0,0.15999999999999992,47.57915258443561,-0.002273011789552637
2018-10-27,0.0008691357350833926,0.008348976899073213,0.008314316974422503,0.10615138282450509,33.0,0.13793103448275867,48.044084109683084,0.009771748759551446
2018-10-28,0.0009270241282320825,0.00843213189835601,0.008396780062724141,0.009959902906430118,35.0,0.06060606060606055,48.568519667563464,0.010915715589105757
2018-10-29,-0.023990543470313163,0.03117332609929635,0.030697305453454858,2.696968509870455,34.0,-0.02857142857142858,38.00071371729147,-0.21758550646808605
2018-10-30,0.00025896418864301634,0.008692373935893505,0.008654812760486436,-0.7211598817461538,31.0,-0.08823529411764708,38.15529366014967,0.00406781683123647
2018-10-31,-0.0026336269445917018,0.005110161034616256,0.005097148473743886,-0.41210984797664785,32.0,0.032258064516129004,37.14227225190957,-0.026549957058727203
2018-11-01,0.009479090296346939,0.03728079743611401,0.036602671220392506,6.295425170278139,29.0,-0.09375,43.0256687790682,0.1584016316302821
2018-11-02,0.0016700572222643,0.010980845429793717,0.010920993696433895,-0.7054557256021423,36.0,0.24137931034482762,44.02527786436034,0.023232854099840328
2018-11-03,-0.004263663863637974,0.009097499194329117,0.009056366231711709,-0.17151195210840697,36.0,0.0,42.00182765897137,-0.04596110015757571
2018-11-04,0.0023348777659298278,0.01494304793186152,0.014832500507543507,0.6425445732576922,41.0,0.13888888888888884,43.53096877596324,0.036406537577543974
2018-11-05,0.0068038692776419656,0.018381003958199305,0.01821411525735992,0.23007060152750936,42.0,0.024390243902439046,47.864376169807386,0.0995476902006589
2018-11-06,0.0064204349103652286,0.0086436117523494,0.008606469614972216,-0.5297530117502802,42.0,0.0,51.65924939311033,0.07928387512750512
2018-11-07,0.010642787457474817,0.012963215568933206,0.012879912236982753,0.49974523848895736,48.0,0.1428571428571428,57.26037788623539,0.1084245040128684
2018-11-08,-0.011771661474414798,0.015281460209376485,0.015165874751911205,0.17883253025576717,51.0,0.0625,50.31940949487276,-0.12121764905486498
2018-11-09,-0.0106081363243139,0.013037034131428538,0.012952783464455617,-0.1468724877856109,47.0,-0.07843137254901966,45.07574821810443,-0.10420752805739153
2018-11-10,0.00368900647570952,0.008138951137158346,0.008106008499321577,-0.37570531340884683,52.0,0.1063829787234043,47.13184702321492,0.045614302288712105
2018-11-11,0.00031977009731966983,0.01150836576408043,0.011442648243048631,0.4139863442033749,54.0,0.03846153846153855,47.3163227699282,0.003914036015232325
2018-11-12,-0.0062585574452049195,0.011593442560529521,0.01152675354723962,0.007392604492518773,52.0,-0.03703703703703709,44.08369762634048,-0.06831944991385097
2018-11-13,-0.001850602522267611,0.008293052973612713,0.008258854552588157,-0.28467727076624816,56.0,0.07692307692307687,43.14877663763164,-0.02120786229488636
2018-11-14,-0.10277649273173681,0.14925082101083142,0.13911027009231272,16.99709003255204,49.0,-0.125,19.574842196197032,-0.5463407372916087
2018-11-15,-0.015864955827275286,0.07771750986562553,0.07484538792823163,-0.479282530311941,28.0,-0.4285714285714286,18.032109637283487,-0.07881200489132245
2018-11-16,-0.012915841594389046,0.028747373095435957,0.028341919514204058,-0.630104295092052,23.0,-0.1785714285714286,16.882261916109673,-0.06376667757145671
2018-11-17,-0.0038131143366994845,0.010692884741666742,0.010636120142628595,-0.6280395879592774,24.0,0.04347826086956519,16.549536464856,-0.019708582469993186
2018-11-18,0.012383547969032271,0.01688381560092833,0.016742868259970088,0.5789766755024972,26.0,0.08333333333333326,21.952451750010432,0.3264692818815722
2018-11-19,-0.14356147255391308,0.1606202890017221,0.1489545940981545,8.513269559334125,28.0,0.07692307692307687,12.489741567624417,-0.43105482203742995
2018-11-20,-0.09007563428611133,0.15905489833964648,0.1476049302243127,-0.009745908638346679,21.0,-0.25,9.920239148530221,-0.205729030114986
2018-11-21,0.033203655465095516,0.07637005729575241,0.07359432203270942,-0.5198509565378396,15.0,-0.2857142857142857,16.543085813775598,0.6676095773584867
2018-11-22,-0.052694412359316274,0.06047223127246215,0.0587143101182152,-0.2081683134232043,14.0,-0.06666666666666665,14.712218305876235,-0.110672671864809
2018-11-23,-0.004322277012643036,0.04784438700844773,0.04673508919479851,-0.20882054454248145,12.0,-0.1428571428571429,14.57376164666315,-0.00941099814687918
2018-11-24,-0.11348021178490733,0.162820525603933,0.1508485414249586,2.40312700788045,15.0,0.25,11.649655268035895,-0.20064184179221622
2018-11-25,0.03275273942871904,0.14945636888546932,0.1392891078982666,-0.0820790663148484,9.0,-0.4,16.640189710453566,0.428384731358584
2018-11-26,-0.059289959286095456,0.12712140353660617,0.11966695200361481,-0.14944137553601855,17.0,0.8888888888888888,15.009047386262816,-0.0980242624978035
2018-11-27,0.010945085463912742,0.055162359740394074,0.053694650575859114,-0.5660655231476468,11.0,-0.3529411764705882,16.59535393722978,0.10569002216748591
2018-11-28,0.10822444579237071,0.14739943961861512,0.1374980247931622,1.6721017794073454,14.0,0.2727272727272727,31.130498313063153,0.8758562445134379
2018-11-29,0.005020181260204391,0.06446466750532687,0.06247201316627947,-0.5626532388988431,18.0,0.2857142857142858,31.75889395466924,0.02018585232033998
2018-11-30,-0.06308129823555883,0.09641686562167129,0.09204746805498783,0.4956544313783071,19.0,0.05555555555555558,28.35717218837581,-0.10711083865668769
2018-12-01,0.04796953376593715,0.08556461019063111,0.08210022969859687,-0.11255557169451225,13.0,-0.3157894736842105,34.0942949672727,0.20231646303747652
2018-12-02,-0.017905439628711557,0.04634930951373062,0.04530725780441519,-0.4583121525304905,15.0,0.15384615384615374,33.01550706140947,-0.03164130265485077
2018-12-03,-0.06119579004793354,0.08216055618942808,0.07895955776095591,0.772638191407979,17.0,0.1333333333333333,29.691285611697317,-0.10068666955588601
2018-12-04,0.015988811461090185,0.06336903934430249,0.0614422068855314,-0.22871701113853427,12.0,-0.2941176470588235,31.585884600625224,0.06380993446041638
2018-12-05,-0.05263875080027785,0.0574164384646747,0.055828610815901715,-0.0939354760813963,19.0,0.5833333333333333,28.87682396571262,-0.08576807865811609
2018-12-06,-0.06404661855090774,0.10049816144058354,0.09576295132472255,0.7503377800490838,13.0,-0.3157894736842105,26.108775557379168,-0.09585709327383585
2018-12-07,-0.029151749215485624,0.0708370023199929,0.06844058783840273,-0.2951413109992752,11.0,-0.15384615384615385,24.988262808762418,-0.042917092996345385
2018-12-08,0.016293013151101775,0.04637690980172704,0.04533363515635285,-0.34530106748125755,11.0,0.0,26.865298156912154,0.07511668027965235
2018-12-09,0.03896482421444885,0.062325036718625215,0.060459936932976945,0.3438807584438124,14.0,0.2727272727272727,31.409768267177963,0.16915762794527422
2018-12-10,-0.03135850250725668,0.051060694067812884,0.04979983910259074,-0.18073543545055137,19.0,0.3571428571428572,29.798867440834197,-0.05128661926573641
2018-12-11,-0.022540327664477524,0.03565039681442994,0.03502963207427728,-0.301803520980674,15.0,-0.21052631578947367,28.690167151560857,-0.03720612172508464
2018-12-12,0.018046272769709704,0.03537358331867124,0.03476231165687744,-0.007764668011960407,14.0,-0.06666666666666665,30.901804483942605,0.07708694483020562
2018-12-13,-0.05096896140814731,0.05809573941334123,0.05647082028093546,0.6423481582279098,14.0,0.0,28.2775758829483,-0.0849215327330779
2018-12-14,-0.021718554248833184,0.0383633405733228,0.03764576258228762,-0.33965311465658077,10.0,-0.2857142857142857,27.2535104212644,-0.03621475426051013
2018-12-15,-0.0017666084928983055,0.026344866217004048,0.02600381718773901,-0.31328018302650606,11.0,0.10000000000000009,27.168331061532708,-0.0031254454349203264
2018-12-16,0.004954827235499686,0.02224408084539875,0.02200028992586901,-0.15565785522791853,13.0,0.18181818181818188,27.850529398355597,0.025110056826008087
2018-12-17,0.08625387653959106,0.10598889648708965,0.10073986370715327,3.7648134901026378,17.0,0.3076923076923077,39.055257517708945,0.4023165218545153
2018-12-18,0.04148507479472932,0.061419496487016945,0.05960715989475256,-0.42051008621928276,23.0,0.3529411764705883,43.86717015769795,0.12320780724098723
2018-12-19,0.013408299801074757,0.07108127753528559,0.06866867797484644,0.1573080471330628,21.0,-0.08695652173913049,45.40908515952517,0.03514963459653764
2018-12-20,0.09867679132172595,0.12396273900279442,0.11686060056862847,0.7439576679141402,27.0,0.2857142857142858,55.62963744603719,0.2250772560294163
2018-12-21,-0.05926230044008081,0.09023324979224623,0.08639166398341049,-0.272093771740457,35.0,0.2962962962962963,49.516073304377876,-0.10989760894252987
2018-12-22,0.029743814670969634,0.0410929274398002,0.04027105312211919,-0.5445921815471249,28.0,-0.19999999999999996,52.30724224587798,0.05636894760096678
2018-12-23,-0.0037943596349006648,0.027491628783501865,0.027120520185723005,-0.330988797919637,31.0,0.1071428571428572,51.907839029171484,-0.007635715429787693
2018-12-24,0.01971419201541739,0.06785954460930643,0.0656562193513684,1.4683711955993655,25.0,-0.19354838709677424,53.89348108438718,0.038253221331363774
2018-12-25,-0.06668429052768687,0.0876434091091487,0.08401334573175348,0.2915413684802277,33.0,0.32000000000000006,46.98906834626721,-0.12811220576583182
2018-12-26,0.010897550330662953,0.03275870353923449,0.0322335747966105,-0.6262274154758437,26.0,-0.21212121212121215,48.126265600655636,0.024201315208216112
2018-12-27,-0.0539162995271533,0.06280942021759395,0.06091579844872815,0.9173353469977306,29.0,0.11538461538461542,43.28365829401226,-0.10062296016953787
2018-12-28,0.07104028607292981,0.08606521310910886,0.08256126861229562,0.37025963320388344,21.0,-0.27586206896551724,50.42365550466102,0.16495826582284256
2018-12-29,-0.026733418957821234,0.03752218917800776,0.03683536005353982,-0.5640260702028457,24.0,0.1428571428571428,47.92432850291889,-0.049566557139259726
2018-12-30,0.011850725299472748,0.027570095561037844,0.02719688458553113,-0.26523222218609155,23.0,-0.04166666666666663,49.11934642494812,0.024935517290689768
2018-12-31,-0.03240073596075585,0.03834690602997037,0.03762993510382292,0.3908876719369212,26.0,0.13043478260869557,46.04023253588759,-0.06268637742900873
2019-01-01,0.026581224952000385,0.03875739315694182,0.03802518452146272,0.0107045696633421,24.0,-0.07692307692307687,48.86403631634398,0.06133339527021886
2019-01-02,0.025657066653891034,0.034204289571017954,0.03363232869040951,-0.11747703380066887,30.0,0.25,51.56832562903427,0.05534314224847958
2019-01-03,-0.02742232180619206,0.02860841123290281,0.02820683168563984,-0.16360165371938196,33.0,0.10000000000000009,48.6118831642566,-0.05733058866493668
2019-01-04,0.005452331614920808,0.02169238447311428,0.021460452807598666,-0.24174801961160086,48.0,0.4545454545454546,49.22831759188871,0.01268073539856962
2019-01-05,-0.003251487248933267,0.017723403552685424,0.017568175465713917,-0.18296655793410088,36.0,-0.25,48.85155772328579,-0.0076533159578259236
2019-01-06,0.058447089054905726,0.06971991651076559,0.06739685393830307,2.933776957880177,31.0,-0.13888888888888884,55.61271359131696,0.1384020527314398
2019-01-07,-0.012684700557385667,0.017836700409275652,0.0176794930892876,-0.7441663544373085,39.0,0.25806451612903225,53.908872546226775,-0.030637617463000644
2019-01-08,0.0013901547706836324,0.028037759942886264,0.027651897820341356,0.57191404797637,39.0,0.0,54.074002458358706,0.0030631305076975757
2019-01-09,0.0011030020343775215,0.011370757245918739,0.011306596101515631,-0.5944484413490485,42.0,0.07692307692307687,54.214341045081795,0.0025953060684043017
2019-01-10,-0.0924592824929815,0.11065120921239613,0.1049465182638866,8.731208469173126,37.0,-0.11904761904761907,42.90366262197929,-0.2086289015981425
2019-01-11,0.002291770109090111,0.0166468243545701,0.016509784732459183,-0.8495558749600617,19.0,-0.4864864864864865,43.20590036059076,0.007044567296607518
2019-01-12,-0.0070936849314874395,0.012361745873599395,0.01228596338979392,-0.25741116682079435,22.0,0.1578947368421053,42.458507769213576,-0.017298391773798105
2019-01-13,-0.030039431790895278,0.03662494450765985,0.03597019025748916,1.9627647164207311,21.0,-0.045454545454545414,39.40686181790462,-0.07187360346944849
2019-01-14,0.04218810159294485,0.04941918164473802,0.048236850781464044,0.34933123610337047,16.0,-0.23809523809523814,45.380687302481654,0.15159353495798555
2019-01-15,-0.020548563372547957,0.027681079348704563,0.027304884803829966,-0.4398717577377782,27.0,0.6875,43.126332952829124,-0.04967651403396112
2019-01-16,0.006679301401546422,0.016857728693493446,0.016717214157058635,-0.3910017567908758,24.0,-0.11111111111111116,44.091810757102536,0.022387199146503667
2019-01-17,0.006424485580328479,0.01606175489796402,0.015934129689001993,-0.047217143542987894,28.0,0.16666666666666674,45.06416427570707,0.022052927786548215
2019-01-18,-0.005649816019732142,0.012493318502192707,0.012415920966603548,-0.22216977026736018,29.0,0.03571428571428581,44.33364632125871,-0.016210618041843095
2019-01-19,0.01915170905873867,0.029064768110458772,0.02865039764122466,1.3264249691030932,31.0,0.06896551724137923,47.46372137424138,0.07060269823738241
2019-01-20,-0.03480896076891464,0.044757893950742034,0.04378517814480566,0.5399363855456389,35.0,0.12903225806451624,42.790727503368565,-0.09845401362500106
2019-01-21,-0.006961443903655484,0.014136064734290521,0.014037082295329819,-0.6841659987431968,30.0,-0.1428571428571429,41.920247418280326,-0.020342726938206712
2019-01-22,0.00795053055647093,0.02289026070546063,0.022632209177759998,0.619280976404603,27.0,-0.09999999999999998,43.33862796762268,0.03383521416726731
2019-01-23,-0.005411671839448025,0.01619882759821145,0.016069026465169278,-0.29232664465253955,33.0,0.22222222222222232,42.57549807669088,-0.017608538311409294
2019-01-24,0.004381431105509742,0.013167107690783775,0.013081174831198101,-0.18715674878609212,37.0,0.1212121212121211,43.44336313541704,0.020384143414197586
2019-01-25,-0.00030542026954499585,0.010440303524999583,0.010386179941311462,-0.2070921139114552,35.0,-0.05405405405405406,43.394030279782115,-0.0011355671401670486
2019-01-26,0.0007482631299659863,0.017139223193912034,0.016994003659574403,0.6416403175321206,41.0,0.17142857142857149,43.56315725080771,0.0038974709178924982
2019-01-27,-0.005147111803203804,0.012734064043931514,0.01265366764625798,-0.25702210071838383,39.0,-0.04878048780487809,42.62186963882298,-0.021607424057109248
2019-01-28,-0.0321855631491495,0.04289272354036289,0.04199831698037228,2.368345203258471,35.0,-0.10256410256410253,37.295264978543884,-0.12497351020536296
2019-01-29,-0.006456126661071388,0.02212572537153923,0.021884503169840985,-0.4841613321495314,21.0,-0.4,36.333191587811896,-0.025796126969079625
2019-01-30,0.010978782970954,0.019183267217317557,0.019001588135565885,-0.13298809891252727,22.0,0.04761904761904767,39.21143011767412,0.07921788326538692
2019-01-31,-0.008176606850343018,0.016499579434841705,0.0163649403477052,-0.13989732573047686,17.0,-0.2272727272727273,37.83755309630824,-0.03503766675285369
2019-02-01,0.00868238253365107,0.020504348418755924,0.0202969643255689,0.24271945837949427,23.0,0.3529411764705883,40.23284383259881,0.06330458870302258
2019-02-02,0.009449478125773406,0.01606674727768831,0.015939043137850287,-0.21642244125194499,22.0,-0.04347826086956519,42.83797081562715,0.06475125133753346
2019-02-03,-0.016334438234447555,0.021306693664340903,0.021082879643241636,0.32613610559053496,19.0,-0.13636363636363635,39.63307921206421,-0.0748142720708379
2019-02-04,-0.0014038013125416823,0.009770839119042307,0.009723413147948645,-0.5414192707245384,27.0,0.42105263157894735,39.36293142736001,-0.006816219937359036
2019-02-05,0.0020802425249583987,0.007593180742186956,0.007564497651053177,-0.22287322002992882,21.0,-0.2222222222222222,40.01564334129944,0.01658189291983847
2019-02-06,-0.015287693750092953,0.020751805032626747,0.020539419555565035,1.7329528608915874,14.0,-0.33333333333333337,36.893306199166645,-0.07802791312142376
2019-02-07,-0.004196583300843028,0.009936617434330719,0.009887573868475573,-0.5211685239569278,18.0,0.2857142857142858,36.06937249528207,-0.022332877932831896
2019-02-08,0.07569393609415692,0.08982253166804344,0.08601486800180767,8.03954814217857,37.0,1.0555555555555554,55.90080504765216,0.5498136280292671
2019-02-09,0.0012056010064354034,0.009154404766854363,0.009112757183137185,-0.8980834252068708,42.0,0.1351351351351351,56.14324471922937,0.004336962077210682
2019-02-10,0.005157899926351539,0.014846594222907683,0.01473746237450422,0.6217978777454989,40.0,-0.04761904761904767,57.23004095390358,0.019357560114475758
2019-02-11,-0.011380348161982145,0.01464057691997045,0.014534438372604404,-0.013876401539913985,46.0,0.1499999999999999,54.05695938495986,-0.05544433510888991
2019-02-12,0.0013963105132088508,0.013825961810219223,0.013731255142326674,-0.05564091594232545,38.0,-0.17391304347826086,54.38943778302527,0.006150519782248676
2019-02-13,-0.0058905436608690425,0.014513870285992159,0.014409552231662851,0.0497548369665306,48.0,0.26315789473684204,52.66191769562657,-0.03176205082851313
2019-02-14,-0.004190873583172263,0.010687934666609777,0.010631222426167208,-0.26360547145546176,48.0,0.0,51.41694673171052,-0.023640820889047176
2019-02-15,0.0010859628225890826,0.01097182840711275,0.010912074573056079,0.026562076711591942,43.0,-0.10416666666666663,51.73486583986429,0.006183158051228821
2019-02-16,0.002476157344838119,0.010392319849336973,0.010338690926024775,-0.05281786556196011,43.0,0.0,52.49949630763531,0.014779790289546568
2019-02-17,0.01206226371912486,0.016952787238678546,0.016810692428027994,0.6312803574612966,38.0,-0.11627906976744184,56.16889783514225,0.06989403300186092
2019-02-18,0.06376138183178885,0.07266591131279898,0.0701470557186135,3.2863695680087597,63.0,0.6578947368421053,69.91319434644915,0.24469585555420537
2019-02-19,0.007981955101910685,0.026285131712393772,0.0259456142922465,-0.6382742438989539,65.0,0.031746031746031855,71.17600154470166,0.018062501793220553
2019-02-20,0.013269765098495359,0.01890851625991874,0.018731972251442724,-0.28063832942472433,59.0,-0.09230769230769231,73.21060290967776,0.028585496808194222
2019-02-21,-0.01149189028232773,0.017740976757520954,0.01758544248841985,-0.06174675402070928,59.0,0.0,68.68491448899418,-0.061817390389026894
2019-02-22,0.012917451356471413,0.014103901092436422,0.014005366480240174,-0.20500988839538736,61.0,0.03389830508474567,70.86655291595775,0.03176299254639314
2019-02-23,0.03363089286305142,0.049779018762720284,0.04857968369875299,2.5294503582002257,63.0,0.032786885245901676,75.72092300155956,0.06850015819675481
2019-02-24,-0.08356456820529345,0.10990105432564912,0.10427087110385186,1.207778639621448,69.0,0.09523809523809534,52.76781469830607,-0.3031276877433301
2019-02-25,0.01878844714597673,0.028028569885802268,0.02764295836449722,-0.7449654140464341,47.0,-0.3188405797101449,55.90056719474411,0.059368622982573616
2019-02-26,-0.007325399279809829,0.01396371031969168,0.013867115889205469,-0.5018043954227958,40.0,-0.14893617021276595,54.377510002324264,-0.02724582716869195
2019-02-27,-0.000859279158257992,0.026866139845986847,0.026511581502895395,0.9239972207171978,39.0,-0.025000000000000022,54.191754097474465,-0.0034160428611361704
2019-02-28,0.0009701838898456305,0.015662990040173908,0.015541591414411452,-0.4169988643711471,39.0,0.0,54.381248009375845,0.003496729623487349
2019-03-01,0.0012440007407169633,0.014565812055526539,0.014460749599610261,-0.07004907631513668,42.0,0.07692307692307687,54.64063645708582,0.004769814176851073
2019-03-02,0.0012509840035555334,0.011085092399554686,0.0110241030638418,-0.23896502595962055,41.0,-0.023809523809523836,54.91858369462063,0.005086822840233651
2019-03-03,-0.004471006548912776,0.010054424907765869,0.01000421544866013,-0.09297779888873292,44.0,0.07317073170731714,53.65516786144859,-0.023005251559242157
2019-03-04,-0.02250631409689688,0.035790315049479604,0.0351647247510419,2.5596580985786432,36.0,-0.18181818181818177,47.77653735869804,-0.10956317419285089
2019-03-05,0.035213632013154125,0.04238341306900084,0.04150983445036298,0.18421458459939166,35.0,-0.02777777777777779,55.95902394316673,0.1712657935638151
2019-03-06,0.0019403387629408418,0.012411285686025009,0.012334897084250864,-0.7071664411306553,42.0,0.19999999999999996,56.37224216593788,0.007384300040522929
2019-03-07,0.0019299650258204676,0.011622737572057451,0.011555712401777902,-0.06353476456153573,56.0,0.33333333333333326,56.80718385658367,0.007715529379964892
2019-03-08,-0.0026502747112911442,0.0194062396521979,0.019220339811681288,0.6696788972378576,54.0,-0.0357142857142857,55.982120549915194,-0.014523925508285074
2019-03-09,0.01581381071084786,0.02436739453878567,0.024075245999107486,0.25564740905515326,55.0,0.0185185185185186,59.76228324974578,0.06752446428784498
2019-03-10,-0.0029599503848159307,0.01064963156946841,0.010593323662709033,-0.5629556720757587,55.0,0.0,58.73892716037786,-0.017123778304977466
2019-03-11,-0.011804535394846043,0.01983569322480161,0.019641529246861845,0.8625708406353567,56.0,0.018181818181818077,54.742519140812895,-0.06803678944719871
2019-03-12,0.0010055701480762823,0.016391642208744006,0.016258749494943426,-0.17362897162330204,56.0,0.0,55.02173954712871,0.005100613028011791
2019-03-13,-0.00062410552370009,0.008914237537355874,0.008874740273704313,-0.45617178414249204,54.0,-0.0357142857142857,54.79573524966973,-0.004107545477826879
2019-03-14,0.00450815746490209,0.011587818353672397,0.011521193781571766,0.29992254582768907,55.0,0.0185185185185186,56.198049466194156,0.025591667127650597
2019-03-15,0.009268473031698707,0.013931367811501172,0.013835218274243008,0.2022425090125839,55.0,0.0,59.031420038028806,0.050417596317805735
2019-03-16,0.021928138916455526,0.02912389753612965,0.02870785537255326,1.090526783169571,54.0,-0.018181818181818188,64.90629723920495,0.09952119053533637
2019-03-17,-0.005820417128650456,0.01190864739498343,0.011838297418202769,-0.5911039248709704,58.0,0.07407407407407418,62.33070788986853,-0.03968165584680283
2019-03-18,0.0018065426803688849,0.01557436468050355,0.015454328978516773,0.3078197853993325,56.0,-0.03448275862068961,62.82282986578445,0.007895337508206257
2019-03-19,0.009547038273958657,0.014514484572311748,0.014410157729676831,-0.06805286314623105,56.0,0.0,65.40935149276382,0.041171682850092095
2019-03-20,0.003992356946232674,0.014475184765947002,0.014371419428576978,-0.002707626727559753,55.0,-0.017857142857142905,66.46712961422188,0.016171665019107717
2019-03-21,-0.014328401790338464,0.023022474718227937,0.022761456149697906,0.5904788153301164,62.0,0.1272727272727272,59.473949560488045,-0.10521260801124632
2019-03-22,-0.0013307952232004976,0.008047722477054986,0.00801551225573508,-0.6504405987822308,56.0,-0.09677419354838712,58.859370820987465,-0.010333578718788816
2019-03-23,0.002942547131099483,0.008445783798318063,0.00841031771897593,0.04946260540146574,50.0,-0.1071428571428571,59.848158864801114,0.01679916094959477
2019-03-24,-0.003389978979623323,0.00861337360626857,0.008576490146513249,0.01984301421306589,44.0,-0.12,58.11560713676028,-0.028949123263001697
2019-03-25,-0.01480199577543759,0.026641773705407212,0.02629306163258779,2.093070720399041,46.0,0.045454545454545414,51.20790226280495,-0.11886144212001104
2019-03-26,0.005538472822803469,0.010223107743801974,0.010171205214869822,-0.6162752579147126,43.0,-0.06521739130434778,53.428162332780545,0.04335776260821933
2019-03-27,0.02526980216177766,0.027466269181725345,0.02709583880241786,1.6866848975916828,44.0,0.023255813953488413,62.04617838049254,0.16130100066017916
2019-03-28,-0.004403784140031825,0.013522807001854042,0.013432189865263044,-0.5076576686705077,49.0,0.11363636363636354,59.94264932148254,-0.033902636937770736
2019-03-29,0.007166825802505177,0.019683167084874942,0.019491958538613664,0.45555335383964923,50.0,0.020408163265306145,62.192225317445484,0.03752880497320166
2019-03-30,0.0020196495646784543,0.059916720536586476,0.05819033950602055,2.0440589300605003,57.0,0.1399999999999999,62.82866092617394,0.010233362859745299
2019-03-31,-0.00030585716708844994,0.004621920223081943,0.004611271947521613,-0.9228609279398111,56.0,-0.01754385964912286,62.65649830264246,-0.002740192469385505
2019-04-01,0.012773998435311013,0.016610543362731045,0.01647409717768235,2.5938619796546307,62.0,0.1071428571428572,66.77677270108325,0.06575972979752387
2019-04-02,0.1600419797683949,0.1806451142872889,0.16606099611086086,9.875328418972797,60.0,-0.032258064516129004,87.34238553543643,0.3079755430291944
2019-04-03,0.018907492969508402,0.08825420633363112,0.08457476667012002,-0.511449802106045,71.0,0.18333333333333335,88.34513675233455,0.011480694175582062
2019-04-04,-0.010150461847883017,0.046800778618164784,0.04573863548152972,-0.4697048383026434,61.0,-0.14084507042253525,84.45983236214919,-0.043978701409194354
2019-04-05,0.022870127391310363,0.02724225887555276,0.02687779297839832,-0.4179101356878019,59.0,-0.032786885245901676,85.96690119680463,0.01784361621975994
2019-04-06,0.004583028638013961,0.04278647908450561,0.04189643702125349,0.570592192077811,65.0,0.10169491525423724,86.25846499635648,0.0033915820564984767
2019-04-07,0.027116090148746438,0.03658600725265693,0.03593262798725859,-0.14491661769136033,69.0,0.06153846153846154,87.88762853688769,0.018886998981491487
2019-04-08,0.017328472526209032,0.03314248025662736,0.032605109238642585,-0.09412142112827826,65.0,-0.05797101449275366,88.82028401102153,0.010611908520689939
2019-04-09,-0.016163226787921488,0.023706036753343263,0.023429411920772764,-0.28472351586894684,64.0,-0.01538461538461533,82.44007055580062,-0.07183284230918696
2019-04-10,0.02271680293391717,0.04395382983922502,0.043015264190594094,0.8541197036246986,62.0,-0.03125,84.16715488471274,0.020949573638988195
2019-04-11,-0.050075525287191475,0.06715353713418892,0.06499485806333838,0.5278199278612157,65.0,0.048387096774193505,68.41027379742911,-0.18720938243506613
2019-04-12,0.004934263167637184,0.029747026134859134,0.029313166381214943,-0.5570296457293468,42.0,-0.3538461538461538,69.01207676601031,0.008796967694694624
2019-04-13,0.0013837183556808681,0.01294706271913304,0.012863965973247758,-0.5647611071964942,62.0,0.4761904761904763,69.18989783039352,0.002576665892639607
2019-04-14,0.013861017615291639,0.02581299878218779,0.025485467741240407,0.9937339721110332,51.0,-0.17741935483870963,70.99894708263164,0.026146147182825485
2019-04-15,-0.01966168568124654,0.03434220073797101,0.033765669824199346,0.33042274660737125,60.0,0.17647058823529416,65.1703807007874,-0.08209370168631802
2019-04-16,0.032703409546246745,0.03634884404472927,0.03570380921004134,0.05843083039636365,50.0,-0.16666666666666663,69.66105550098216,0.06890668355633056
2019-04-17,0.003123420280683767,0.01055138057278504,0.010496103251507457,-0.7097189511776225,61.0,0.21999999999999997,70.06518637835083,0.0058013889462666945
2019-04-18,0.008805048106448882,0.01323291148045791,0.013146121326534376,0.25414028895794805,64.0,0.049180327868852514,71.23537982312308,0.016701496210303812
2019-04-19,0.001023704360635338,0.019747487140635123,0.01955503502091351,0.4923010079677328,61.0,-0.046875,71.37616899926104,0.001976393984106428
2019-04-20,0.0064038360371123865,0.011822929795597625,0.01175358499843012,-0.40129446792907886,62.0,0.016393442622950838,72.29315279346868,0.012847198260488524
2019-04-21,-0.004384923503637693,0.019512807198196036,0.019324873188089533,0.6504206263207117,62.0,0.0,70.62311883453542,-0.023100859409248775
2019-04-22,0.015836583357513378,0.026970298798586034,0.026613010176307406,0.38218445581112714,61.0,-0.016129032258064502,73.05776985309825,0.03447385302066652
2019-04-23,0.03153767871024236,0.045347007191568256,0.04434889459377889,0.6813683648898119,68.0,0.11475409836065564,77.20634183459354,0.056784815493780894
2019-04-24,-0.019479346575944603,0.041301288331212715,0.04047116978641824,-0.0892168879693519,65.0,-0.044117647058823484,69.9942070989798,-0.09341376063465079
2019-04-25,-0.047660910406896226,0.06965369826474999,0.06733494960744715,0.6864776155689662,58.0,-0.10769230769230764,56.53659379018568,-0.19226752993663487
2019-04-26,0.013123813423158957,0.039839856662829076,0.0390667173184824,-0.42802955685999744,41.0,-0.2931034482758621,58.84279197895367,0.04079124747639695
2019-04-27,-0.002096608120307488,0.014734357072444748,0.014626861069830254,-0.6301603894526049,42.0,0.024390243902439046,58.307573345804876,-0.009095738239956797
2019-04-28,0.0031929256297156855,0.013423247154308315,0.013333953558064193,-0.08898317800295386,40.0,-0.04761904761904767,58.92070720796038,0.010515509855284044
2019-04-29,-0.007175278992262232,0.018170675967604577,0.018007562196697913,0.35367215985235956,42.0,0.050000000000000044,56.89965099126378,-0.034301289181124184
2019-04-30,0.019508686623198813,0.02661989406439269,0.026271749550100892,0.4649919525201882,42.0,0.0,60.855496119175115,0.06952318791056733
2019-05-01,0.009665964737195984,0.01315680024587329,0.013071001289968883,-0.5057530952584783,51.0,0.2142857142857142,62.708597041356434,0.030450839124741336
2019-05-02,0.018809979754905393,0.02373753287777336,0.023460178213822055,0.8042025746509893,50.0,-0.019607843137254943,66.1182494608446,0.054372966074164975
2019-05-03,0.04666729598003433,0.06842739102056195,0.06618783934600345,1.8826665084741783,63.0,0.26,72.94744921865302,0.10328766737620132
2019-05-04,0.01084163602000144,0.04276426036815173,0.041875129732071394,-0.3750417818019487,66.0,0.04761904761904767,74.28206881892137,0.018295630821414388
2019-05-05,-0.006099505040041472,0.022043949147891206,0.02180449393703513,-0.4845240170619618,67.0,0.015151515151515138,72.12121661290945,-0.029089822623000305
2019-05-06,-0.0084733105601616,0.026402240932356102,0.026059717610316314,0.19770921059676927,57.0,-0.14925373134328357,69.1343597496471,-0.04141439930628832
2019-05-07,0.01428706601857112,0.042982965594152045,0.04208484376077011,0.6280044449361935,69.0,0.21052631578947367,71.29900978676768,0.031310769998584176
2019-05-08,0.025899955314045275,0.03369710314943797,0.033141796179008885,-0.21603587180074524,63.0,-0.08695652173913049,74.81700592790969,0.04934144459597967
2019-05-09,0.031601133315537946,0.03355266465683693,0.033002056419367404,-0.004286377139319453,69.0,0.09523809523809534,78.39778285827224,0.0478604681643211
2019-05-10,0.03255511923946928,0.04432326361534944,0.043369081010341204,0.3210057701428437,71.0,0.02898550724637672,81.42373513745555,0.03859742162165025
2019-05-11,0.12175582015101312,0.15014890754544297,0.13989141881484704,2.3875869080508187,76.0,0.07042253521126751,88.46040000027206,0.08642031529181948
2019-05-12,-0.03278809012221475,0.10095718805885845,0.09617997238765856,-0.3276195630773838,75.0,-0.013157894736842146,79.3518936237213,-0.10296704939750156
2019-05-13,0.11407866972300376,0.16658217533492037,0.15407825606322398,0.6500278834806916,78.0,0.040000000000000036,85.27252103435245,0.07461230148717268
2019-05-14,0.022709207625678487,0.07436235619004927,0.07172732855988573,-0.5535995610542324,78.0,0.0,86.18160558196075,0.010660931992875877
2019-05-15,0.02602089592487963,0.04017123672319811,0.03938535029522605,-0.4597906954355814,77.0,-0.012820512820512775,87.18203065804369,0.011608336481170545
2019-05-16,-0.03981349360704293,0.07648716336418948,0.07370311333333888,0.9040280958046687,75.0,-0.025974025974025983,77.94695855040409,-0.1059286189818468
2019-05-17,-0.07108127725881802,0.1265992090094692,0.11920354537408413,0.6551693570681125,65.0,-0.1333333333333333,65.35279465842635,-0.1615735126321033
2019-05-18,-0.009946983850618235,0.026996822655535935,0.026638837130083175,-0.7867536229747165,67.0,0.03076923076923066,63.85988182133279,-0.02284390200750297
2019-05-19,0.11992989942799603,0.1367616387952586,0.1281835523292518,4.065842026680663,70.0,0.04477611940298498,72.48706301389784,0.1350954769490833
2019-05-20,-0.02712584602869586,0.0680037606164765,0.0657912617082799,-0.5027570507671181,73.0,0.04285714285714293,68.32774467364682,-0.057380147122991554
2019-05-21,-0.0018795372127934414,0.027899865281800107,0.027517754975148894,-0.5897305527094585,68.0,-0.06849315068493156,68.0406199768948,-0.004202168505976656
2019-05-22,-0.0362187635444826,0.05010840810686701,0.048893404656013384,0.7960089627943179,69.0,0.014705882352941124,62.677662396971954,-0.07881993993799585
2019-05-23,0.025934032858881368,0.054504712766480834,0.053071190122040486,0.08773586760604646,65.0,-0.05797101449275366,64.8057248853471,0.0339524865317562
2019-05-24,0.01329951557921589,0.040420866311281056,0.03962531043822255,-0.2583968567184345,64.0,-0.01538461538461533,65.90074321475403,0.01689693821563165
2019-05-25,0.008126317351095985,0.019074838490040547,0.018895194615456065,-0.5280942683626513,69.0,0.078125,66.59208363317691,0.010490631587719346
2019-05-26,0.074251575993358,0.09626269083425631,0.09190684122493863,4.046579601946171,67.0,-0.02898550724637683,72.34298172108481,0.08636008627672287
2019-05-27,0.015168497755127118,0.027509267464210563,0.027137686777466433,-0.714227108905821,70.0,0.04477611940298498,73.3963280093055,0.014560448894432199
2019-05-28,-0.009793263049045299,0.019953731951813714,0.0197572654357909,-0.2746541878014952,71.0,0.014285714285714235,71.49790303673126,-0.025865394415011567
2019-05-29,-0.00695935212814635,0.03219766174697347,0.03169018141988077,0.6136160305614828,71.0,0.0,70.12146235069764,-0.019251483296321092
2019-05-30,-0.040056647967728856,0.0957322514095007,0.09142286252144159,1.9732671944259859,73.0,0.028169014084507005,62.80097759936431,-0.10439720601834401
2019-05-31,0.03019403993490808,0.050670642437312674,0.04942866736602913,-0.47070457770218077,61.0,-0.1643835616438356,65.69390350132251,0.046064981988233944
2019-06-01,-0.0012236008424256384,0.01698062068342976,0.016838061509674953,-0.664882467112246,62.0,0.016393442622950838,65.46847148730677,-0.0034315515139270447
2019-06-02,0.02067926798314298,0.02897576683600045,0.028563906366633588,0.7064021025024099,63.0,0.016129032258064502,67.51707620728995,0.03129147012971534
2019-06-03,-0.06301805868386157,0.0657365012094866,0.06366611058201731,1.268671665586893,66.0,0.04761904761904767,56.70626417996211,-0.160119670972372
2019-06-04,-0.06300147834270085,0.08546467603141306,0.08200816814979801,0.30010990026769835,42.0,-0.36363636363636365,48.8062839858419,-0.13931406535702928
2019-06-05,0.014996473539935253,0.030406929882162537,0.02995380177445389,-0.6442164026809593,27.0,-0.3571428571428571,50.530776219901426,0.03533340572619248
2019-06-06,-0.00028224106582634646,0.04832213180993383,0.04719091634924376,0.5891815450359164,34.0,0.2592592592592593,50.496045899646056,-0.0006873102464175496
2019-06-07,0.027977129076807897,0.0433697464087377,0.04245561598618669,-0.10248689815001177,27.0,-0.20588235294117652,53.92391365696207,0.0678838846932377
2019-06-08,-0.011229371413746664,0.030529746669875513,0.03007298718102721,-0.2960589074663188,62.0,1.2962962962962963,52.344072197257525,-0.029297603837784014
2019-06-09,-0.034020323814255043,0.051792564200073166,0.05049591255320659,0.6964622982338149,62.0,0.0,47.870442439466515,-0.08546583347455716
2019-06-10,0.03981203302759007,0.05867859470157111,0.05702152168879611,0.13295403708720444,46.0,-0.25806451612903225,52.95266360429756,0.10616616237164833
2019-06-11,-0.009117973017984032,0.032625335909925335,0.03210442919758661,-0.44399936508616156,61.0,0.326086956521739,51.69058174167555,-0.023834152556578503
2019-06-12,0.027144739690551607,0.042517587598596585,0.041638545146686703,0.3032076578761542,60.0,-0.016393442622950838,55.14894590878756,0.06690511212265382
2019-06-13,0.010388753446054437,0.02776117883620155,0.027382823736162968,-0.3470659930593548,63.0,0.050000000000000044,56.45797381524682,0.023736227137038934
2019-06-14,0.05471566495081175,0.06442848926665201,0.06243802532751616,1.3208124426847108,67.0,0.06349206349206349,62.81765591277791,0.11264453305289579
2019-06-15,0.016489111591430673,0.027932394336831923,0.02754940060662718,-0.5664589585326558,75.0,0.11940298507462677,64.5583544973969,0.02771033970188186
2019-06-16,0.017508940317692987,0.05914200431503902,0.05745915046724795,1.1173266996683422,80.0,0.06666666666666665,66.38857827338201,0.028349913659259984
2019-06-17,0.03558847752156163,0.04755668271433877,0.04646048372659098,-0.19588990489715707,84.0,0.050000000000000044,69.8845018211699,0.05265850901930769
2019-06-18,-0.025932150849555906,0.038142856011900594,0.037433401489781956,-0.1979496080284806,83.0,-0.011904761904761862,64.58757547798632,-0.07579543683001544
2019-06-19,0.020894883881637273,0.025271840212487184,0.024957787391828017,-0.33744237178772474,82.0,-0.012048192771084376,66.7677479065495,0.03375529136104927
2019-06-20,0.02698349626412288,0.03920240015299248,0.03845349598762914,0.551228554128876,81.0,-0.012195121951219523,69.44711535493641,0.040129666379298046
2019-06-21,0.062790586710018,0.0650370178381976,0.06300955709084348,0.6590060196411993,84.0,0.03703703703703698,74.77785919872912,0.076759759084994
2019-06-22,0.05346453425773459,0.10391875863076505,0.09886635695038859,0.5978401544993872,83.0,-0.011904761904761862,78.43445403737854,0.04889943196864843
2019-06-23,0.014258184854998994,0.0653697017847914,0.06332187674908878,-0.37095378499412945,84.0,0.012048192771084265,79.32485250732996,0.0113521344781351
2019-06-24,0.014244096327892747,0.042926521098145765,0.04203072396661781,-0.3433269553612551,80.0,-0.04761904761904767,80.21626116297512,0.011237444854533818
2019-06-25,0.0684254031313087,0.07120018631267255,0.06877968932374313,0.6586526112815623,87.0,0.08749999999999991,83.94831924017231,0.046524956699425024
2019-06-26,0.09886766271923943,0.1736101950101563,0.1600846347637061,1.438339055009696,95.0,0.09195402298850586,87.83238410521956,0.046267333285555434
2019-06-27,-0.15181967393698742,0.2687125063653837,0.23800261173810716,0.5477922039639658,92.0,-0.03157894736842104,63.192783018276806,-0.2805297993212337
2019-06-28,0.10391011328681186,0.1402428303888814,0.13124124883623794,-0.47809340069127537,62.0,-0.32608695652173914,69.37263426057545,0.09779362368818756
2019-06-29,-0.036772427703724096,0.07755490649645558,0.07469449900278162,-0.44699556988829703,74.0,0.19354838709677424,65.0686202989542,-0.062041956565389134
2019-06-30,-0.10038183788517502,0.1277316304619609,0.12020820851217777,0.6469832307488954,78.0,0.054054054054053946,55.59690173730559,-0.14556507450336764
2019-07-01,-0.02187165092867407,0.11072357841458591,0.10501167539326295,-0.1331545834486163,65.0,-0.16666666666666663,53.86681099574243,-0.03111847400665979
2019-07-02,0.020439793649304375,0.1205912515090366,0.11385644914823219,0.08911988969054851,63.0,-0.03076923076923077,55.266772612660425,0.025989316817523145
2019-07-03,0.10197242314626954,0.10629555059347573,0.10101709217002544,-0.11854674975729573,79.0,0.25396825396825395,61.8773411741642,0.11961198834305442
2019-07-04,-0.06438271352158567,0.07518028448300673,0.07248835401428404,-0.29272406922721006,76.0,-0.03797468354430378,56.13171372038353,-0.09285511214207853
2019-07-05,-0.021356009787895595,0.04788027331984912,0.04676933635720894,-0.3631272660231597,67.0,-0.11842105263157898,54.40316809525316,-0.030794456654949287
2019-07-06,0.020741781945806056,0.0581305116206694,0.05650368274761577,0.21408061379154586,72.0,0.07462686567164178,55.82556354446853,0.026145452535501823
2019-07-07,0.021386723467300896,0.0352338605525957,0.034627353418703245,-0.3938835291436239,67.0,-0.06944444444444442,57.3349129062048,0.027036885360484986
2019-07-08,0.07039331175600369,0.08359762283022398,0.08028663745583926,1.3726501018936825,74.0,0.10447761194029859,62.13686990838759,0.08375275654535996
2019-07-09,0.0231592932804558,0.04462179668328692,0.043654902859506704,-0.4662312734190056,84.0,0.1351351351351351,63.655317575654,0.02443714447646239
2019-07-10,-0.0337512276446848,0.12112999604237551,0.11433710172205189,1.7145925320336715,83.0,-0.011904761904761862,59.90468958307266,-0.058920890436588325
2019-07-11,-0.06788441618712997,0.08833291603718552,0.08464709063342912,-0.2707593583485005,62.0,-0.2530120481927711,53.42343367502721,-0.10819279681029959
2019-07-12,0.039472753868564206,0.06497301930457144,0.0629494648541597,-0.26445291042786645,33.0,-0.467741935483871,56.339355056609925,0.054581317242170524
2019-07-13,-0.03650877331612687,0.08557357051741654,0.08210848373499594,0.3170631661163337,65.0,0.9696969696969697,53.027771189062975,-0.05877922926557222
2019-07-14,-0.10507600156656484,0.11887428548637313,0.11232307760871571,0.38914719542033116,61.0,-0.06153846153846154,45.3305075523193,-0.1451553302004751
2019-07-15,0.06044360141002941,0.10616083265774456,0.10089531084414936,-0.10694872130344746,16.0,-0.7377049180327868,49.74815458533796,0.09745417096686881
2019-07-16,-0.13937670558066412,0.16389806530553774,0.1517747727129624,0.5438656725115765,34.0,1.125,41.699137646946426,-0.1617952867896688
2019-07-17,0.022551278856090203,0.0873063662668323,0.08370341411969491,-0.46731301492744093,19.0,-0.4411764705882353,43.2081979570629,0.03618924503650933
2019-07-18,0.09561955306661926,0.14504352394051057,0.13544264845887694,0.6613166959350663,40.0,1.1052631578947367,49.5377781829411,0.14649026168987822
2019-07-19,-0.012808461572604499,0.047641177110759436,0.04654113901751755,-0.6715387504629341,42.0,0.050000000000000044,48.72163605167139,-0.01647514606439826
2019-07-20,0.022200991330417415,0.05715911829324827,0.055585233205795316,0.19978392138298506,34.0,-0.19047619047619047,50.25856289311502,0.031545058130101555
2019-07-21,-0.01572926297459085,0.04353277344098805,0.04261185426855143,-0.23839319533152747,42.0,0.23529411764705888,49.13136687195112,-0.02242793976344104
2019-07-22,-0.024449353942019494,0.048928898394405396,0.04776954674938417,0.12395545991877133,42.0,0.0,47.387634721873575,-0.03549121999032023
2019-07-23,-0.04370796659547665,0.04686081664880093,0.04579598766374324,-0.04226708169340132,40.0,-0.04761904761904767,44.45192584798699,-0.06195094756505104
2019-07-24,-0.009013724991008056,0.030630418332055154,0.030170671644339744,-0.3463532963666581,20.0,-0.5,43.86415954805995,-0.013222515981355598
2019-07-25,0.010131621144278298,0.03890920266828335,0.038171319143751714,0.2702798325011557,42.0,1.1,44.748983418923004,0.02017190982295225
2019-07-26,-0.004199559341958318,0.020429668179178906,0.02022378191104397,-0.47493994278551355,24.0,-0.4285714285714286,44.435408129758684,-0.007007428218619993
2019-07-27,-0.04059130256046178,0.08030570077110033,0.07724405735279777,2.9308372542704664,47.0,0.9583333333333333,41.476840146926804,-0.06658131673264656
2019-07-28,0.007901301370321584,0.034937059547713645,0.034340612837011314,-0.56494919772512,16.0,-0.6595744680851063,42.269489070955224,0.019110639123437467
2019-07-29,-0.003535535708016186,0.02203117656476361,0.021791996761205246,-0.36940381217040985,19.0,0.1875,41.99480274041092,-0.0064984540050437856
2019-07-30,0.009231027857063211,0.02801890595780221,0.027633557873396046,0.27178436773164893,22.0,0.1578947368421053,43.03858146144882,0.024854949968213358
2019-07-31,0.04857531814577599,0.05079446895604711,0.04954651516488757,0.8128641079900112,31.0,0.40909090909090917,48.45003376503425,0.12573491318324836
2019-08-01,0.03066254026424243,0.0529025758286199,0.051550708290937636,0.0415026855462739,57.0,0.8387096774193548,51.69550906443466,0.06698602760815064
2019-08-02,0.011330721144643396,0.027667445266526647,0.027291617874143997,-0.47701137736361854,61.0,0.07017543859649122,52.90055566162302,0.023310469690633218
2019-08-03,0.028451137479912812,0.04220270967959072,0.04133646345082425,0.5253562182211853,61.0,0.0,55.93309531748025,0.05732528927020719
2019-08-04,0.013625267067559002,0.0366213294235076,0.035966702891614966,-0.13225170370475725,62.0,0.016393442622950838,57.37845344594221,0.025840839314506203
2019-08-05,0.07339741253272014,0.08524578099400082,0.08180648760097516,1.3277631461210881,64.0,0.032258064516129004,64.4459182558456,0.12317280068487446
2019-08-06,-0.02813163305123966,0.08707051872694604,0.08348648066860935,0.021405607546415073,66.0,0.03125,60.22999828609604,-0.06541795173144493
2019-08-07,0.03961210267399502,0.05276410966415579,0.05141919064323235,-0.3940071744648206,45.0,-0.31818181818181823,63.83805521900714,0.05990464943685736
2019-08-08,0.0020443450527850055,0.036625631807148507,0.03597085327381387,-0.3058608959713126,61.0,0.3555555555555556,64.02326663458776,0.0029012697041790325
2019-08-09,-0.008684364496770227,0.02226460849624523,0.022020370692416184,-0.39210308743671485,60.0,-0.016393442622950838,62.562246300868104,-0.022820146651660433
2019-08-10,-0.043846706855643715,0.05225734222216705,0.050937706284652697,1.3471035761073402,59.0,-0.01666666666666672,55.815653301247984,-0.10783808764114833
2019-08-11,0.014823037907253726,0.024473414112937686,0.024178738250725036,-0.531675108755219,45.0,-0.23728813559322037,57.461560814456064,0.029488278213367858
2019-08-12,-0.012307995125175572,0.018305730508302975,0.01814019770425098,-0.25201565977565066,48.0,0.06666666666666665,55.606979108059704,-0.03227517109019751
2019-08-13,-0.04370714338940503,0.054451047338406555,0.05302029723078022,1.97453561406408,45.0,-0.0625,49.647797457799406,-0.10716607422028745
2019-08-14,-0.0806379719242745,0.08590040268537424,0.08240950707164099,0.5775711741872258,11.0,-0.7555555555555555,41.36870078050332,-0.16675657534119848
2019-08-15,0.025522045965721746,0.07876690482909754,0.07581863404970059,-0.08304382323333726,13.0,0.18181818181818188,44.440063692930345,0.07424363962318425
2019-08-16,0.006071112000481698,0.06786794701947385,0.06566408778046377,-0.13836976117407962,31.0,1.3846153846153846,45.187319582873776,0.016814914917916868
2019-08-17,-0.013840282280728103,0.03627815059263062,0.03563559292963105,-0.46545973193765444,20.0,-0.3548387096774194,43.74836666916631,-0.031844175024996146
2019-08-18,0.011086601525889401,0.03636447685103383,0.035718893598361966,0.002379566129833144,14.0,-0.30000000000000004,45.25030023039421,0.03433119166678411
2019-08-19,0.05365286353343918,0.05845415289353828,0.056809497375130774,0.6074520508845556,30.0,1.1428571428571428,52.13133721894544,0.1520661068217466
2019-08-20,-0.01409860264611838,0.030895777526491086,0.03042811120192051,-0.47145282247505793,39.0,0.30000000000000004,50.306578751771276,-0.035003101100407163
2019-08-21,-0.05984026786228671,0.0839135970449214,0.08057819231750579,1.7160215331357511,11.0,-0.717948717948718,43.585268172967176,-0.13360699028986234
2019-08-22,-0.0006901282262681483,0.04084165373882365,0.04002966830199254,-0.513289202500044,5.0,-0.5454545454545454,43.51522230250985,-0.001607099678252566
2019-08-23,0.026965838908487968,0.036142490907764335,0.03550467386586238,-0.1150580939035859,33.0,5.6,47.13747226480214,0.08324098489285148
2019-08-24,-0.024116765985468237,0.043649636778860135,0.042723836180071945,0.20770969799104444,39.0,0.18181818181818188,44.391758901436745,-0.05824905815782655
2019-08-25,-0.0021128053844357898,0.02955732266562583,0.029128926038226866,-0.3228506616132789,33.0,-0.15384615384615385,44.152283415878365,-0.005394593309314244
2019-08-26,0.022654331476248634,0.03812135999902022,0.03741269505683823,0.2897433380647185,41.0,0.24242424242424243,47.45904477964618,0.07489445863129718
2019-08-27,-0.018030983225030404,0.02914826772059076,0.028731535607726833,-0.23538227069181383,30.0,-0.2682926829268293,45.16172555789827,-0.04840635188538733
2019-08-28,-0.04324433232151661,0.05791189339825631,0.05629705340722788,0.9868039484674593,32.0,0.06666666666666665,40.27764233599123,-0.10814651481032411
2019-08-29,-0.025355880586420892,0.035573064763604334,0.034954959251864745,-0.38573818474608157,20.0,-0.375,37.784528182597704,-0.06189821471168222
2019-08-30,0.009207926773968323,0.02416355260124159,0.0238762332006907,-0.3207345849502429,24.0,0.19999999999999996,39.24341873113978,0.038610791737079264
2019-08-31,0.003379326975376171,0.014836746609801166,0.01472775877896448,-0.3859865370525519,20.0,-0.16666666666666663,39.804816978320645,0.014305538745924551
2019-09-01,0.013132277928025817,0.022311673316902647,0.02206640939596995,0.5038117118050354,24.0,0.19999999999999996,42.06378829044002,0.056751204592893956
2019-09-02,0.058589039911261055,0.06843750206991328,0.06619730278881081,2.067340629179395,28.0,0.16666666666666674,51.187545187606446,0.21690288174163364
2019-09-03,0.02639879832471976,0.04147593305881525,0.040638873491085505,-0.39395898733351,41.0,0.4642857142857142,54.79167064189832,0.07041020312817237
2019-09-04,-0.002737943980703232,0.03142728178743148,0.03094355350404436,-0.2422766778298684,43.0,0.04878048780487809,54.33822503777692,-0.008275812706733832
2019-09-05,-0.0017912085396542573,0.01054080988692152,0.01048564288169997,-0.6645968315612634,41.0,-0.046511627906976716,54.02394294436941,-0.00578381228295588
2019-09-06,-0.021237571181720684,0.058923848466432505,0.05725315512570418,4.59006841965171,43.0,0.04878048780487809,50.34816960719481,-0.0680397086336273
2019-09-07,0.015711656980851706,0.020268289269721906,0.0200656214060027,-0.6560257044095098,39.0,-0.09302325581395354,52.89459735844536,0.0505763719141572
2019-09-08,-0.0072503981845572244,0.01792153399564622,0.017762836567885364,-0.11578457574026346,43.0,0.10256410256410264,51.574548795880546,-0.024956207788469964
2019-09-09,-0.01023309600539781,0.03010191744490598,0.029657746322054295,0.6796507180813209,41.0,-0.046511627906976716,49.705513584094085,-0.036239487410421045
2019-09-10,-0.021417820975587025,0.03730128650363551,0.03662242369746322,0.2391664608045707,41.0,0.0,46.006486357565095,-0.07441885134675863
2019-09-11,0.006149168432955224,0.02356248315242726,0.023289172768208757,-0.36831982590920076,38.0,-0.07317073170731703,47.21186069875894,0.026200095608814866
2019-09-12,0.022513994030435,0.03396410467060096,0.03340006046489602,0.44144844373510717,39.0,0.026315789473684292,51.5392314486967,0.09165855117528787
2019-09-13,-0.004774055257204667,0.021013107767496875,0.020795377266130607,-0.38131424422073334,38.0,-0.02564102564102566,50.58388060387481,-0.01853638127632662
2019-09-14,-0.00024114056019034126,0.012674244771292864,0.012594598793428956,-0.3968410141170353,39.0,0.026315789473684292,50.53305546516943,-0.001004769466055655
2019-09-15,-0.0009983634989049381,0.007169758329232501,0.00714417780996716,-0.4343048869095548,38.0,-0.02564102564102566,50.30782045084847,-0.004457181784232489
2019-09-16,-0.0068771801807728065,0.019345240091858562,0.019160499697804145,1.6981718495286309,38.0,0.0,48.70376291927552,-0.031884854426164955
2019-09-17,-0.003462462705750272,0.00951320657419541,0.009468240977600137,-0.5082404493806701,41.0,0.07894736842105265,47.88027991526613,-0.01690799549460431
2019-09-18,-0.004209930227213259,0.008287223201465244,0.008253072712691812,-0.12887172828304272,38.0,-0.07317073170731703,46.84708272364479,-0.021578762560490294
2019-09-19,0.0066619464013658175,0.04506601964902712,0.044080060118844425,4.4380120522226445,31.0,-0.1842105263157895,48.73461593599054,0.04029137147088724
2019-09-20,-0.00829163618618558,0.015168053462053743,0.015054168701918749,-0.6634259342142459,41.0,0.32258064516129026,46.52204774333171,-0.04540034121875258
2019-09-21,-0.016031424170294233,0.01873763820432628,0.01856425122135253,0.23533571734848158,37.0,-0.09756097560975607,42.548473164594775,-0.08541271873197998
2019-09-22,0.00504485941629184,0.015309712721813584,0.015193701635840912,-0.18294330614843612,37.0,0.0,44.15604528736484,0.037782134192014816
2019-09-23,-0.03445525046861395,0.03568310929216567,0.03506121798513326,1.3307497626211933,41.0,0.10810810810810811,36.71066613050545,-0.16861517168046447
2019-09-24,-0.1209936495214672,0.17125189037741761,0.1580731685520463,3.7992423803442614,39.0,-0.04878048780487809,23.084038600061106,-0.3711898738639622
2019-09-25,-0.015616015371176536,0.050379779679224246,0.04915179370618281,-0.705814752945538,15.0,-0.6153846153846154,22.02344539589789,-0.04594487223567578
2019-09-26,-0.04433175093227527,0.07853156744834289,0.07560045619001876,0.5587914029867811,12.0,-0.19999999999999996,19.381266605927618,-0.11997118264076923
2019-09-27,0.01623387232043621,0.038363120249157,0.03764555039818927,-0.5114942755422296,24.0,1.0,22.974387695701044,0.18539144849668898
2019-09-28,-0.0007189659749160292,0.019714096919370316,0.019522290867722527,-0.48611852238991127,32.0,0.33333333333333326,22.9252759231475,-0.0021376749275774376
2019-09-29,-0.017337268541281117,0.033941563153203624,0.03337825916346436,0.7216899811349686,33.0,0.03125,21.729804830270048,-0.05214642113294665
2019-09-30,0.023135803960001186,0.061740205422402106,0.05990926523099828,0.8190147915027497,27.0,-0.18181818181818177,27.201230830816087,0.2517936098958531
2019-10-01,0.005939522648697366,0.0321903323549535,0.03168308063064837,-0.47861637105481014,38.0,0.40740740740740744,28.60130358938298,0.0514709340645263
2019-10-02,0.005947039319423827,0.0200963542532131,0.019897087788777395,-0.3757021818968377,39.0,0.026315789473684292,30.060336847249832,0.051012823709492006
2019-10-03,-0.01597938661828606,0.032872104327146934,0.032343372527738945,0.6357247644503075,37.0,-0.05128205128205132,28.389979288500772,-0.05556682771842858
2019-10-04,-0.00656542608285994,0.013349979899642594,0.013261654147632237,-0.5938811897534131,30.0,-0.18918918918918914,27.71617009477223,-0.02373405020416708
2019-10-05,-0.006656196327979546,0.017891661985685703,0.017733490054146647,0.3402014175440593,31.0,0.03333333333333344,27.020595602003578,-0.0250963423297742
2019-10-06,-0.020242104470858776,0.025450857272079297,0.025132376633236832,0.4224982169035698,32.0,0.032258064516129004,24.993745132975548,-0.07501131725156118
2019-10-07,0.03172260496034329,0.05093549141996023,0.04968071172370669,1.0013271409854902,27.0,-0.15625,33.465533353943776,0.33895633391055746
2019-10-08,-0.0020443649815999844,0.017952102554197547,0.01779286648526808,-0.6475521870166426,39.0,0.4444444444444444,33.2013930925693,-0.007892904576802473
2019-10-09,0.04362860415666088,0.05611341146982052,0.05459557674260944,2.1257292175339164,37.0,-0.05128205128205132,43.64055025705374,0.3144192514867936
2019-10-10,-0.0010786272982693222,0.01809963044335272,0.017937782144357116,-0.677445552333113,41.0,0.10810810810810811,43.4558632378425,-0.004232004824031521
2019-10-11,-0.03131474095669686,0.048772219071205436,0.04762016481676584,1.6946527567980012,39.0,-0.04878048780487809,38.4499060657275,-0.115196357847419
2019-10-12,0.0017767504383327862,0.012257571220768204,0.012183055497882041,-0.7486771884856693,38.0,-0.02564102564102566,38.873838246409555,0.01102557129677706
2019-10-13,-0.0018669970610550547,0.023484968173803855,0.023213439322352158,0.9159560854937467,38.0,0.0,38.57320590714497,-0.0077335388741129885
2019-10-14,0.006430502888083053,0.012804979399855032,0.012723688864740072,-0.4547584946639077,37.0,-0.02631578947368418,40.289941433880735,0.04450590730955484
2019-10-15,-0.02042493372661194,0.027864655732664945,0.02748350051771597,1.1760797001344967,39.0,0.054054054054053946,36.79674286628658,-0.08670150522126707
2019-10-16,-0.019423891941978407,0.02901941753747095,0.02860632697267629,0.04144181129976454,40.0,0.02564102564102555,33.85031478289142,-0.08007306771966216
2019-10-17,0.006981979739066776,0.016734111720597467,0.016595639148159043,-0.42334777398651224,40.0,0.0,35.82709112691208,0.05839757640953347
2019-10-18,-0.016259940076949107,0.02989681179107384,0.029458614495807032,0.7865789526357017,40.0,0.0,33.33990455631387,-0.0694219511650479
2019-10-19,0.0019237257444975665,0.017351341840093237,0.017202526275108147,-0.4196256791075712,41.0,0.02499999999999991,33.920209918290226,0.01740572955139008
2019-10-20,0.02881240366522189,0.04181161554974033,0.04096113576741353,1.4097050208029134,37.0,-0.09756097560975607,42.166861587064226,0.24311912245352274
2019-10-21,0.002628793271972775,0.012234410762135273,0.012160175230792757,-0.7073920583723713,37.0,0.0,42.878375902615225,0.01687377928475642
2019-10-22,-0.02028232136663908,0.027517431137181303,0.027145631854750673,1.2491831991080447,39.0,0.054054054054053946,38.93336147147228,-0.09200475410036069
2019-10-23,-0.07231210270483085,0.08349843464540796,0.08019509727279742,2.0343833415680157,33.0,-0.15384615384615385,29.11252113582711,-0.2522474290549306
2019-10-24,-0.0028228801699561206,0.011532031121272324,0.01146604407560779,-0.861889253729782,20.0,-0.3939393939393939,28.818247991078657,-0.010108129879081718
2019-10-25,0.14476109386093217,0.16197302070734598,0.15011944018026924,13.045489385522536,24.0,0.19999999999999996,55.50618651294025,0.9260777591380105
2019-10-26,0.06528433388686641,0.1568949977594336,0.14573969021194133,-0.03135104183237647,53.0,1.2083333333333335,62.987034183032954,0.13477502491273974
2019-10-27,0.03264079600850012,0.06990226275320444,0.06756730108046444,-0.5544646817842768,50.0,-0.05660377358490565,66.20003076419832,0.051010444019776724
2019-10-28,-0.031432676505614585,0.05930865632387938,0.057616484326639204,-0.15154883421623466,52.0,0.040000000000000036,60.72958247984578,-0.08263513205663053
2019-10-29,0.018362811918533402,0.03070973929981835,0.03024763222506551,-0.48220477071483203,54.0,0.03846153846153855,62.65822749352992,0.031757916569312705
2019-10-30,-0.023825095718831422,0.03758833177351262,0.03689910855739969,0.22398732879295258,53.0,-0.01851851851851849,58.644808045520556,-0.06405255316907565
2019-10-31,-0.0006673727616756513,0.039257330694040915,0.038506352956899206,0.04440204823626659,50.0,-0.05660377358490565,58.5330888860062,-0.0019050136446459032
2019-11-01,0.006664947063719231,0.015725867552854433,0.01560349734883221,-0.5994157708934207,49.0,-0.020000000000000018,59.36807933051542,0.01426527218024276
2019-11-02,0.0068453823292389865,0.013827474154781916,0.013732746861311653,-0.12071788037715836,51.0,0.04081632653061229,60.259198738020295,0.015010076417392826
2019-11-03,-0.009629700847412865,0.026096500646002774,0.025761797536192826,0.8872933953001023,56.0,0.0980392156862746,58.324059205688975,-0.032113595481819024
2019-11-04,0.01901152585439151,0.03411487852686346,0.033545871004778315,0.30725873900219125,49.0,-0.125,60.99946958746129,0.04587147085111232
2019-11-05,-0.007473715309565572,0.02165796787837837,0.021426766372279773,-0.3651459769577079,54.0,0.1020408163265305,59.3764514681786,-0.02660708577073123
2019-11-06,0.0019624814591623348,0.012607916403923003,0.01252909842151526,-0.41786244791184834,53.0,-0.01851851851851849,59.6789927807454,0.005095308073924665
2019-11-07,-0.010018996001742247,0.01805223485415275,0.017891228063577284,0.43181746101486884,54.0,0.018867924528301883,57.34056263623402,-0.0391834720318176
2019-11-08,-0.05121408380627322,0.056660435223238714,0.05511340193861684,2.1386936676266712,42.0,-0.2222222222222222,47.41948803049542,-0.1730201823912586
2019-11-09,0.000987733451713017,0.011219543237549479,0.011157071001336075,-0.8019862856092589,38.0,-0.09523809523809523,47.60309260631421,0.003871922356072588
2019-11-10,0.027081275361004672,0.03380179229077651,0.03324306747028638,2.012760107528169,39.0,0.026315789473684292,52.56325573701675,0.10419833794673683
2019-11-11,-0.03343184819094057,0.0437522160525996,0.042822120344841556,0.29437562589065025,40.0,0.02564102564102555,46.70393011259115,-0.11147189309849526
2019-11-12,0.0065865532404471615,0.01938198387699952,0.019196545505907305,-0.5570056644971264,39.0,-0.025000000000000022,47.919210852414345,0.026020952345840342
2019-11-13,-0.0008397010971480578,0.008581764616780951,0.008545150600932099,-0.5572298134575957,38.0,-0.02564102564102566,47.76923268807597,-0.0031298129011408937
2019-11-14,-0.011437202181483985,0.015460546604363357,0.015342250081569269,0.80155798891658,41.0,0.07894736842105265,45.684715314513376,-0.04363723795134189
2019-11-15,-0.02512939756383665,0.02899632616982495,0.02858388655382374,0.8755045931973358,38.0,-0.07317073170731703,41.47933985811793,-0.09205213226007469
2019-11-16,0.0068966308279384695,0.01392775604623031,0.013831656128107338,-0.5196717003161511,41.0,0.07894736842105265,43.01558241096702,0.037036330812010965
2019-11-17,0.003177685280365235,0.0266818196595493,0.026332067617106325,0.9157299690621021,38.0,-0.07317073170731703,43.75196489317588,0.017118970404109035
2019-11-18,-0.03182423938339746,0.045893959010823604,0.044871982884957556,0.720046068687012,38.0,0.0,38.466753884056494,-0.12079939774187687
2019-11-19,-0.01249037483855615,0.03809316267525076,0.03738553281183584,-0.16997436054128845,32.0,-0.1578947368421053,36.63717728104211,-0.04756254215078681
2019-11-20,-0.022039071560940312,0.0283038741575401,0.027910720782174558,-0.2569828239562474,32.0,0.0,33.648106572241254,-0.08158572604739267
2019-11-21,-0.049086768125686187,0.06748592076397619,0.06530627705378542,1.3843351050936632,30.0,-0.0625,28.302625807102437,-0.15886423664470584
2019-11-22,-0.04635206471928927,0.10965957184714603,0.10405327625502606,0.6249251785519392,20.0,-0.33333333333333337,24.525176774803256,-0.1334663807536629
2019-11-23,0.013776814950745946,0.04066897244482215,0.0398637490967524,-0.6291343130400833,23.0,0.1499999999999999,27.56921721446858,0.1241190009603812
2019-11-24,-0.04845012522266549,0.053958242798824996,0.052552831496436365,0.3267668090712923,21.0,-0.08695652173913049,23.970368325246422,-0.13053866786371604
2019-11-25,0.013839370591340378,0.10619196133872322,0.10092345163712342,0.9680396512288882,17.0,-0.19047619047619047,26.85682128488771,0.12041754721812836
2019-11-26,0.010057835510045162,0.0312257443934727,0.03074813780199263,-0.7059500173099624,21.0,0.23529411764705888,28.99207205737577,0.0795049700721493
2019-11-27,0.04248662643530125,0.09255848989180149,0.08852218421291841,1.964172406123632,20.0,-0.04761904761904767,37.51215333563536,0.2938762452507091
2019-11-28,-0.00914426790792298,0.03701994511871143,0.03635116254238244,-0.6000372827820895,32.0,0.6000000000000001,36.48060552153498,-0.027499029577713996
2019-11-29,0.03917091013708419,0.04294783597167173,0.04205116131794194,0.16012694870160948,31.0,-0.03125,43.72761085655532,0.198653647093175
2019-11-30,-0.024998412204507995,0.04261027801923789,0.041727451368919644,-0.007859719699416123,38.0,0.22580645161290325,40.52728465918937,-0.07318776705785157
2019-12-01,-0.019386782304190116,0.03843934653874315,0.03771895775477651,-0.09788557302094181,25.0,-0.3421052631578947,38.24113512010389,-0.056410133526355155
2019-12-02,-0.013875477110813644,0.03337565365523787,0.032830777134581796,-0.13173202303014087,28.0,0.1200000000000001,36.672927853830814,-0.041008386946355335
2019-12-03,-0.0002517083198087148,0.02621283675238284,0.025875168463649744,-0.21461203357528613,28.0,0.0,36.64377801908908,-0.0007948597629814369
2019-12-04,-0.00934813254089389,0.05143854201776521,0.05015926653784022,0.9623416764722827,24.0,-0.1428571428571429,35.519970121144816,-0.030668450653719037
2019-12-05,0.026704767756073822,0.07061768414588676,0.06823575681745322,0.37285547715364276,21.0,-0.125,41.123512080443085,0.1577575076833333
2019-12-06,0.013162839304284675,0.02094394179339365,0.02072763247772328,-0.7034178896305032,29.0,0.38095238095238093,43.76958329847624,0.06434448528756698
2019-12-07,0.001223739480074957,0.008536101205651958,0.008499874703166774,-0.5924310098901964,32.0,0.10344827586206895,44.023278390746476,0.005796150503426523
2019-12-08,0.0010723690545205787,0.021202942844817496,0.02098128813272131,1.4839141821301882,28.0,-0.125,44.26087458847865,0.005397058247759157
2019-12-09,-0.021844253680856535,0.03422575979723086,0.03365308861528126,0.6141985594983788,32.0,0.1428571428571428,40.52627226712131,-0.08437705662349204
2019-12-10,-0.016728999152694785,0.024562230818567565,0.024265429476331774,-0.282346660407672,26.0,-0.1875,37.93673532285758,-0.06389773348003192
2019-12-11,-0.008373983817170333,0.017876230622864142,0.01771832981620608,-0.2722065534311814,20.0,-0.23076923076923073,36.68874751580138,-0.03289655254821733
2019-12-12,0.0035554716584630377,0.014222207683432408,0.014122020888639569,-0.2044067911474664,23.0,0.1499999999999999,37.624724745094696,0.025511288683000233
2019-12-13,0.0036588787977558162,0.009192868633761897,0.009150871404033754,-0.3536257634269565,22.0,-0.04347826086956519,38.63378200649868,0.02681899384620845
2019-12-14,-0.020148956153597603,0.02981840352625409,0.029382479441529108,2.2436451247375033,27.0,0.2272727272727273,35.27708903543835,-0.08688491772552032
2019-12-15,0.003870282470955076,0.03707189036241276,0.03640125216987489,0.24325537179655599,21.0,-0.2222222222222222,36.410692949329786,0.032134281622631766
2019-12-16,-0.031216547911036934,0.038745455571648435,0.03801369227701085,0.045143778557688696,24.0,0.1428571428571428,31.659397545193432,-0.13049175995492313
2019-12-17,-0.043028139847750044,0.05708903333644377,0.05551893544715601,0.47343817472669114,23.0,-0.04166666666666663,26.679629614149537,-0.1572919359547298
2019-12-18,0.09150203958984561,0.12001982078421403,0.11334638227917336,1.1023270805252414,15.0,-0.34782608695652173,46.44860303326756,0.7409763068312445
2019-12-19,-0.01021559978849091,0.04334670526844997,0.04243353235305087,-0.6388371105270698,21.0,0.3999999999999999,44.93212635602359,-0.03264848839819434
2019-12-20,0.002215025702357289,0.02424426258900847,0.023955035856304617,-0.44068961092056214,23.0,0.09523809523809534,45.34711541629388,0.009235909669221831
2019-12-21,-0.0038386948789303917,0.015534140007852137,0.015414720387873957,-0.35926531273857787,23.0,0.0,44.71867461514449,-0.013858451532808846
2019-12-22,0.04359469833307996,0.0489528717161829,0.0477924015375997,2.151308774830045,20.0,-0.13043478260869568,52.868171415329975,0.1822392293671773
2019-12-23,-0.020981218944278197,0.04504166277327126,0.044056753304595755,-0.07989743616243594,33.0,0.6499999999999999,49.07600569782843,-0.07172870965614575
2019-12-24,-0.004509590580982912,0.03661695211477434,0.03596248021371803,-0.18704262098193092,25.0,-0.24242424242424243,48.284509078972334,-0.01612797552697154
2019-12-25,-0.00649097736895625,0.0188379690017777,0.0186627317853892,-0.48553967728578673,22.0,-0.12,47.113146670751696,-0.02425959030265379
2019-12-26,-0.004986734773912115,0.026098044864126813,0.025763302479403418,0.38539589175797007,39.0,0.7727272727272727,46.19133506888183,-0.019565910303379064
2019-12-27,0.007037180653861685,0.024144201165569923,0.02385733815365819,-0.07486551995481294,38.0,-0.02564102564102566,47.74668012974151,0.03367179274078813
2019-12-28,0.003820062875904435,0.015388664732099766,0.015271460116571026,-0.36263516748509006,37.0,-0.02631578947368418,48.61962198187799,0.01828277588650029
2019-12-29,0.014200785685395729,0.03215485455790823,0.031648708668755875,1.0895155699139556,37.0,0.0,51.8678730440685,0.06680946765487472
2019-12-30,-0.017622203333694908,0.02453388596162931,0.02423776375903531,-0.23700833672110655,40.0,0.08108108108108114,47.83350053808346,-0.07778172246541348
2019-12-31,-0.013722694823239307,0.023084705120403948,0.02282228424590752,-0.05906854069069456,38.0,-0.050000000000000044,44.94723834995807,-0.06033976513651651
2020-01-01,0.0009136166827146318,0.011064368830169702,0.011003606488506457,-0.5207056459044735,37.0,-0.02631578947368418,45.18287579994022,0.005242534550120359
2020-01-02,-0.030272928096194005,0.03992422113724192,0.039147846207436346,2.608359568453538,39.0,0.054054054054053946,39.27184909530192,-0.13082449047313904
2020-01-03,0.050171745960031294,0.07212140564070735,0.0696393077666504,0.8064574232465465,38.0,-0.02564102564102566,50.86106814497118,0.29510245421715253
2020-01-04,0.008915009823896914,0.016125775181305757,0.01599713596417623,-0.7764079188689035,38.0,0.0,52.642173406734315,0.035019029814442604
2020-01-05,8.914393268935946e-05,0.019452838645217962,0.019266050663916442,0.2063195986862818,39.0,0.026315789473684292,52.660734084451505,0.00035258190374820586
2020-01-06,0.047161467235659664,0.050284719516612064,0.049061288856204664,1.5849553596628128,41.0,0.05128205128205132,61.47069581421045,0.16729659931497531
2020-01-07,0.04952688932640552,0.05277758397116661,0.05143198954154126,0.04957498974874475,40.0,-0.024390243902439046,68.44181747287578,0.11340560841762559
2020-01-08,-0.010321673202805576,0.0552942491884556,0.0538196372234644,0.047684358167359386,51.0,0.2749999999999999,65.7205136745943,-0.03976083480483206
2020-01-09,-0.02516485111441786,0.030589101976727484,0.030130582410829075,-0.4467941526347027,44.0,-0.13725490196078427,59.60706964218239,-0.09302185406951857
2020-01-10,0.0358370170573265,0.05691628168715024,0.05535550004947714,0.8606718736121366,41.0,-0.06818181818181823,64.67385617474604,0.08500311394234372
2020-01-11,-0.01592428993077385,0.023502577455469353,0.02323064439202005,-0.5870675884159974,50.0,0.2195121951219512,60.97716858125792,-0.05715891725243383
2020-01-12,0.019095619045757743,0.023848543577332126,0.02356860901528533,0.014720348120042637,45.0,-0.09999999999999998,63.663595031717946,0.044056267500845125
2020-01-13,-0.005913064387262195,0.014615318929268373,0.01450954452776695,-0.38716094415257585,49.0,0.0888888888888888,62.225638758995956,-0.022586790331359463
2020-01-14,0.0805965063783667,0.09072407348306344,0.0868417632988491,5.207464505025686,56.0,0.1428571428571428,71.89935444682713,0.1554618944981525
2020-01-15,-0.0023537488141357047,0.026905930765620978,0.02655033061260284,-0.7034311871959339,54.0,-0.0357142857142857,71.30231754225332,-0.008303786719188855
2020-01-16,-0.009494746324859216,0.027213496279419935,0.026849792768549523,0.01143114194703676,55.0,0.0185185185185186,68.83391900403419,-0.034618770094764106
2020-01-17,0.023255338715640103,0.03236088796534431,0.03184830357023942,0.1891484884217931,54.0,-0.018181818181818188,71.45821590493051,0.03812505431722579
2020-01-18,0.0015410282758632793,0.02094247846156083,0.020726199164079286,-0.3528459885282381,51.0,-0.05555555555555558,71.63080965089094,0.002415310035028817
2020-01-19,-0.026809102516198058,0.063141203054913,0.0612279250206068,2.0149823561144595,53.0,0.03921568627450989,64.42353740652854,-0.10061693117094006
2020-01-20,-0.005598131806099833,0.021624643149467992,0.021394147557111012,-0.6575193043017988,48.0,-0.09433962264150941,63.020564439109556,-0.021777335177450396
2020-01-21,0.010141927934056931,0.024715903798452787,0.024415407146592714,0.14295082825729066,49.0,0.02083333333333326,64.53100510021648,0.02396742515002881
2020-01-22,-0.007461951294768086,0.01809096284057876,0.017929268596752486,-0.2680436455772557,52.0,0.061224489795918435,62.50538275918077,-0.03138990843068257
2020-01-23,-0.03211536772319544,0.04249157306168705,0.041613591264083476,1.3487734420843944,49.0,-0.05769230769230771,54.70232916009516,-0.12483810600999001
2020-01-24,0.00461893300829455,0.02997834085132789,0.029537773720764948,-0.2944873844089768,40.0,-0.18367346938775508,55.550030814202486,0.015496628153188752
2020-01-25,-0.009229306182408406,0.01955521905687463,0.019366472446317912,-0.34768841431701747,41.0,0.02499999999999991,53.404393821094494,-0.03862530698289757
2020-01-26,0.02699683810277081,0.03325967032283872,0.03271853349761767,0.7008078623975473,42.0,0.024390243902439046,58.49919054453843,0.09540032867916404
2020-01-27,0.03576042498236325,0.04424849528218089,0.04329748343857287,0.33039488523722294,50.0,0.19047619047619047,64.25274883933858,0.09835278473502429
2020-01-28,0.04914065669354804,0.05052985831346435,0.04929466385326708,0.14195653414259723,54.0,0.08000000000000007,70.5559008519147,0.09809933623753442
2020-01-29,-0.004493658672814258,0.014775807040398048,0.014667708333068456,-0.7075826544231405,57.0,0.05555555555555558,69.3250629750398,-0.017444860911892124
2020-01-30,0.020437036918080173,0.03490760427017836,0.03431215149587575,1.362483766520409,57.0,0.0,71.75750426918671,0.03508747327099737
2020-01-31,-0.01680504867594127,0.031517358446052635,0.031030881740509494,-0.09712055281381826,55.0,-0.03508771929824561,67.04128716516242,-0.06572437478221327
2020-02-01,0.004518472151643944,0.013538145094815768,0.013447323197041897,-0.5704543222431339,57.0,0.036363636363636376,67.65310598302874,0.009126000465340844
2020-02-02,-0.005177910236525379,0.02722699271070872,0.026862931558756693,1.01113169640462,57.0,0.0,66.13845986260908,-0.022388419547206273
2020-02-03,-0.00545597007771587,0.03154393263954414,0.031056643644538036,0.15855368144045934,59.0,0.03508771929824572,64.50829297232731,-0.024647790312446904
2020-02-04,-0.0121854536490776,0.023972195737907098,0.023689373648977434,-0.24003782242880367,56.0,-0.05084745762711862,60.927983537151064,-0.05550153740251851
2020-02-05,0.04602834799275258,0.05866576410224056,0.05700940216815474,1.4472419941687993,53.0,-0.0535714285714286,68.22497481305625,0.11976420114832487
2020-02-06,0.012033084493942919,0.02985389978312525,0.029416947309857132,-0.4911188792990583,61.0,0.15094339622641506,69.85645125252948,0.0239131849288865
2020-02-07,0.0067748353927720014,0.011177651083742024,0.011115642785423716,-0.6255882425765986,56.0,-0.08196721311475408,70.77486872359812,0.013147210523886788
2020-02-08,0.0070368594474600355,0.020440200807086528,0.02023410361559532,0.8286669224106442,56.0,0.0,71.74451335615078,0.013700408775599193
2020-02-09,0.025179720219250152,0.028328106371077855,0.027934285730855993,0.38590156909107387,56.0,0.0,74.99365980980825,0.04528773423450816
2020-02-10,-0.026042505869956382,0.038959545752921265,0.03821977560635169,0.3752965073831336,57.0,0.017857142857142794,66.48223774282964,-0.11349522197695727
2020-02-11,0.03505244674627077,0.049409109190663436,0.0482272526126966,0.26821574111804525,52.0,-0.08771929824561409,71.2357754610364,0.07150086819572254
2020-02-12,0.011475404940052,0.018743027468007156,0.018569541346330588,-0.620656438154345,61.0,0.17307692307692313,72.63612801319596,0.019657995481855872
2020-02-13,-0.010873762642183454,0.03375448609699694,0.03319730698068586,0.8009089595911407,65.0,0.06557377049180335,69.19737298657995,-0.047342212762102154
2020-02-14,0.009523015160699344,0.01940262218033051,0.019216791198630682,-0.4251838963101051,63.0,-0.03076923076923077,70.5130923991325,0.019014008130160187
2020-02-15,-0.04185355039924229,0.047306835621605536,0.046221950674932934,1.4381671292637468,64.0,0.015873015873015817,58.81273822818323,-0.16593165570899315
2020-02-16,0.004540878520857384,0.03410500331266708,0.03353632152284638,-0.27906817557057306,59.0,-0.078125,59.58180622964686,0.013076554920462558
2020-02-17,-0.02489772344158013,0.04535066945047572,0.044352397978269516,0.3297365502272753,49.0,-0.1694915254237288,53.71876812396366,-0.09840316158065465
2020-02-18,0.04557569247775114,0.05497629659068326,0.053518298989071414,0.21224884344252093,53.0,0.08163265306122458,61.30372428115184,0.14119750735319947
2020-02-19,-0.05144998404328957,0.060393158104848244,0.058639743228636444,0.09853085511552928,50.0,-0.05660377358490565,51.14336934469935,-0.16573797196814588
2020-02-20,-0.0025892656683303506,0.014231996622874332,0.014131672513429736,-0.764344222599417,44.0,-0.12,50.70014356883355,-0.008666338990662048
2020-02-21,0.008081532009711982,0.013897294442090313,0.013801612506607592,-0.02351758433149642,44.0,0.0,52.099321031291666,0.027597110461008878
2020-02-22,-0.002404158134973382,0.010155784483314667,0.01010456102177195,-0.26922578163443445,43.0,-0.022727272727272707,51.628557402657336,-0.00903588797926147
2020-02-23,0.02668506547579107,0.028952094821437235,0.028540900686983384,1.850798465544809,46.0,0.06976744186046502,56.39587072202709,0.09233868926820676
2020-02-24,-0.028031992193656916,0.04348340742081769,0.042564546518250056,0.5019088493942385,46.0,0.0,50.74216879374336,-0.10025028172985562
2020-02-25,-0.03248723753845248,0.03736862089962756,0.03668733464621262,-0.14062344429481566,44.0,-0.04347826086956519,45.249243148917095,-0.10825169233806098
2020-02-26,-0.057407687925487366,0.07471503645157207,0.07205554406845364,0.9994057755638697,41.0,-0.06818181818181823,37.80320333405757,-0.16455611843836382
2020-02-27,-0.004092966388449268,0.04146963948294968,0.040632830533507976,-0.44496260120506004,39.0,-0.04878048780487809,37.34570088287239,-0.012102213855856081
2020-02-28,-0.012836217768337236,0.04680638071889498,0.04574398710702949,0.12869032146130688,40.0,0.02564102564102555,35.89104244718494,-0.03895116174816782
2020-02-29,-0.008446835964171201,0.020480593856593954,0.020273686777880027,-0.5624401301268254,38.0,-0.050000000000000044,34.9368786442309,-0.02658501224527332
2020-03-01,-0.004318240904803676,0.030170884343828863,0.029724695610409475,0.47314499545700484,39.0,0.026315789473684292,34.43606628854625,-0.014334776749363343
2020-03-02,0.035250739590151826,0.045551921884438684,0.04454490090539628,0.509797371708657,38.0,-0.02564102564102566,41.8754299899119,0.21603407424732635
2020-03-03,-0.009274764811755473,0.02258571154521416,0.02233443089375329,-0.5041765394111763,38.0,0.0,40.55459108185453,-0.03154209779757644
2020-03-04,-0.0037097436703969933,0.015028476057357798,0.01491666732913402,-0.3346024973677536,40.0,0.05263157894736836,40.014443817124864,-0.013319016425031749
2020-03-05,0.03628484201142127,0.04394080443132631,0.043002787116621984,1.9238363400002432,41.0,0.02499999999999991,47.50106461293898,0.18709795967750265
2020-03-06,0.004811004368074786,0.01501494942776116,0.01490334088554466,-0.6582914304350629,39.0,-0.04878048780487809,48.43896436393811,0.01974481537712003
2020-03-07,-0.02357983053034934,0.030647216722271553,0.030186970652227953,1.0411135495140513,38.0,-0.02564102564102566,44.30050882551276,-0.08543649916484086
2020-03-08,-0.09430352876922735,0.09982301938401017,0.09514927539082234,2.2571642733047295,33.0,-0.13157894736842102,32.88752130440973,-0.2576265560753619
2020-03-09,-0.02301429329184435,0.0634186070624887,0.06148881964283128,-0.3646895530326224,17.0,-0.48484848484848486,30.91429120198623,-0.05999935611319296
2020-03-10,-0.0017576850801850666,0.041227369446413586,0.04040018023767507,-0.34991682479259223,16.0,-0.05882352941176472,30.764345617138783,-0.004850364637757343
2020-03-11,0.00021498848832731012,0.04029955636423099,0.03950870664478112,-0.022504784919361476,17.0,0.0625,30.808517996920283,0.001435830306004915
2020-03-12,-0.46473017533977296,0.6313865624941921,0.48943030505637364,14.667332830854612,14.0,-0.17647058823529416,14.080536681200599,-0.542966114676203
2020-03-13,0.11268622219754491,0.4215100598649617,0.35171972902018395,-0.33240571639685634,10.0,-0.2857142857142857,23.142024470845325,0.6435470461678514
2020-03-14,-0.06753557004657186,0.09759033366736092,0.09311717116076287,-0.7684744850487656,8.0,-0.19999999999999996,21.636141197878633,-0.06507137155886367
2020-03-15,0.03624573263084445,0.12910142280515946,0.1214221153267936,0.3228914991233136,12.0,0.5,24.433666644945802,0.1292987239028307
2020-03-16,-0.07264505770911892,0.17700726324240557,0.16297499923820338,0.37107135921767376,9.0,-0.25,22.71470232633965,-0.07035228660458648
2020-03-17,0.04124552567019178,0.07817072513341738,0.0752658320561884,-0.5583756072971696,8.0,-0.11111111111111116,25.854040705038642,0.13820733081140402
2020-03-18,0.002448204386069575,0.05178154498169918,0.05048543589034409,-0.3375839242463037,11.0,0.375,26.05028207942243,0.007590356053920111
2020-03-19,0.1671043242496126,0.20866404632331448,0.18951565570024245,3.0296991215125253,12.0,0.09090909090909083,38.98574654356452,0.4965575583674786
2020-03-20,0.0012244500086869695,0.16681152216813588,0.15427483397821493,-0.20057372073735313,9.0,-0.25,39.077118089449975,0.002343716716655786
2020-03-21,-0.0022144850761294074,0.07505903910168721,0.07237558016616569,-0.5500368432221832,9.0,0.0,38.96352827022693,-0.0029068115761000657
2020-03-22,-0.05907702386252891,0.09203463814686819,0.0880425967343619,0.22616328757130866,11.0,0.22222222222222232,36.04386633112736,-0.07493320211790366
2020-03-23,0.09578323765146265,0.11390314178571037,0.10787019139264438,0.23761166533783284,10.0,-0.09090909090909094,43.566048451326246,0.20869520631039395
2020-03-24,0.04844470857364082,0.05895377134142432,0.05728141254219884,-0.4824219032312915,12.0,0.19999999999999996,47.20041583866333,0.083422011326034
2020-03-25,-0.00801155993972081,0.05439635484262517,0.05296842766853775,-0.07730491866933109,13.0,0.08333333333333326,46.65443753326968,-0.01156723506970514
2020-03-26,0.005281211361417012,0.021924107138888482,0.02168722986456448,-0.5969563180783453,14.0,0.07692307692307687,47.08833646302855,0.009300271371816438
2020-03-27,-0.03741337669931112,0.05058757660657198,0.04934960442171213,1.307395064533364,12.0,-0.1428571428571429,44.37823376584461,-0.057553587591945954
2020-03-28,-0.03581324079079013,0.05715468310680882,0.055581037814896844,0.12981658622057202,8.0,-0.33333333333333337,41.97727362684951,-0.054102201355363144
2020-03-29,-0.052650213305665085,0.05580684995862861,0.05430526131835406,-0.02358219965390107,12.0,0.5,38.79762838517652,-0.07574682600728078
2020-03-30,0.08226844860278629,0.10400424356880622,0.09894379165984062,0.8636465531723769,10.0,-0.16666666666666663,45.8091472069686,0.18072029434848091
2020-03-31,0.001368107409615196,0.020450221551790992,0.02024392358887244,-0.8033712774588692,12.0,0.19999999999999996,45.92479905604195,0.0025246453192158125
2020-04-01,0.025777803165675912,0.06613600309420353,0.06404090024564575,2.233999344540669,12.0,0.0,48.19876397001229,0.0495149670920807
2020-04-02,0.02788875596596145,0.07464147787298336,0.07198709699778186,0.12860581802418136,14.0,0.16666666666666674,50.68089292130021,0.05149777186884341
2020-04-03,-0.008906283829348233,0.04943326227161027,0.04825026823433289,-0.3377239615253822,14.0,0.0,49.85156847083671,-0.016363651124918444
2020-04-04,0.019725803844387817,0.02724843760948792,0.026883807835458268,-0.44878334228132033,12.0,-0.1428571428571429,51.74521322666523,0.03798566051008612
2020-04-05,-0.011186860819705755,0.024938449812831998,0.024632561824269605,-0.08477505498706406,12.0,0.0,50.57389421998405,-0.022636277515184378
2020-04-06,0.06838401551364988,0.07207718640610938,0.06959806230107808,1.8902031580576555,12.0,0.0,57.146333740558624,0.12995715718441758
2020-04-07,-0.013201383140758695,0.04080660695535454,0.039995996154652214,-0.43384850338864356,20.0,0.6666666666666667,55.56748064633621,-0.02762824823356691
2020-04-08,0.021734626116209514,0.028367020546799848,0.027972127193323943,-0.30484245902053375,21.0,0.050000000000000044,57.65088457586689,0.03749322275002309
2020-04-09,-0.004373997983961782,0.022614831135733704,0.02236290691839128,-0.20277735554131227,22.0,0.04761904761904767,57.06593000594419,-0.010146497737652527
2020-04-10,-0.06165264619598333,0.07369969383702468,0.07111034231031471,2.2589097568175855,15.0,-0.31818181818181823,49.663975660245285,-0.1297088182901407
2020-04-11,-0.0009341136128114594,0.02005162178142328,0.019853235605188306,-0.7279280179132861,15.0,0.0,49.5623286609917,-0.002046694770248658
2020-04-12,0.016198094339308036,0.04534805429573607,0.04434989627421245,1.2615654130155467,10.0,-0.33333333333333337,51.43285498352728,0.03774088855529878
2020-04-13,-0.018247903368068016,0.04459288390752714,0.043627224731423234,-0.016652762724594816,11.0,0.10000000000000009,49.220549217742125,-0.04301347390678001
2020-04-14,-0.0003813508563592871,0.024247891258040832,0.023958578627045087,-0.4562385489953058,15.0,0.36363636363636354,49.17338856813321,-0.0009581496013033597
2020-04-15,-0.029712937076683203,0.04451135054307964,0.043549168918654915,0.8356792378108036,18.0,0.19999999999999996,45.56470726242198,-0.07338687470584104
2020-04-16,0.06902911272643515,0.08831452993082722,0.08463019666523708,0.9840900995658024,13.0,-0.2777777777777778,54.151359806840944,0.18844963701765116
2020-04-17,-0.0029015210954838368,0.016573839884535646,0.016437992751048142,-0.8123316752348998,15.0,0.15384615384615374,53.754706299453915,-0.0073249039138056915
2020-04-18,0.022500902000608027,0.025490643909563238,0.025171175046030187,0.538004716296764,18.0,0.19999999999999996,56.44537397302842,0.0500545507324599
2020-04-19,-0.009446987957285106,0.015831787268785202,0.015707771737280263,-0.3789177187930649,16.0,-0.11111111111111116,54.98932461744873,-0.025795725195751906
2020-04-20,-0.04370789261905666,0.059218407455902566,0.05753128468999129,2.740475187704217,15.0,-0.0625,48.87214979499363,-0.11124295242778903
2020-04-21,-0.00023764284804566149,0.014647775106241046,0.014541532668753535,-0.7526482771906924,17.0,0.1333333333333333,48.84103050568837,-0.0006367489344298871
2020-04-22,0.033849812461733006,0.04049109231659909,0.039692805850561855,1.7643169029368058,19.0,0.11764705882352944,53.46372863997133,0.09464784191530451
2020-04-23,0.04297334717626114,0.05792345446554692,0.056307981542351816,0.4305233855546431,19.0,0.0,58.75831856158257,0.09903143787941526
2020-04-24,0.016178084496425684,0.018833836315099717,0.018658675502461593,-0.674849566744985,20.0,0.05263157894736836,60.62877732338583,0.031833088617791105
2020-04-25,0.0025177397803475064,0.015912871562220765,0.015787589142608412,-0.15509133158055088,24.0,0.19999999999999996,60.928551923884925,0.004944427609023583
2020-04-26,0.014417636083330129,0.01840748821998628,0.01824012116017229,0.15676722130329135,21.0,-0.125,62.69512084633558,0.028994106484879767
2020-04-27,0.01495735604802822,0.015129026002308033,0.015015723628884595,-0.1781048113951036,28.0,0.33333333333333326,64.51419411694911,0.029014590705902732
2020-04-28,0.0014686626299017075,0.01082949128297317,0.01077127228651236,-0.2841911117529272,26.0,-0.0714285714285714,64.6977219922818,0.002844767385608016
2020-04-29,0.11984140644428902,0.13944229553697074,0.13053892826072325,11.87616305266444,26.0,0.0,76.19842809523168,0.17776060344631417
2020-04-30,-0.01632197818592355,0.10633626205560187,0.10105389129936816,-0.2374174446417613,44.0,0.6923076923076923,72.54977682554735,-0.047883550368313266
2020-05-01,0.02353691044657035,0.043870573774278165,0.04293551029477135,-0.5874354342892099,40.0,-0.09090909090909094,74.45614196476107,0.026276650633919152
2020-05-02,0.013872127279034094,0.022223714731028688,0.021980366780672198,-0.4934254827535738,40.0,0.0,75.55404076723987,0.014745577376254815
2020-05-03,-0.010189912204170495,0.038139582203305045,0.03743024796063265,0.7161659364739175,45.0,0.125,73.06520373956918,-0.03294115049833102
2020-05-04,0.0017052718293899742,0.03607645519545022,0.03544093956552636,-0.05409411662815866,44.0,-0.022222222222222254,73.22349475810745,0.002166435053031046
2020-05-05,0.010093566989645255,0.023212363432120187,0.02294705431360072,-0.35657859658430047,40.0,-0.09090909090909094,74.19586464705257,0.013279479382366732
2020-05-06,0.029084126239824877,0.04960146078586947,0.04841053096154896,1.1368552552142654,42.0,0.050000000000000044,76.85561062392051,0.035847630990221147
2020-05-07,0.07107536685466279,0.09349000528124507,0.08937442097516864,0.8848236281758588,49.0,0.16666666666666674,81.99229103002602,0.06683546411778529
2020-05-08,-0.010998547172291293,0.023504274572480277,0.023232302536944426,-0.7485905097366012,55.0,0.12244897959183665,78.98257649778243,-0.03670728667822465
2020-05-09,-0.025599497514193534,0.034780410536380035,0.03418924047445754,0.47974830829717674,56.0,0.018181818181818077,72.43826958745522,-0.08285760227777517
2020-05-10,-0.09133874992634657,0.1429968161794386,0.13365359931398973,3.111418294785942,48.0,-0.1428571428571429,55.70499055328171,-0.23100053506898466
2020-05-11,-0.017817356616017375,0.07871053479484758,0.07576637854683646,-0.4495644245947533,40.0,-0.16666666666666663,53.25859098695679,-0.04391706276271501
2020-05-12,0.0232893964825246,0.04437231028173927,0.04341604493080122,-0.4362595757049297,39.0,-0.025000000000000022,55.986980694086014,0.051229100443108244
2020-05-13,0.05152160673099469,0.05820200412189935,0.05657124538318966,0.311673964063383,41.0,0.05128205128205132,61.53981863566529,0.09918087871035763
2020-05-14,0.048814308336527425,0.05815573786059858,0.05652752284952689,-0.0007949255699833957,40.0,-0.024390243902439046,66.12483074819991,0.07450480378694824
2020-05-15,-0.04255454133663077,0.05338607239896098,0.05200980641050468,-0.08201538897280702,44.0,0.10000000000000009,59.45037087108394,-0.10093726973051897
2020-05-16,0.005219563387115276,0.032774080557834706,0.032248463951330186,-0.3860930560145015,41.0,-0.06818181818181823,59.974123108144305,0.008809906975956405
2020-05-17,0.03084341466898477,0.050639470604302295,0.049398998415388105,0.545107284243763,40.0,-0.024390243902439046,63.06536817546858,0.05154298065767793
2020-05-18,0.005757095071523827,0.03507401188239068,0.03447293322579285,-0.30737799064963345,50.0,0.25,63.64023906486063,0.009115476624073082
2020-05-19,0.0002531804680276828,0.031072904696949122,0.03059991514096261,-0.1140761199163064,50.0,0.0,63.66710194533891,0.00042210527290609257
2020-05-20,-0.021407053865041548,0.037851715754934956,0.0371529188114226,0.21815826759998425,52.0,0.040000000000000036,59.693496417663575,-0.06241222556489001
2020-05-21,-0.04743978112005262,0.07726233150999873,0.0744229446611007,1.0411843946578716,49.0,-0.05769230769230771,52.18325611291446,-0.12581337591957176
2020-05-22,0.011039704675422358,0.024898085019522176,0.02459317839770936,-0.6777461340744028,42.0,-0.1428571428571429,53.61914980884009,0.027516368331225616
2020-05-23,0.0029045429371388543,0.020222785980379188,0.020021021074345103,-0.1877774549921074,40.0,-0.04761904761904767,54.01315940018204,0.007348299865750363
2020-05-24,-0.04655584805354227,0.057031866012383636,0.055464854032898504,1.8201784891417945,43.0,0.07499999999999996,47.23552324019169,-0.1254812019007262
2020-05-25,0.013173543308948167,0.026530584817458625,0.02618475227648748,-0.5348112086723956,41.0,-0.046511627906976716,49.147654697990085,0.040480793407860594
2020-05-26,-0.008103063993220552,0.026797527819722555,0.026444762356829663,0.010061708179469386,39.0,-0.04878048780487809,47.99265642034064,-0.023500577692808666
2020-05-27,0.038410971222694656,0.0417881498449566,0.04093861157138083,0.5594031705492319,39.0,0.0,53.639713074060836,0.1176650153361134
2020-05-28,0.03686071480897355,0.04348955275501121,0.04257043575046418,0.040714961451205456,41.0,0.05128205128205132,58.477802368324035,0.09019603232372253
2020-05-29,-0.00913557886418624,0.020718744439422565,0.020507030557138754,-0.5235926072604831,48.0,0.1707317073170731,56.8716816052123,-0.0274654774643468
2020-05-30,0.02730538972956484,0.03601051802887367,0.035377296323277505,0.7380646850566246,48.0,0.0,60.40424735200838,0.06211467020297001
2020-05-31,-0.024984292562996217,0.0284179854124873,0.028021684989155998,-0.2108420825909415,51.0,0.0625,55.888252452605634,-0.07476287011881122
2020-06-01,0.07198931640233779,0.07921637749218013,0.07623520138204692,1.7875437453554057,50.0,-0.019607843137254943,64.35567964996338,0.15150638686615392
2020-06-02,-0.06474947480283666,0.07629238332408605,0.07352215654105183,-0.03691148548647938,56.0,0.1200000000000001,54.23550555516374,-0.15725378319123062
2020-06-03,0.013229694990896244,0.022277883336627502,0.022033356326547522,-0.7079933491919865,48.0,-0.1428571428571429,55.7281852265076,0.027522185993557935
2020-06-04,0.014793539385652563,0.038042402320395796,0.03733663392900669,0.7076309156287546,54.0,0.125,57.42406495449677,0.030431274966092214
2020-06-05,-0.013881075272663914,0.021320075099538816,0.021095981826570215,-0.4395707473997137,53.0,-0.01851851851851849,55.283176315150634,-0.037282080971498543
2020-06-06,-0.0012271221586050945,0.01901853427617728,0.018839942766222906,-0.10795181595825254,54.0,0.018867924528301883,55.0891184818992,-0.0035102511502808076
2020-06-07,0.010835668358634767,0.03281272166676685,0.03228587812234932,0.7253023387752993,54.0,0.0,56.54660017342835,0.026456798215205524
2020-06-08,0.0012940603543832425,0.01099856915150399,0.01093852475692137,-0.6648077759839264,53.0,-0.01851851851851849,56.72830680247174,0.00321339618095684
2020-06-09,0.002474647666023554,0.017760413019607624,0.01760453976065447,0.6147930494376164,52.0,-0.018867924528301883,57.098460301531794,0.006525022866431085
2020-06-10,0.00756591700730524,0.018564973895201398,0.01839474836152912,0.04530079760563743,54.0,0.03846153846153855,58.27943935356067,0.020683203116025117
2020-06-11,-0.05715571914128428,0.0728946843791125,0.07036030820622896,2.926463069143019,52.0,-0.03703703703703709,47.82902648698822,-0.17931560396752455
2020-06-12,0.01691958379014404,0.027419591633440987,0.027050408008248233,-0.6238464866541367,38.0,-0.2692307692307693,50.596595918144295,0.05786380435547822
2020-06-13,-0.0005872938226618028,0.010345045488682869,0.010291901707916938,-0.6227133639705257,38.0,0.0,50.49564383695476,-0.0019952346468694593
2020-06-14,-0.009382843818570023,0.014407639165159525,0.014304835395220572,0.39270911673815223,40.0,0.05263157894736836,48.827777395445004,-0.033029907429146355
2020-06-15,0.006785862337686215,0.05724966706278778,0.05567088246172159,2.9735633580572043,37.0,-0.07499999999999996,50.109562506709764,0.026251145959069078
2020-06-16,0.00919733936802677,0.019040092847995016,0.01886109875411415,-0.6674200248690869,39.0,0.054054054054053946,51.88290884548473,0.03538937979228041
2020-06-17,-0.006075177257296805,0.02284499239676374,0.02258795290497433,0.19983618667959346,38.0,-0.02564102564102566,50.60146991196638,-0.024698671721253507
2020-06-18,-0.00724264397501192,0.01655019007509928,0.01641472824864796,-0.2755440760206247,40.0,0.05263157894736836,49.0562194104069,-0.03053766035350014
2020-06-19,-0.013243316204145586,0.01796147976614204,0.017802078282886595,0.08527332221798023,39.0,-0.025000000000000022,46.30035329552669,-0.0561777109610605
2020-06-20,0.004760633072752032,0.01596039080748901,0.015834362970638897,-0.11141002772083097,38.0,-0.02564102564102566,47.43860628870971,0.024584110318073726
2020-06-21,-0.003081241183796443,0.01082495654760618,0.010766786123833211,-0.3217611850377222,37.0,-0.02631578947368418,46.747357247949886,-0.014571444965159941
2020-06-22,0.03642039931563134,0.03852921382223129,0.0378054947253011,2.559295009895592,38.0,0.027027027027026973,55.197628545170474,0.18076468477993335
2020-06-23,-0.0019773010491619188,0.012914083442533641,0.012831407693856501,-0.6648235932838515,41.0,0.07894736842105265,54.681523432217084,-0.009350131999439792
2020-06-24,-0.033370923273779836,0.04334163323917051,0.04242867103362345,2.3561524851559437,50.0,0.2195121951219512,46.85763687440377,-0.14308099092213045
2020-06-25,-0.005253081495321345,0.026918986962308544,0.026563044643458194,-0.3789115695349432,43.0,-0.14,45.76876939796978,-0.023237780414590015
2020-06-26,-0.011059043986902698,0.022938290891377555,0.022679163440753602,-0.14787688988834102,40.0,-0.06976744186046513,43.495819452078045,-0.04966159186251917
2020-06-27,-0.012909378740095026,0.023292809534527947,0.023025672343510294,0.015455320748576584,43.0,0.07499999999999996,40.96861441477945,-0.05810225141482772
2020-06-28,0.010796911071170564,0.02473632179871088,0.024435332471031853,0.06197244098197574,40.0,-0.06976744186046513,43.90129676885843,0.07158363532599754
2020-06-29,0.0051566968672220465,0.02164343617765474,0.021412542625655777,-0.12503417631061564,41.0,0.02499999999999991,45.30996798856948,0.03208723485157505
2020-06-30,-0.005768117633966839,0.014639561924626676,0.014533438022456248,-0.32360269393170804,44.0,0.07317073170731714,43.980043401331244,-0.029351699996207126
2020-07-01,0.00983678469207803,0.022517901216625225,0.02226811608389169,0.538154033061987,42.0,-0.045454545454545414,46.850938031041125,0.0652772122917682
2020-07-02,-0.011433924918011266,0.026374879478061386,0.026033059621950908,0.1712849800845786,42.0,0.0,44.02871611317812,-0.060238322570897895
2020-07-03,-0.003965412107265914,0.015846457053670493,0.015722212788589977,-0.39918371695872323,41.0,-0.023809523809523836,43.06721167005613,-0.021838121299071922
2020-07-04,0.004959953765059784,0.014321992096358871,0.01422040120790279,-0.0962022584700416,40.0,-0.024390243902439046,44.694897495295365,0.03779408422605024
2020-07-05,-0.006431364974036432,0.02062689611838575,0.020417042542102068,0.4402253527028406,38.0,-0.050000000000000044,42.9802757534011,-0.03836280734450159
2020-07-06,0.032690364054528694,0.0349732084873855,0.03437554086286226,0.6955148407526126,40.0,0.05263157894736836,52.98430939593278,0.23275871239006762
2020-07-07,-0.013227475028494522,0.017257655190535903,0.01711043324911615,-0.5065464126129413,43.0,0.07499999999999996,49.187191560799995,-0.071664949084422
2020-07-08,0.01884958505462196,0.021713166927942007,0.021480793806294883,0.258175962389694,44.0,0.023255813953488413,54.2346965760017,0.10261828039038412
2020-07-09,-0.016076772716190905,0.021264743213735837,0.021041803527269816,-0.02065215616378402,44.0,0.0,49.694314684128194,-0.08371729130098204
2020-07-10,9.051613040455209e-05,0.01858627881785191,0.018415664749178703,-0.12595799389450368,41.0,-0.06818181818181823,49.71963384698477,0.0005094981793694053
2020-07-11,-0.004153644618958577,0.010223058291410458,0.010171156262918172,-0.4499674522480892,44.0,0.07317073170731714,48.515380751192374,-0.024220876193468355
2020-07-12,0.0039049160883403893,0.01326114818889268,0.013173988872754772,0.2971801403142602,41.0,-0.06818181818181823,49.74752156036622,0.025396911043382264
2020-07-13,-0.003551357868856212,0.00890174509479258,0.008862358131159126,-0.32873496563076376,43.0,0.04878048780487809,48.60796876229225,-0.022906725045411136
2020-07-14,-4.331631390260929e-05,0.012231226430854836,0.012157029382108603,0.37402568829003724,43.0,0.0,48.5933738667156,-0.00030025726127380636
2020-07-15,-0.005465061808117076,0.011272606861540524,0.011209544504385886,-0.07837477089755052,44.0,0.023255813953488413,46.69367713538987,-0.03909374015758438
2020-07-16,-0.006614939463274875,0.013793152354304006,0.013698892598800742,0.22359916598910123,43.0,-0.022727272727272707,44.44255611508756,-0.04821040360079387
2020-07-17,0.002096417007004295,0.010237615611673467,0.010185566165027417,-0.2577754998494649,41.0,-0.046511627906976716,45.33991396183286,0.020191409432471108
2020-07-18,0.0008353119275824921,0.014301911185070404,0.014200603638469991,0.3969963053469807,44.0,0.07317073170731714,45.716688877132995,0.00831000507890911
2020-07-19,0.0029193317943758054,0.011405782926018793,0.011341227391139522,-0.20249938777936516,41.0,-0.06818181818181823,47.091898053086204,0.03008111938397784
2020-07-20,-0.0023526855605594836,0.008400619441882418,0.008365530613353375,-0.263477176764518,44.0,0.07317073170731714,46.07847990012824,-0.021520010763115827
2020-07-21,0.022726572419009328,0.028184726717704,0.027794846140400512,2.35507719552028,44.0,0.0,56.024351603063465,0.21584635006389497
2020-07-22,0.015923467431184803,0.02262586677075329,0.022373698445306418,-0.1972295137940422,50.0,0.13636363636363646,61.48877604244282,0.09753659405280035
2020-07-23,0.005831453188377249,0.013418022951423358,0.013328798538811307,-0.4069609316020635,55.0,0.10000000000000009,63.30664860407795,0.029564299025570673
2020-07-24,-0.004621806400934839,0.014964246093499334,0.01485338634967135,0.11523479633875233,53.0,-0.036363636363636376,60.85339194825503,-0.03875195907408835
2020-07-25,0.014595935230040647,0.018293898198133762,0.01812857803192799,0.22250717368787942,55.0,0.037735849056603765,65.43208036736823,0.07524130163535592
2020-07-26,0.023292897324558883,0.038430106238889206,0.03771005945850503,1.1007062476607432,55.0,0.0,71.30959050030017,0.08982612351514252
2020-07-27,0.10400866598506177,0.14077708147528045,0.13170968060519306,2.6631978220456127,58.0,0.05454545454545445,84.6716820463522,0.18738140904056633
2020-07-28,-0.007126663372121388,0.0537679966090534,0.05237230882064362,-0.6180628547943388,76.0,0.31034482758620685,81.72497647443774,-0.034801547585901704
2020-07-29,0.01704870717725163,0.04129053174016106,0.04046083978228773,-0.23206118240960083,71.0,-0.06578947368421051,83.23553332031624,0.018483417322866735
2020-07-30,0.0009676074745081875,0.025139047907913215,0.024828259885386263,-0.39116676757490565,76.0,0.07042253521126751,83.32056092929757,0.0010215301757499073
2020-07-31,0.01892242337372686,0.03902871125933638,0.038286345286143914,0.5525135002050339,75.0,-0.013157894736842146,84.94478161084066,0.019493635945650123
2020-08-01,0.03779203373214687,0.04938687259626562,0.048206062754709816,0.2653984977393118,75.0,0.0,87.61376492088907,0.031420215102510696
2020-08-02,-0.061911857122825646,0.09221298525645549,0.08820589974824433,0.867155792801267,80.0,0.06666666666666665,66.9294817856824,-0.2360848566875714
2020-08-03,0.017286053356239672,0.040015206558861705,0.03923533473759859,-0.5660567061398721,75.0,-0.0625,69.07591494218266,0.03207006985910099
2020-08-04,-0.0036037470015529804,0.026251352834692154,0.02591270001475718,-0.3439655797833544,72.0,-0.040000000000000036,68.07709679145378,-0.014459716553373192
2020-08-05,0.04716003790353572,0.05631080604693617,0.05478246588736867,1.1450630145246956,75.0,0.04166666666666674,73.5800355748284,0.08083392275425938
2020-08-06,0.002784144331385825,0.026177218766594512,0.025840459675526232,-0.5351297449946768,79.0,0.05333333333333323,73.87358386851413,0.003989510080994796
2020-08-07,-0.015251902049187646,0.04290137300554675,0.042006610670720944,0.6388820137108837,77.0,-0.025316455696202556,69.35562085901019,-0.06115803204492365
2020-08-08,0.013065469924046941,0.020905328682372604,0.02068981077209204,-0.5127118966642457,77.0,0.0,70.99056380840439,0.023573330166242856
2020-08-09,-0.006684391826167338,0.0222770169512736,0.022032508821446257,0.0656142885740707,79.0,0.025974025974025983,68.95710355309002,-0.028644092203612415
2020-08-10,0.01718420090459035,0.03283102014034145,0.032303595091839006,0.47376195889030237,78.0,-0.012658227848101222,71.24914512556016,0.03323865786656044
2020-08-11,-0.04016111286278769,0.0658289666294094,0.06375286880865957,1.0050844094400038,84.0,0.07692307692307687,60.19089077241966,-0.1552054320603129
2020-08-12,0.015169300755772669,0.0443385340944249,0.04338370327143917,-0.32645860379317504,75.0,-0.1071428571428571,62.52712566097174,0.038813761660137835
2020-08-13,0.017048853955416797,0.0516654206653846,0.05037502253709196,0.1652487327469172,75.0,0.0,65.04998427198937,0.040348226219398375
2020-08-14,-0.001296361228177031,0.039839189778024364,0.03906607598413242,-0.22890031156339175,78.0,0.040000000000000036,64.69052681247413,-0.005525865433145483
2020-08-15,0.008193734253123777,0.016527390839012224,0.016392299949499863,-0.5851474156201621,79.0,0.012820512820512775,65.97475164300869,0.019851822110790396
2020-08-16,0.0022817499658520377,0.016844995802853813,0.01670469227715315,0.01921688468163385,82.0,0.03797468354430378,66.34377990459333,0.005593477086226484
2020-08-17,0.029951760409884235,0.046783650399663035,0.045722272904253417,1.7773025857173046,83.0,0.012195121951219523,70.88099524491675,0.06838946087859665
2020-08-18,-0.02170941475499902,0.031885970222116145,0.0313881669836448,-0.31843774588513496,82.0,-0.012048192771084376,64.10732216166313,-0.09556402333020841
2020-08-19,-0.01961788699136637,0.029227439663451094,0.028808462227697482,-0.08337618520452272,80.0,-0.024390243902439046,58.75488555123978,-0.08349181388244242
2020-08-20,0.01016132774175868,0.016255049055112103,0.016124350187454742,-0.4438428667619819,75.0,-0.0625,60.58198826770893,0.031097034728724715
2020-08-21,-0.024361862793125022,0.02890452799015475,0.02849467119678113,0.7781876813878006,81.0,0.08000000000000007,54.40343553706265,-0.1019866284900316
2020-08-22,0.007676821280393403,0.02101542899406894,0.020797650717779573,-0.2729364409193237,78.0,-0.03703703703703709,55.9164484932146,0.02781098181053676
2020-08-23,-0.0014543864269716935,0.013279397879206067,0.013191999556379425,-0.3681119770167989,76.0,-0.02564102564102566,55.539272593067096,-0.006745347930909418
2020-08-24,0.009364458635234827,0.015863191098659968,0.015738685659115615,0.1945715643854462,78.0,0.026315789473684292,57.53342495502224,0.03590526610901401
2020-08-25,-0.035306004408532356,0.05258776372666807,0.05125166906156334,2.315081019928606,75.0,-0.038461538461538436,48.76659436942748,-0.15237804098136665
2020-08-26,0.010696334763965401,0.02063023026816535,0.020420309303292028,-0.607699038593964,76.0,0.01333333333333342,51.164671726484876,0.049174591501939924
2020-08-27,-0.014463477673961746,0.03440432169146468,0.03382572643610305,0.6676654232286598,75.0,-0.013157894736842146,47.90554066385978,-0.06369885611790294
2020-08-28,0.01916471859560327,0.02025307695009415,0.020050711177783703,-0.41132171906418635,74.0,-0.013333333333333308,52.255572601221914,0.09080435951835164
2020-08-29,-0.0030920412474540297,0.010408565050209928,0.010354768908763894,-0.48607487761697654,79.0,0.06756756756756754,51.502323003499036,-0.014414722875034869
2020-08-30,0.017627931208674324,0.01939396164187901,0.019208295462940058,0.8632694851138829,75.0,-0.05063291139240511,55.47189044730639,0.07707550285717524
2020-08-31,-0.0026235581917250007,0.014705458883367939,0.014598382088732554,-0.24175064615920416,75.0,0.0,54.7482559955245,-0.01304506563498642
2020-09-01,0.02449528784504093,0.04016437988086419,0.039378758241252435,1.7312564809718798,75.0,0.0,60.04656238190075,0.09677580207868841
2020-09-02,-0.04759982836281475,0.059697245396532095,0.05798324977707349,0.4863230945829713,83.0,0.10666666666666669,48.33783879867771,-0.19499406991452162
2020-09-03,-0.108024907829682,0.12379690345419947,0.11671304426788934,1.0737456583112461,79.0,-0.048192771084337394,33.543167076612036,-0.30606812571170194
2020-09-04,0.02568095890557451,0.04466909807402342,0.0437001827110231,-0.6391743506690422,40.0,-0.49367088607594933,38.189122682466525,0.13850676637787962
2020-09-05,-0.03310004713411871,0.06382991883673439,0.061875527424610145,0.4289502494757922,41.0,0.02499999999999991,34.82250117728784,-0.08815655528856592
2020-09-06,0.010834787536525494,0.02953618046404194,0.029108390592359548,-0.5372674601139593,41.0,0.0,36.76576085321485,0.055804712764126574
2020-09-07,0.008640468391535637,0.04867246397135294,0.04752504421526993,0.6478929640414399,41.0,0.0,38.35954241008617,0.043349614420721494
2020-09-08,-0.02322390559011147,0.04722572424635896,0.04614450010019254,-0.02972398779411478,41.0,0.0,35.76890598636801,-0.0675356446128248
2020-09-09,0.010879835709758444,0.0332718021109093,0.0327302747057556,-0.29547290926989833,38.0,-0.07317073170731703,37.87268116109976,0.05881575398290151
2020-09-10,0.011724294913524443,0.025959449442766847,0.025628223007258786,-0.21977627312663195,38.0,0.0,40.172597327232744,0.060727577124782384
2020-09-11,0.003638635248421432,0.029000164384084037,0.028587616603196236,0.11713326001081414,41.0,0.07894736842105265,40.90934444238918,0.018339543972104577
2020-09-12,0.003958714499077175,0.02783136503733985,0.027451111784175943,-0.040303197294483284,41.0,0.0,41.75295560642245,0.02062147843071127
2020-09-13,-0.011404867595945653,0.034514218822023324,0.033931962741216085,0.2401195117708903,38.0,-0.07317073170731703,39.98829066208903,-0.0422644317917934
2020-09-14,0.03400365092776386,0.05201651041775168,0.05070880850581584,0.5071038022323786,39.0,0.026315789473684292,47.23098034373354,0.18112026199986975
2020-09-15,0.010812510742824319,0.02647895042390558,0.026134451103816247,-0.49095104205857876,47.0,0.20512820512820507,49.37073551110251,0.04530406000037357
2020-09-16,0.016347532426243053,0.03692139303373665,0.03625612409241668,0.39436769368333735,43.0,-0.08510638297872342,52.546608342010806,0.06432703094314052
2020-09-17,-0.002364091830582051,0.024389980838774195,0.02409729477878329,-0.3394078924246431,48.0,0.11627906976744184,52.03471064173213,-0.009741783845436336
2020-09-18,-0.0004023369137903027,0.018952675257261964,0.01877531082379883,-0.22293193329894812,49.0,0.02083333333333326,51.94209861631303,-0.0017798124420591588
2020-09-19,0.013590771382837723,0.020575844727035886,0.020367021649675316,0.08564329033981544,48.0,-0.020408163265306145,54.88261904778744,0.056611506077093754
2020-09-20,-0.0141678855300922,0.026019988215666867,0.025687228250495207,0.2645890635769419,52.0,0.08333333333333326,51.355904047957324,-0.06425923290503566
2020-09-21,-0.04449331082805089,0.058576943336431375,0.056925499868669446,1.2512286650906965,48.0,-0.07692307692307687,42.40578035746015,-0.17427643143307026
2020-09-22,0.0072569445920738825,0.01785182194886481,0.017694349526727174,-0.6952414903875321,39.0,-0.1875,44.08568560197759,0.03961500602881607
2020-09-23,-0.028125828810467837,0.033336672216362606,0.03279305399489573,0.8674100779098612,43.0,0.10256410256410264,39.34527053544876,-0.10752730737425986
2020-09-24,0.04893613643511954,0.052735857034511335,0.05139235366380419,0.5819172559349535,39.0,-0.09302325581395354,49.60553513414144,0.2607750425670228
2020-09-25,-0.00627888978372976,0.01879041888308186,0.018616059763162586,-0.6436879963705708,46.0,0.17948717948717952,48.448797042695624,-0.023318730224718087
2020-09-26,0.005410230472935921,0.009910470246343284,0.009861683603664568,-0.4725785354755304,45.0,-0.021739130434782594,49.54018542752069,0.02252663536440913
2020-09-27,0.0022805831897412406,0.017043774738294326,0.016900159147271644,0.7197745732179615,47.0,0.04444444444444451,50.022356044690554,0.009732919104134208
2020-09-28,-0.006108227146350323,0.02255759554491843,0.02230693550973787,0.32350936874538294,43.0,-0.08510638297872342,48.68312081859354,-0.026772733873241195
2020-09-29,0.01252558330751577,0.01976674547089652,0.019573920233827476,-0.12372107960108403,45.0,0.04651162790697683,51.55649021073635,0.059021881584990554
2020-09-30,-0.0055619032310387645,0.016677307023962973,0.01653976782165263,-0.15629474520640063,49.0,0.0888888888888888,50.20746660549102,-0.026165931771755857
2020-10-01,-0.015421675401221661,0.04404620684310889,0.043103747909292604,1.6410862844834968,45.0,-0.08163265306122447,46.60416229762143,-0.07176829566372722
2020-10-02,-0.004102545378274992,0.023150199358938917,0.022886298634885012,-0.47441105561259456,41.0,-0.0888888888888889,45.67419762935,-0.019954541020017258
2020-10-03,-0.0025226166977002406,0.00835405402216427,0.00831935204702687,-0.6391368431590398,40.0,-0.024390243902439046,45.080488013913595,-0.012998796831734327
2020-10-04,0.011334718114116692,0.014391756465082617,0.014289178154675803,0.7227272443893258,42.0,0.050000000000000044,48.343990046147255,0.07239278401836335
2020-10-05,0.011532279024733388,0.014942472477304847,0.014831933525267032,0.03826607360667755,42.0,0.0,51.53577193322992,0.06602230978526835
2020-10-06,-0.017659664062251813,0.025519070296164292,0.025198894453116353,0.7078211343486531,47.0,0.11904761904761907,46.78321742570702,-0.09221855672755486
2020-10-07,0.006069812450621233,0.011171682858563292,0.011109740516138602,-0.562222184080018,43.0,-0.08510638297872342,48.52995905801873,0.03733692824965673
2020-10-08,0.022861384647314218,0.03627237854204313,0.035630022932174904,2.2468141999071976,46.0,0.06976744186046502,54.65504386164524,0.12621244531246822
2020-10-09,0.013537193923190284,0.02358484493131696,0.023311019538672047,-0.34978499124396023,48.0,0.04347826086956519,57.90791280498295,0.05951635409116274
2020-10-10,0.02074267777372715,0.03484422388476127,0.03425090706591586,0.4773988968862639,53.0,0.10416666666666674,62.43194227802185,0.0781245473010661
2020-10-11,0.007744148940002064,0.012418298109226455,0.012341823517228331,-0.6436052600770523,55.0,0.037735849056603765,64.00950097555034,0.025268454575757104
2020-10-12,0.014924866101628098,0.04072538176787499,0.03991795249453955,2.2794656248119174,52.0,-0.054545454545454564,66.9250038674364,0.045547970964493256
2020-10-13,-0.011267025530866026,0.02011794425811453,0.019918252236961084,-0.5060096827874558,56.0,0.07692307692307687,62.7827025302256,-0.06189467460346787
2020-10-14,0.000315673400463534,0.020529709300774135,0.02032181533863612,0.020467550629260867,53.0,-0.0535714285714286,62.85169874812788,0.0010989685872324628
2020-10-15,0.005744241377636975,0.023559791928908114,0.023286543493395127,0.14759500895707856,56.0,0.05660377358490565,64.15778296574241,0.02078041236162198
2020-10-16,-0.01518396829079633,0.028249885902509986,0.02785821716559909,0.1990719607267446,52.0,-0.0714285714285714,58.3456960192853,-0.09059052039813353
2020-10-17,0.0031726798498982116,0.008942217480945702,0.008902472616628942,-0.6834600496509902,56.0,0.07692307692307687,59.1729599457081,0.014178662401239661
2020-10-18,0.010967693217915127,0.011965658971834658,0.01189463646721086,0.3381086958946571,55.0,-0.017857142857142905,62.00231595479305,0.047815015704485875
2020-10-19,0.02227634146506345,0.03425603074929495,0.03368235737868503,1.8628620312452862,55.0,0.0,67.07668620514447,0.0818416243362785
2020-10-20,0.014734826605249336,0.02726002931322591,0.026895091997996157,-0.20422685533153995,56.0,0.018181818181818077,69.9852428585682,0.043361662866414186
2020-10-21,0.07338405430586939,0.10786029615762494,0.10243049387518255,2.9567197422379046,61.0,0.08928571428571419,79.92688922183142,0.142053466662309
2020-10-22,0.011027987566796663,0.034952954561650484,0.034355971154437656,-0.675942345730528,73.0,0.19672131147540983,80.98963127255318,0.013296427035615066
2020-10-23,-0.0026529704553783216,0.020647826573388484,0.020437549781789893,-0.40926806239027447,74.0,0.013698630136986356,79.88926073470026,-0.013586560656757007
2020-10-24,0.01355828284978525,0.02012450923663911,0.01992468772556035,-0.025344911479634358,73.0,-0.013513513513513487,81.2955741839759,0.017603285301960536
2020-10-25,-0.0058830252475124915,0.032464761655210284,0.03194891612314207,0.6131951976301737,76.0,0.041095890410958846,78.71361933461732,-0.031760091189164785
2020-10-26,0.0033765071930938885,0.031422789738402956,0.03093919831692675,-0.03209547409814728,75.0,-0.013157894736842146,79.12293478248873,0.005200058786921868
2020-10-27,0.04332755896265355,0.05350583634370931,0.052123494202821266,0.7027716758807652,61.0,-0.18666666666666665,83.58756891768856,0.05642654873044384
2020-10-28,-0.02844584941845549,0.07001444200073625,0.06767214557967824,0.30853840973495705,70.0,0.14754098360655732,72.53825982008043,-0.1321884251531319
2020-10-29,0.012475103458646658,0.04868916647312305,0.047540971370156344,-0.3045839532276635,67.0,-0.042857142857142816,74.13986102283391,0.02207939929529612
2020-10-30,0.008052075583308513,0.039228881132444604,0.038478977685958066,-0.19429959528883334,74.0,0.10447761194029859,75.15734704643951,0.013723872820482264
2020-10-31,0.01716060814063042,0.04240626490556121,0.04153175688868154,0.0809960335699893,73.0,-0.013513513513513487,77.2388645021734,0.027695462087661493
2020-11-01,-0.003189593193523672,0.01714476034073842,0.016999447488333038,-0.5957021827100355,72.0,-0.013698630136986356,75.95606009968805,-0.016608276296569024
2020-11-02,-0.01367823012311885,0.04267584770322186,0.04179033931815286,1.489148104439693,71.0,-0.01388888888888884,70.58733645255008,-0.0706819658641038
2020-11-03,0.02907841515337467,0.04949479863032202,0.048308904220840165,0.15978477977803274,71.0,0.0,74.71131501756852,0.05842377361540829
2020-11-04,0.013061444695718672,0.04700093906382552,0.0459298287970955,-0.050386295843391715,74.0,0.04225352112676051,76.34951036396734,0.021927004577734888
2020-11-05,0.09741581080424415,0.11376438234057606,0.10774561315660963,1.4204704120079024,72.0,-0.027027027027026973,84.74234422221251,0.10992649223597528
2020-11-06,-0.0008969303080480761,0.044434542110700415,0.04347563093695424,-0.6094160474789301,90.0,0.25,84.43069224584744,-0.0036776416704717985
2020-11-07,-0.04817614127429782,0.09109575499547717,0.08718247109805209,1.0501112573305922,88.0,-0.022222222222222254,69.91649676233985,-0.17190662657656275
2020-11-08,0.04261566759184631,0.06058079732446142,0.058816680073732905,-0.33497672501348497,82.0,-0.06818181818181823,74.13961294829153,0.06040228531911285
2020-11-09,-0.009558200327301026,0.06186173418448804,0.06002372054388153,0.0211442720564754,90.0,0.09756097560975618,71.66916553987423,-0.03332155793880809
2020-11-10,-0.002704687109614758,0.021512066244493644,0.021283947486238936,-0.6522556871694063,90.0,0.0,70.95309165493798,-0.0099913802475885
2020-11-11,0.026488015591815354,0.04095837974238559,0.04014180779839659,0.9039723695937174,86.0,-0.0444444444444444,73.75215812540299,0.03944953496991421
2020-11-12,0.03596670089126322,0.04958118776640563,0.048391215806216054,0.21052610181981324,87.0,0.011627906976744207,77.08384041570135,0.04517403117388641
2020-11-13,0.0025443132057155655,0.029453533239325536,0.029028111196876667,-0.40595345601457833,89.0,0.02298850574712641,77.30752995324006,0.002901899235071781
2020-11-14,-0.015418716403050705,0.03610440366055445,0.03546791449388407,0.2258089162745629,90.0,0.011235955056179803,72.70557440706772,-0.05952790819931597
2020-11-15,-0.007029240926094911,0.020867791092564758,0.0206530411727193,-0.4220153505716623,86.0,-0.0444444444444444,70.66344892641028,-0.028087605349541356
2020-11-16,0.04656389869041283,0.058906422845184325,0.05723669901825816,1.822839397993246,90.0,0.04651162790697683,75.64202042264878,0.07045469152550488
2020-11-17,0.054102475844138374,0.07355318276151523,0.07097387857347819,0.2486445315959005,86.0,-0.0444444444444444,80.08857544458725,0.058784191605319336
2020-11-18,0.008947999876361636,0.05999242742119937,0.05826176415619295,-0.1843666695469115,91.0,0.058139534883721034,80.73495220301582,0.00807077357588648
2020-11-19,0.0007346200168832048,0.042398381638918625,0.041524194293638704,-0.29327111001452133,94.0,0.03296703296703307,80.79035419037825,0.0006862206002564708
2020-11-20,0.04414876269819295,0.05670625182015088,0.055156760809749086,0.33746264900117473,86.0,-0.08510638297872342,83.86233188273515,0.038024065163991594
2020-11-21,0.0011227042351799794,0.02668901146099034,0.0263390724905876,-0.5293462254278944,91.0,0.058139534883721034,83.93429753314157,0.0008581403449055003
2020-11-22,-0.014710561659748133,0.05758371502127213,0.055986791945742784,1.15758141156478,94.0,0.03296703296703307,78.99691783772884,-0.05882434047253682
2020-11-23,-0.00032018509970887474,0.03947763597271292,0.03871831386873212,-0.3144305476274082,90.0,-0.04255319148936165,78.88895804711153,-0.0013666329468584593
2020-11-24,0.03968026776556164,0.06727554527793522,0.06510918197776078,0.7041432097007103,88.0,-0.022222222222222254,82.20026220487613,0.04197424125930427
2020-11-25,-0.019839332374638075,0.04358279829804812,0.04265979110324043,-0.35217472979230924,94.0,0.06818181818181812,75.74015434447158,-0.07858986926712419
2020-11-26,-0.08820525362378571,0.1538281812719713,0.14308526728840437,2.529561828958114,93.0,-0.010638297872340385,55.830550080616796,-0.26286722592753764
2020-11-27,-0.0024647942560283285,0.055583689425398264,0.05409387405493813,-0.6386638068149217,86.0,-0.07526881720430112,55.41177580559421,-0.007500808686604299
2020-11-28,0.034978293300267825,0.055780645843838794,0.05428044196813225,0.003543421109260425,87.0,0.011627906976744207,60.06492967073835,0.08397409751799323
2020-11-29,0.025635704702410122,0.04126128386828953,0.040432751288494446,-0.2602939022290468,89.0,0.02298850574712641,63.19010946096237,0.05203002496391007
2020-11-30,0.07666315234015364,0.08641839347411251,0.08288640834365638,1.0944184323001034,88.0,-0.011235955056179803,70.90842112561215,0.12214429964578555
2020-12-01,-0.04283053060242915,0.08318192516989975,0.07990293652437344,-0.037451151011992256,95.0,0.07954545454545459,62.846083570288094,-0.11370070616918504
2020-12-02,0.020950814137308933,0.05235590000119217,0.051031365088199,-0.3705856182787929,92.0,-0.03157894736842104,64.9240040964747,0.033063643876274806
2020-12-03,0.012643316046180679,0.03383776391377413,0.033277862338563405,-0.3536972163022003,92.0,0.0,66.17428032676068,0.01925753421535914
2020-12-04,-0.039099467524232566,0.04354722774965292,0.042625705494816694,0.2869416507728044,92.0,0.0,59.23450872044738,-0.10487113077838606
2020-12-05,0.024012613075875922,0.0306750902667412,0.030214014986223506,-0.29559028549215305,93.0,0.010869565217391353,61.85992095353101,0.04432234333999552
2020-12-06,0.009916644389898553,0.026066685256149302,0.025732740012833676,-0.15023281009179168,95.0,0.021505376344086002,62.93957401658677,0.01745319176639093
2020-12-07,-0.007965956561317785,0.025391259132474753,0.02507425598207154,-0.025911469641703322,94.0,-0.010526315789473717,61.433694930079355,-0.023925790888107423
2020-12-08,-0.04641845955624486,0.05547543716135572,0.05399131675299041,1.1848241897702545,95.0,0.010638297872340496,53.601096436669174,-0.12749678335846215
2020-12-09,0.012625041029578565,0.038512686485897785,0.03778958042301244,-0.30577047326585494,86.0,-0.09473684210526312,55.24433182147245,0.030656749470503675
2020-12-10,-0.01569464022080565,0.03320333212348858,0.03266400728611773,-0.13785988064876575,94.0,0.09302325581395343,52.74726439754625,-0.0452004276564647
2020-12-11,-0.011347356530151446,0.036829575130850056,0.03616757160529923,0.10921322576526027,89.0,-0.05319148936170215,50.97726597052426,-0.03355621276739296
2020-12-12,0.04041245632345914,0.048404509602337775,0.04726949387176795,0.3142836818063657,90.0,0.011235955056179803,56.63976830077121,0.11107897260557453
2020-12-13,0.01785353982728499,0.03454636780859999,0.03396303866696421,-0.2862985682034156,91.0,0.011111111111111072,58.961563754054126,0.040992319053171355
2020-12-14,0.005431863337978572,0.01537869354863064,0.01526164000258451,-0.5548390605393179,95.0,0.04395604395604402,59.677282615903835,0.012138736089754687
2020-12-15,0.008816158477203611,0.023331745638368595,0.023063721436341642,0.5171474458860075,91.0,-0.04210526315789476,60.8783807945767,0.020126556137004314
2020-12-16,0.0930515975767781,0.11195752786886981,0.10612200073644025,3.798506275705229,92.0,0.01098901098901095,71.15768167091944,0.16884977461914463
2020-12-17,0.06778242711074886,0.11339868806126185,0.1074172184490459,0.012872383124429065,92.0,0.0,76.42339407880917,0.07400061784252454
2020-12-18,0.014487680725324005,0.037446253735382795,0.0367621681523153,-0.6697823019332194,95.0,0.032608695652173836,77.41229089627238,0.012939713413453457
2020-12-19,0.031140804146840156,0.05517202905001506,0.05370381434599186,0.4733657855307234,93.0,-0.021052631578947323,79.45331847776494,0.026365678600409836
2020-12-20,-0.016581622945616773,0.04587707275321162,0.04485583746812567,-0.16847225771554075,92.0,-0.010752688172043001,75.51215576345648,-0.049603500392641275
2020-12-21,-0.029138076932326975,0.08577028478715443,0.08228967500029967,0.869567512481495,92.0,0.0,69.16606327327952,-0.0840406743260812
2020-12-22,0.04207656794577848,0.06060009734885452,0.05883487750747568,-0.29346046245225454,88.0,-0.04347826086956519,72.75062753606746,0.05182547759910938
2020-12-23,-0.023039436663009637,0.05358341852281234,0.05219713339865401,-0.11578659330610475,93.0,0.05681818181818188,68.04181963757183,-0.06472532345045601
2020-12-24,0.021057908650393337,0.04349625668724322,0.042576860262026936,-0.18825155456019782,86.0,-0.07526881720430112,69.9541168981607,0.028104734276285015
2020-12-25,0.03838601817057906,0.0531215931275415,0.05175869954093333,0.2212911448796293,94.0,0.09302325581395343,73.1976309023951,0.04636630620262583
2020-12-26,0.06938918605018134,0.08952447338908165,0.08574133810489039,0.68527463350241,93.0,-0.010638297872340385,78.0635429207558,0.06647635938995222
2020-12-27,-0.006250988870123867,0.09127382433608,0.08734566008554938,0.019540477377571586,91.0,-0.021505376344086002,76.6701208023584,-0.01784984470679085
2020-12-28,0.030458043294241247,0.045081154768200404,0.04409454246665112,-0.5060889023099683,92.0,0.01098901098901095,78.6904377325489,0.026350772752771645
2020-12-29,0.010198176486275929,0.05323453907809683,0.051865942517499986,0.18086014770073522,91.0,-0.010869565217391353,79.34851514489434,0.008362863790160713
2020-12-30,0.05262518188935121,0.057662471126182835,0.05606125713609544,0.08317780382375584,91.0,0.0,82.45580532928368,0.03916002938070462
2020-12-31,0.005558802229052879,0.03697911688973665,0.03631179104050672,-0.35869697972507597,95.0,0.04395604395604402,82.75956903486087,0.0036839577803422507
2021-01-01,0.012759952848226697,0.027671589827547027,0.027295650844811725,-0.2516968452746603,94.0,-0.010526315789473717,83.47343680883061,0.008625803424242573
2021-01-02,0.08959001114880642,0.1396964756220087,0.13076197750134716,4.048371867775413,94.0,0.0,87.57059336102046,0.04908335763834759
2021-01-03,0.020175172403393154,0.07975218249753557,0.07673155415557535,-0.42910383284593845,93.0,-0.010638297872340385,88.31268003273205,0.00847415374533611
2021-01-04,-0.02502246735581663,0.16424130448072027,0.152069634079188,1.0593957348539709,94.0,0.010752688172043001,81.80490505547935,-0.07369015383567412
2021-01-05,0.06128001171320478,0.1395180895439665,0.13060544456133108,-0.15052982570322893,93.0,-0.010638297872340385,84.81122645829272,0.03674989171828402
2021-01-06,0.08002182823088061,0.10042550969492381,0.09569693200143667,-0.280197212969458,95.0,0.021505376344086002,87.84309094381395,0.03574838629426247
2021-01-07,0.06687092425852742,0.10109770712002941,0.09630759778125737,0.0066934927903041785,91.0,-0.04210526315789476,89.8124799063226,0.02241939509811086
2021-01-08,0.0355928898794487,0.1386615254385919,0.12985347211797826,0.37155954757672593,93.0,0.0219780219780219,90.71943369893792,0.01009830475187079
2021-01-09,-0.01340052262051337,0.06299182772321044,0.06108741139348567,-0.5457151684725464,93.0,0.0,87.52501824619051,-0.035212030350061596
2021-01-10,-0.04830048595686678,0.15105234277005208,0.14067660461369927,1.397967295595619,94.0,0.010752688172043001,77.28206907294307,-0.11702881505761076
2021-01-11,-0.07551390060372581,0.2552220566004504,0.22731249446238797,0.6896266017467634,90.0,-0.04255319148936165,65.20389113415352,-0.15628693801390725
2021-01-12,-0.0473164778588287,0.11837279208551954,0.1118747646670828,-0.536196856720609,84.0,-0.06666666666666665,59.32130099665064,-0.09021839088406192
2021-01-13,0.09533972073625589,0.15391573035391581,0.1431611414627835,0.30026273472300913,78.0,-0.0714285714285714,66.11753465733806,0.11456649713517142
2021-01-14,0.048921612778852486,0.08402399062887245,0.08068003434900534,-0.45409094680792794,83.0,0.0641025641025641,69.17537887186188,0.04624861211736753
2021-01-15,-0.06216649897230796,0.141897844605823,0.13269165417295525,0.6887777353086566,88.0,0.06024096385542177,61.61540148501183,-0.10928711212198627
2021-01-16,-0.017731847143619858,0.06260426498461436,0.06072274875205489,-0.5588074987430409,84.0,-0.045454545454545414,59.69035415906682,-0.03124295678594713
2021-01-17,-0.010750872199338055,0.07787156379009441,0.07498832233684774,0.2438699473467527,79.0,-0.059523809523809534,58.5135759176803,-0.01971471367468458
2021-01-18,0.02316538885922865,0.06924240985484853,0.06695036953045386,-0.11081264476087926,79.0,0.0,60.33929871823783,0.03120169587868027
2021-01-19,-0.015413522880192659,0.04674508088158058,0.04568542648556279,-0.3249067879126195,80.0,0.012658227848101333,58.487818217084424,-0.030684488227135875
2021-01-20,-0.014579216975338103,0.08364050350231,0.0803262091776271,0.7892899514752512,78.0,-0.025000000000000022,56.74071967230533,-0.029871152626937292
2021-01-21,-0.14252813081835994,0.17526605745312107,0.1614945538392911,1.0954687037277404,75.0,-0.038461538461538436,43.95193402998016,-0.22538990897867073
2021-01-22,0.06833341147530216,0.16780354080884496,0.15512466889630946,-0.04257821938096673,40.0,-0.4666666666666667,49.59986222321706,0.1285023814739159
2021-01-23,-0.028834641394269323,0.05930863708129075,0.05761646616140597,-0.6465590845377169,74.0,0.8500000000000001,47.38696538111198,-0.04461497961720651
2021-01-24,0.006890847351743181,0.05906518914901171,0.057386621994775566,-0.0041047635599071874,70.0,-0.05405405405405406,47.97775563398101,0.012467357808578328
2021-01-25,0.0023822686367903426,0.0846102309539376,0.0812206883085444,0.432488952849706,74.0,0.05714285714285716,48.195338389816605,0.004535075744174444
2021-01-26,0.006266383460683916,0.05685691439355822,0.05529932818229886,-0.3280137194695577,71.0,-0.04054054054054057,48.80453355622843,0.0126401263434337
2021-01-27,-0.06787434522440919,0.10885945208075976,0.10333196641504036,0.9146211721453059,78.0,0.09859154929577474,43.07416568243322,-0.11741466327494288
2021-01-28,0.0950202595471698,0.1277380349393782,0.12021388757540398,0.17342162299891917,55.0,-0.2948717948717948,51.73609618855989,0.20109340178489488
2021-01-29,0.025090070847817985,0.19776965417640113,0.1804612058941379,0.5482440627042564,77.0,0.3999999999999999,53.85555380132913,0.040966709297983295
2021-01-30,-0.0013665573129015413,0.05751392675739919,0.055920801362121714,-0.7091873017783633,76.0,-0.012987012987012991,53.71554573248322,-0.0025996960195115992
2021-01-31,-0.034289423389572346,0.06253936339487232,0.06066166903123461,0.08737773476450372,78.0,0.026315789473684292,50.2478893744242,-0.06455591785902759
2021-02-01,0.0126875420679964,0.06960135940979661,0.06728601775635623,0.11292081709138913,77.0,-0.012820512820512775,51.48249254001543,0.024570249237565678
2021-02-02,0.057167938879420434,0.07189370646336735,0.06942690331398531,0.032935377599077054,76.0,-0.012987012987012991,56.86220090206172,0.10449587998997623
2021-02-03,0.053773897801538996,0.05744848275117209,0.05585891467708773,-0.20092473211901607,78.0,0.026315789473684292,61.44026490395337,0.08051155124608722
2021-02-04,-0.01467867670382311,0.06263304966613892,0.06074983719185208,0.09024723833739623,80.0,0.02564102564102555,59.546097978463166,-0.030829406879206434
2021-02-05,0.03245885330843299,0.04274952174525981,0.04186099544725527,-0.3174606382232201,81.0,0.012499999999999956,62.33605797203722,0.046853783678371785
2021-02-06,0.02898274128113115,0.07100877591444066,0.0686009855631704,0.6610425804895539,84.0,0.03703703703703698,64.74687451326844,0.03867451070314187
2021-02-07,-0.009276588183404773,0.05810165951838142,0.05647641532140115,-0.18176790445748814,86.0,0.023809523809523725,63.33568336033207,-0.021795510031100807
2021-02-08,0.17182056188812328,0.21345562197801926,0.1934721752463578,2.67383003768574,83.0,-0.03488372093023251,75.09447672928333,0.1856582694790334
2021-02-09,0.0061426193854515,0.06280612332265134,0.06091269638734868,-0.7057649606946457,95.0,0.14457831325301207,75.42574021502925,0.004411289620408931
2021-02-10,-0.03420320342962812,0.07439216812101224,0.07175507666291711,0.18447317212750702,92.0,-0.03157894736842104,69.92600615730406,-0.07291587781632825
2021-02-11,0.06446761605839371,0.09676224513168097,0.0923624259270297,0.3007047324427994,93.0,0.010869565217391353,73.8551162909792,0.05618954019533584
2021-02-12,-0.008478464657924508,0.04998942345992696,0.0487800912233924,-0.48337883859662634,92.0,-0.010752688172043001,72.47618479062368,-0.018670764729727285
2021-02-13,-0.008441745251820123,0.03568405776014738,0.03506213377446969,-0.28616784730968536,92.0,0.0,71.06544756855382,-0.019464838362357684
2021-02-14,0.033643879906238475,0.05036947052369256,0.049141978964579766,0.41153987761857413,95.0,0.032608695652173836,73.32252187129598,0.03176050218448068
2021-02-15,-0.015978235928812496,0.05454652415845862,0.053110839601627546,0.08292828158281473,93.0,-0.021052631578947323,70.48553886900295,-0.03869183614923688
2021-02-16,0.0258352607407487,0.06651928152806952,0.06440033802328955,0.2194962475487865,95.0,0.021505376344086002,72.35716261118007,0.026553301176508448
2021-02-17,0.058214152169521576,0.07053937945138267,0.0681626144068657,0.06043507733343101,95.0,0.0,76.18030624345508,0.05283711376051503
2021-02-18,-0.009038226589304248,0.02858606209048742,0.02818510389791138,-0.5947503038329167,91.0,-0.04210526315789476,74.41684010647805,-0.02314858293351285
2021-02-19,0.07828513543693166,0.10162253009848277,0.09678412038228201,2.554967794332878,93.0,0.0219780219780219,79.09171311469407,0.06282009557953638
2021-02-20,0.0037751835203801024,0.052697223527446546,0.05135565479417418,-0.48144153194791084,91.0,-0.021505376344086002,79.29636428395472,0.0025875172151583747
2021-02-21,0.02535215971053203,0.04774270448860207,0.04663804477193673,-0.09401859732257034,91.0,0.0,80.68380737688152,0.017496931989951836
2021-02-22,-0.05966344725525414,0.17492852611226972,0.1612073169053518,2.6639844346067902,94.0,0.03296703296703307,69.13933690991537,-0.14308286683895388
2021-02-23,-0.10458524450100902,0.19682543050342183,0.17967257676184117,0.12517629272825737,94.0,0.0,55.360774782533376,-0.19928687116763466
2021-02-24,0.017881495738120444,0.0863447259523229,0.0828185983544687,-0.5613131609493835,76.0,-0.19148936170212771,56.87539019338955,0.02735899952278209
2021-02-25,-0.053969759252051705,0.10309450228458372,0.09811941410314702,0.19398725454881371,79.0,0.03947368421052633,51.316541228674915,-0.0977373332440139
2021-02-26,-0.016142075456887308,0.0880880704085254,0.08442209222437325,-0.14555996239871583,55.0,-0.30379746835443033,49.802855479822206,-0.029497033755791824
2021-02-27,-0.0032705424799890207,0.06592238363857872,0.06384051224720355,-0.2516309719028812,56.0,0.018181818181818077,49.48742880200483,-0.006333505875886436
2021-02-28,-0.02301047656676125,0.08035806072961749,0.07729252390225388,0.21897990173084092,55.0,-0.017857142857142905,47.24955821013827,-0.04522099139197755
2021-03-01,0.09490116032713884,0.10348913161684381,0.09847709765558929,0.2878500386545657,38.0,-0.3090909090909091,56.342315747882225,0.192441112302145
2021-03-02,-0.025554925208490772,0.0613749509535686,0.059565191127113656,-0.40694302875395605,78.0,1.0526315789473686,53.57095007606398,-0.04918799724561218
2021-03-03,0.043664727693901485,0.08826258720305002,0.08458246784609424,0.4380881097538061,78.0,0.0,57.456794031796974,0.07253640172921316
2021-03-04,-0.0399061221991278,0.08557328772524064,0.08210822323472178,-0.030469302600688475,84.0,0.07692307692307687,53.07651383747712,-0.07623607039222857
2021-03-05,0.007511420176535919,0.06131843163559125,0.05951193867110255,-0.28343957249284457,77.0,-0.08333333333333337,53.779266231505304,0.013240364583477326
2021-03-06,-0.0003050270395783075,0.03998709861615124,0.0392083078995588,-0.3478779944374605,77.0,0.0,53.743939264321114,-0.0006568882333224391
2021-03-07,0.0458396233606819,0.0504038031228804,0.04917466464239334,0.2605016334573904,76.0,-0.012987012987012991,58.28160209054201,0.08443115425357939
2021-03-08,0.020103136515502152,0.056720650488615965,0.05517038670658004,0.12532481627101832,81.0,0.06578947368421062,60.18783270848666,0.032707244646145384
2021-03-09,0.048156840253235314,0.05467843369855263,0.053235918284936894,-0.03600481962866797,81.0,0.0,64.51610936902912,0.07191281801931648
2021-03-10,0.021374179798027783,0.0744473067483098,0.07180639611041843,0.3615479031229174,68.0,-0.16049382716049387,66.32767165260883,0.02807922395347262
2021-03-11,0.031573000390297756,0.06619245004465135,0.0640938442002958,-0.1108818715439408,73.0,0.07352941176470584,68.91962110815112,0.039077950287741636
2021-03-12,-0.008216872853115568,0.04731186755021821,0.046226755299855905,-0.28523770432574846,70.0,-0.04109589041095896,67.44748011410267,-0.021360259536806092
2021-03-13,0.06599046126171279,0.0972267473681716,0.09278585762611183,1.0550181677984338,74.0,0.05714285714285716,72.6493190560654,0.07712428890097356
2021-03-14,-0.03220259265928875,0.03871014998426037,0.037979703018903924,-0.6018569886157416,78.0,0.054054054054053946,66.93339549439848,-0.07867828130991539
2021-03-15,-0.05895520841682183,0.09293255245704524,0.08886449865086223,1.4007282972251933,76.0,-0.02564102564102566,58.292945658540916,-0.12909026610760643
2021-03-16,0.015929471547609108,0.06121091718819871,0.05941063081635455,-0.3413404068881969,71.0,-0.06578947368421051,59.77167305233608,0.02536717568635183
2021-03-17,0.03572418708035779,0.08144689476120237,0.07829986188701706,0.33059425511933194,71.0,0.0,63.021144239062366,0.054364735346809745
2021-03-18,-0.017339151916613386,0.10806055706579265,0.10261124122310485,0.32676092050679184,72.0,0.014084507042253502,60.44559326217022,-0.040868045288453225
2021-03-19,0.008394319050580128,0.05039698532245285,0.04916817397420141,-0.5336227510675459,71.0,-0.01388888888888884,61.267189921628486,0.013592333454231387
2021-03-20,-0.0005658791253751102,0.031229777024203376,0.030752048316123777,-0.38032450107110083,75.0,0.05633802816901401,61.1745802535081,-0.0015115703566436212
2021-03-21,-0.013643904139846409,0.04932150360475829,0.0481437682575136,0.5793101425775038,73.0,-0.026666666666666616,58.8799474548354,-0.03750957978238201
2021-03-22,-0.05345688104443306,0.07705776927633279,0.07423303580381801,0.5623564499136366,70.0,-0.04109589041095896,51.06395895544133,-0.13274448835725317
2021-03-23,0.0038401154329438564,0.047030360818257844,0.04595792938416496,-0.38967399056667784,66.0,-0.05714285714285716,51.54926602593987,0.009503906090047254
2021-03-24,-0.036551757777657644,0.09041438018148162,0.08655778930064402,0.9224683504103905,65.0,-0.015151515151515138,46.86240871613612,-0.09091996203098796
2021-03-25,-0.020485432915556448,0.049862119892633006,0.04865884115897435,-0.4485156034632022,60.0,-0.07692307692307687,44.489732110359384,-0.05063070104118994
2021-03-26,0.06428841931989358,0.06896989142215237,0.06669546646586201,0.3832121773134336,54.0,-0.09999999999999998,52.754417464670546,0.1857661298973463
2021-03-27,0.015051908974823298,0.04286836161263885,0.041974956751917966,-0.37844817892710203,65.0,0.20370370370370372,54.530151321865056,0.03366038224919676
2021-03-28,-0.0004068041327035923,0.027949302765848616,0.02756584944124729,-0.34802027149065706,74.0,0.1384615384615384,54.47012668295858,-0.0011007605416712973
2021-03-29,0.03165502939331705,0.05808480517858494,0.05646048634720346,1.0782201854981168,72.0,-0.027027027027026973,58.370775218344676,0.07161078508389895
2021-03-30,0.020014609919984168,0.038351308305854426,0.037634174791471,-0.33973595696944825,72.0,0.0,60.72196793255118,0.04028030646177849
2021-03-31,1.935944759335448e-05,0.038173326053123846,0.03746275158731396,-0.004640839141944242,76.0,0.05555555555555558,60.724301860279546,3.843629921473912e-05
2021-04-01,0.0029992328786879927,0.018473426976506113,0.01830486599238209,-0.5160645171238787,74.0,-0.02631578947368418,61.11042729240574,0.006358663999375791
2021-04-02,0.004870090844088338,0.023745937105355885,0.023468387537810047,0.2854105053466893,74.0,0.0,61.77024898442818,0.010797203051212234
2021-04-03,-0.030439981167968613,0.043510583730645314,0.042590590014248975,0.8323380348224505,73.0,-0.013513513513513487,55.51092036633596,-0.1013324168350066
2021-04-04,0.019846643132378484,0.030524938502639598,0.0300683214462745,-0.29844796632456305,74.0,0.013698630136986356,58.451425487378906,0.05297165137305471
2021-04-05,0.005081207326213134,0.03807053207965527,0.03736373241560162,0.2471943907884755,71.0,-0.04054054054054057,59.20418290984909,0.012878341566412654
2021-04-06,-0.01476389754962159,0.031793078853088685,0.03129814196824154,-0.1648900838431211,75.0,0.05633802816901401,56.04237729593911,-0.053405105154892385
2021-04-07,-0.037528870853164246,0.05623911545294824,0.05471459473953369,0.7689106397282637,72.0,-0.040000000000000036,49.05546008533756,-0.12467203476587407
2021-04-08,0.03978767570422682,0.044017404767520585,0.043076160554740776,-0.21731690811625226,73.0,0.01388888888888884,55.40979274459166,0.1295336471862667
2021-04-09,-0.001354549836114697,0.019533390955071894,0.019345062781532977,-0.5562348335110132,70.0,-0.04109589041095896,55.152701534011484,-0.004639815416116577
2021-04-10,0.026234198096664975,0.05578961346445177,0.05428893576138729,1.8561151308941501,70.0,0.0,59.155021722629776,0.07256798084768601
2021-04-11,0.006862304387402612,0.02531224412294808,0.024997194613189746,-0.5462911005992785,76.0,0.08571428571428563,60.1729467617189,0.017207753618315724
2021-04-12,-0.005187618998143358,0.027910113190370067,0.027527724679233766,0.10263290187955953,74.0,-0.02631578947368418,58.975395654140975,-0.019901819206563864
2021-04-13,0.05852714345026763,0.06467898620636703,0.06267333232235463,1.3174032210189481,74.0,0.0,67.13763849588305,0.13840081530964632
2021-04-14,-0.006219938149170958,0.05374562096221691,0.0523510746547993,-0.16904045479726204,75.0,0.013513513513513598,65.60440390827517,-0.022837183760967328
2021-04-15,0.003232251116976691,0.02592402936298055,0.025593698551893095,-0.5176531799454861,79.0,0.05333333333333323,66.03780768928745,0.006606321453941355
2021-04-16,-0.027886621874568536,0.05599551092017574,0.054483934252473255,1.1599848594577349,78.0,-0.012658227848101222,59.192509664665714,-0.10365725732188669
2021-04-17,-0.014542926101405163,0.03662648634467436,0.03597167761883045,-0.34590316718625613,76.0,-0.02564102564102566,56.00088736570748,-0.0539193610313069
2021-04-18,-0.07647243109811933,0.1557447335219757,0.1447449271135191,3.2522433644422364,79.0,0.03947368421052633,43.35025051349392,-0.22590064992363423
2021-04-19,-0.008788979117796622,0.057964731476984444,0.05634699779256484,-0.6278222051803404,74.0,-0.06329113924050633,42.21933949992595,-0.026087761896922412
2021-04-20,0.013347500558966063,0.06761896409334422,0.06543090168509398,0.1665535640442517,73.0,-0.013513513513513487,44.588919291188596,0.056125458600952305
2021-04-21,-0.04651974554182734,0.05703468053344807,0.055467516693701716,-0.15652833050333548,73.0,0.0,38.72562126317769,-0.13149675123813942
2021-04-22,-0.040581883746807136,0.0954142784067531,0.09113262816180127,0.672916855399887,65.0,-0.1095890410958904,34.629965897396374,-0.10576086921749861
2021-04-23,-0.013001302685204313,0.09234328676145642,0.08832519308650666,-0.03218587088407221,55.0,-0.15384615384615385,33.44202523392188,-0.034303835787600545
2021-04-24,-0.020620437180110716,0.04840208055720141,0.04726717697220481,-0.4758462444353435,37.0,-0.32727272727272727,31.620199863910276,-0.05447712443454644
2021-04-25,-0.02113272327896639,0.07096208112962432,0.06855738573110903,0.4660956783822874,31.0,-0.16216216216216217,29.86184358694074,-0.055608638925032094
2021-04-26,0.09747970680195452,0.11125682415189253,0.10549164879620375,0.5678348546269802,27.0,-0.12903225806451613,45.50668923892955,0.5239075613814634
2021-04-27,0.01854831914865377,0.039343760513042225,0.03858951448261642,-0.6463699120215003,50.0,0.8518518518518519,48.02337779073956,0.05530370576062604
2021-04-28,-0.0037942553737364284,0.04341026988380903,0.042494454267903055,0.10335843136852096,59.0,0.17999999999999994,47.53616915280323,-0.01014523884719909
2021-04-29,-0.023429673825133245,0.051467339443319826,0.05018665475888263,0.18560284423654072,52.0,-0.11864406779661019,44.56979868710606,-0.06240238787778396
2021-04-30,0.07541518772096198,0.08980148631243567,0.08599555700556723,0.7448247234798808,51.0,-0.019230769230769273,54.64179988733171,0.22598264961738446
2021-05-01,0.0013475723603123622,0.0244699522408931,0.024175359072850785,-0.7275106098382638,68.0,0.33333333333333326,54.80597007133944,0.0030044798001940265
2021-05-02,-0.020916047590224387,0.031361377224343956,0.030879654991880227,0.2816280520537433,66.0,-0.02941176470588236,51.70806832546282,-0.05652489577037256
2021-05-03,0.010001102205402288,0.042099325455746905,0.041237260722826255,0.34239402672238906,61.0,-0.0757575757575758,53.06668722248771,0.026274795037273924
2021-05-04,-0.06999363622377694,0.07562786383643094,0.07290455046605471,0.7964150973375539,68.0,0.11475409836065564,44.00896102314254,-0.17068572909723367
2021-05-05,0.07389708647447689,0.09330558423041513,0.08920575312879865,0.23374612870486233,48.0,-0.2941176470588235,53.12400802436383,0.2071179775507097
2021-05-06,-0.018055093557641698,0.053822203281975955,0.052423748301561025,-0.42316203552122067,65.0,0.35416666666666674,50.88319859869601,-0.04218072974915854
2021-05-07,0.016877096781434925,0.059375911966289774,0.05767997243944238,0.10318620096650055,64.0,-0.01538461538461533,52.88269518408621,0.039295811593130336
2021-05-08,0.024921619702789645,0.04369272711391625,0.042765123451204486,-0.26413379320013697,67.0,0.046875,55.80426783632546,0.05524628882981797
2021-05-09,-0.009765628034028508,0.048314130475601624,0.047183283805176696,0.10577054047545231,73.0,0.08955223880597019,54.37078653649903,-0.025687664320421577
2021-05-10,-0.041595541159714526,0.10075368293388953,0.09599511148859174,1.0853874827524757,72.0,-0.013698630136986356,48.76958027434722,-0.10301867269092624
2021-05-11,0.015009957344289306,0.04145662871790501,0.040620337758085746,-0.5885348553947436,61.0,-0.1527777777777778,50.71644218008587,0.03991959526382671
2021-05-12,-0.142967146773037,0.17881449504181868,0.1645092682443995,3.313290795027652,68.0,0.11475409836065564,37.128898567189516,-0.26791200306695784
2021-05-13,0.011442928110092723,0.0926100981259903,0.08856941922671221,-0.4820884173605058,31.0,-0.5441176470588236,38.45849047503925,0.03581016295012529
2021-05-14,0.003300186759766157,0.05258059802614734,0.05124486133952937,-0.4322368824767393,26.0,-0.16129032258064513,38.86302586461735,0.01051875371553268
2021-05-15,-0.06459870319528387,0.08519439947363217,0.0817591409651723,0.6202630375422242,27.0,0.03846153846153855,34.25844132898447,-0.11848239896896717
2021-05-16,-0.006525257090234029,0.1309429604807555,0.12305176304236115,0.5369902398488364,20.0,-0.2592592592592593,33.83762449460461,-0.012283595460130359
2021-05-17,-0.0648839844864655,0.10463286388070192,0.09951302988077773,-0.2009279193280522,27.0,0.3500000000000001,30.02594912454992,-0.11264606859924398
2021-05-18,-0.014531934084628221,0.08130283837651375,0.0781666459326286,-0.2229703425760008,21.0,-0.2222222222222222,29.26198475332632,-0.02544347118069834
2021-05-19,-0.14810707635188664,0.41929575580151046,0.35016080197231386,4.157209319799516,23.0,0.09523809523809534,23.26653708721682,-0.20488861971086825
2021-05-20,0.0972750161239599,0.21147608180044974,0.19183951844682678,-0.4956398225491222,11.0,-0.5217391304347826,32.76129064891236,0.40808623673147215
2021-05-21,-0.08913981683679192,0.25450985915100177,0.22674494582175747,0.20349240909030542,19.0,0.7272727272727273,29.183385831013577,-0.10921135117176961
2021-05-22,0.0061982374372439785,0.09742827042345947,0.09296950658617212,-0.6171925490491319,12.0,-0.368421052631579,29.734494816197294,0.01888434016446605
2021-05-23,-0.07654564579833298,0.22614410774612947,0.20387437362932392,1.321134376739145,14.0,0.16666666666666674,27.0326664037844,-0.0908651190852291
2021-05-24,0.10722243682664231,0.15293467767437186,0.14231058545336514,-0.32372910707867264,10.0,-0.2857142857142857,35.94990201717037,0.3298688882624474
2021-05-25,-0.007878782581024249,0.08733726107188522,0.08373182779140331,-0.4289244113892632,22.0,1.2000000000000002,35.58838110079641,-0.01005624205043154
2021-05-26,0.022961565812768543,0.07587861120494521,0.07313764051022456,-0.13120001390367242,22.0,0.0,37.573627812145126,0.05578356334124712
2021-05-27,-0.02205718107153495,0.0840776163674486,0.08072950226915634,0.10805423336436903,27.0,0.2272727272727273,36.412112380236856,-0.030913049911375
2021-05-28,-0.07393611150144239,0.11725251178365559,0.11087255701296969,0.3945746424496752,21.0,-0.2222222222222222,32.910900924137096,-0.09615513155452327
2021-05-29,-0.030765691542153008,0.10508036151727063,0.09991805768035175,-0.10381142443109437,18.0,-0.1428571428571429,31.618231992435526,-0.03927783486332692
2021-05-30,0.030219944078986264,0.08591486450377217,0.08242282479586609,-0.18238895200554184,10.0,-0.4444444444444444,34.34535993405303,0.08625175317424305
2021-05-31,0.04533591723246496,0.09422083523748404,0.0900425439920586,0.09667675997262593,18.0,0.8,38.463124181924144,0.11989288380665353
2021-06-01,-0.01750785357311659,0.05894999221742658,0.05727784380214297,-0.37434228778759104,20.0,0.11111111111111116,37.472086308564215,-0.025765922411099096
2021-06-02,0.02397778870231388,0.06297647266457584,0.0610729661558666,0.06830332449066834,23.0,0.1499999999999999,39.76844875017826,0.06128194791996977
2021-06-03,0.042556616951370016,0.06000918563060287,0.0582775737756769,-0.04711739016850447,24.0,0.04347826086956519,43.843904503282594,0.1024796259644416
2021-06-04,-0.06084038726712561,0.0986838313481675,0.09411294645018838,0.6444787628952879,27.0,0.125,39.741231108659726,-0.09357454453710212
2021-06-05,-0.03706474257477647,0.08645458405870454,0.08291971961860856,-0.123923515355994,24.0,-0.11111111111111116,37.54651139077884,-0.05522525741289008
2021-06-06,0.008693599850188834,0.03205940447702216,0.03155622788044979,-0.6291763493390573,17.0,-0.29166666666666663,38.393742146279024,0.022564832899715448
2021-06-07,-0.06633285563534304,0.09886100223030003,0.09427419083511217,2.0836818039198572,15.0,-0.11764705882352944,34.64129249280187,-0.09773597059594852
2021-06-08,-0.002627775063457771,0.09329890063742119,0.08919963991258584,-0.056261836997380854,13.0,-0.1333333333333333,34.50233148805216,-0.004011426674642271
2021-06-09,0.10947410238213756,0.15585438056373957,0.14483979394503668,0.670484641286631,14.0,0.07692307692307687,44.95733750980065,0.30302317469093265
2021-06-10,-0.017354742993128305,0.06936952271029351,0.06706924369706546,-0.5549080978065706,21.0,0.5,43.71061748991578,-0.027731180024019086
2021-06-11,0.017067578415986145,0.04339769722258069,0.04248240460983517,-0.37439821513805727,21.0,0.0,45.31645241666648,0.03673786871396101
2021-06-12,-0.048904195040405544,0.0771918797509723,0.07435754363407186,0.7787091180222305,28.0,0.33333333333333326,41.70297674983514,-0.07973871461973436
2021-06-13,0.09505680129465752,0.12788715831063735,0.12034611111318205,0.6567436720444224,23.0,-0.1785714285714286,50.209960378374305,0.2039898417700554
2021-06-14,0.02825878796632069,0.05730737114443696,0.055725460399909936,-0.5518911210362685,28.0,0.21739130434782616,52.56610331425355,0.04692580751157194
2021-06-15,0.004658453327527578,0.04256055015254412,0.041679754685241405,-0.2573285198290651,38.0,0.3571428571428572,52.967766012328006,0.007641097071114711
2021-06-16,-0.052307031596144006,0.061314439226588524,0.05950817691931067,0.4406401939549027,33.0,-0.13157894736842102,48.15273563606196,-0.09090491706116821
2021-06-17,-0.007684760787668957,0.05539567452100291,0.0539157435548455,-0.09653133552624882,26.0,-0.21212121212121215,47.48995681970164,-0.013764094762332979
2021-06-18,-0.06140159139173661,0.08314664928775684,0.07987036908971744,0.5009592356571508,25.0,-0.038461538461538436,42.6136040195902,-0.10268176950812558
2021-06-19,-0.004800219817294286,0.04364731477522188,0.04272161128951526,-0.475056239197737,23.0,-0.07999999999999996,42.2602191701406,-0.008292770761354484
2021-06-20,0.0023116253137915738,0.07858950476893978,0.07565417345360403,0.8005576098705209,21.0,-0.08695652173913049,42.50717178055844,0.005843618780669413
2021-06-21,-0.119521795848678,0.14141469174155819,0.13226845072289334,0.7994093760652916,23.0,0.09523809523809534,34.70740676346426,-0.18349291873287044
2021-06-22,0.025833047609393114,0.15224232424787743,0.14170989106266474,0.07656653189972107,10.0,-0.5652173913043479,37.26285239433188,0.07362825025457331
2021-06-23,0.03676667515561315,0.0938158748549569,0.08967238531484527,-0.3837727102602029,14.0,0.3999999999999999,40.91976103061825,0.09813818323909707
2021-06-24,0.027475699857643344,0.08780663436910285,0.08416340687496363,-0.0640535569821693,22.0,0.5714285714285714,43.64940610610792,0.06670725846730163
2021-06-25,-0.09130465397426267,0.1319376266107921,0.12393087809577644,0.5025929140636547,27.0,0.2272727272727273,37.622226076079144,-0.1380816044868336
2021-06-26,0.01718823840092292,0.08126971719823373,0.07813601465674633,-0.384029262266674,20.0,-0.2592592592592593,39.260147346246,0.043536000949403464
2021-06-27,0.0737472744793095,0.08058089952097158,0.07749876646277318,-0.008475699202717513,22.0,0.10000000000000009,46.10480803974927,0.1743411870856808
2021-06-28,-0.006233262455755746,0.03887126191002088,0.038134798674998166,-0.5176119633672687,25.0,0.13636363636363646,45.62090430369318,-0.010495732584742457
2021-06-29,0.040785121124139886,0.06684551622396007,0.06470617854224558,0.7196641667742594,25.0,0.0,49.426633527265,0.0834207318258644
2021-06-30,-0.02332520296585249,0.05834056741563054,0.05670217900653605,-0.127232898910294,28.0,0.1200000000000001,47.367130401691185,-0.041667881840217524
2021-07-01,-0.04281824560087459,0.06544877271375227,0.063396093234391,0.12183983826350842,28.0,0.0,43.8707023525638,-0.07381549229341855
2021-07-02,0.00963202091343982,0.03566939005832914,0.03504797134184968,-0.4550029193926475,21.0,-0.25,44.84076809420764,0.02211192640245363
2021-07-03,0.022504948021345134,0.04510313889808204,0.04411557805662188,0.26447743637685295,24.0,0.1428571428571428,47.175197074529834,0.052060414652525644
2021-07-04,0.017703918010918158,0.04480371240786152,0.0438290327571678,-0.006638706252731663,27.0,0.125,49.03943152763838,0.03951725840515996
2021-07-05,-0.04467475626166748,0.06234433615592794,0.06047810393585244,0.39149933800996006,29.0,0.07407407407407418,44.800139836252384,-0.08644659122927945
2021-07-06,0.014392210079461632,0.04281609225468941,0.041924834732871924,-0.3132320448869149,20.0,-0.31034482758620685,46.38388413600406,0.03535132491863591
2021-07-07,-0.011157826650301255,0.0342316588820919,0.03365879246473717,-0.2004954894419938,28.0,0.3999999999999999,45.29707106249834,-0.023430833655910255
2021-07-08,-0.029311778537964177,0.05523021555185048,0.05375895691608626,0.6134250385611275,20.0,-0.2857142857142857,42.53397258708926,-0.060999495344780996
2021-07-09,0.02761736344787324,0.05332524095973068,0.0519520562680324,-0.03449152919440268,20.0,0.0,45.880795192743314,0.07868586924960663
2021-07-10,-0.0082442012335933,0.03300695153248534,0.032473919575154366,-0.3810257405604409,20.0,0.0,45.02953122173828,-0.018553819031010832
2021-07-11,0.021242252673874872,0.03712401594749304,0.036451513174568496,0.12473325235611954,20.0,0.0,47.73777235429829,0.06014366703539187
2021-07-12,-0.032180926347831006,0.05795118123612775,0.056334189872575706,0.5610159557654526,25.0,0.25,44.204008914936736,-0.07402447297152481
2021-07-13,-0.013782086425800635,0.03303269487845473,0.03249884005140509,-0.42999099977169086,20.0,-0.19999999999999996,42.776796392588125,-0.032286947663390575
2021-07-14,0.0036725998364308425,0.044952995302493415,0.04397190383334144,0.3608636978575306,21.0,0.050000000000000044,43.29950389457432,0.012219416741473532
2021-07-15,-0.032249468356842406,0.06363709776798765,0.061694259214320854,0.4156364295586301,20.0,-0.04761904761904767,39.901509119377906,-0.07847652904915159
2021-07-16,-0.01136653085848622,0.0359391705804204,0.035308426457494844,-0.43524812034247995,22.0,0.10000000000000009,38.771568451026596,-0.02831824392833704
2021-07-17,0.003543169217346287,0.022801540507183304,0.022545470600345396,-0.3655518438812957,15.0,-0.31818181818181823,39.345915089242474,0.014813603399649766
2021-07-18,0.008329203113175575,0.03791399152514163,0.03721292150826546,0.662782017434189,19.0,0.2666666666666666,40.761068391787624,0.03596696885395523
2021-07-19,-0.031272502988710885,0.04325796657496972,0.04234847676515616,0.1409499457814769,24.0,0.26315789473684204,37.28377340370617,-0.08530922091291515
2021-07-20,-0.033338555734212405,0.05603470382680964,0.05452104821643527,0.29536148514278304,19.0,-0.20833333333333337,34.05445386368302,-0.08661461126952719
2021-07-21,0.07443417235693212,0.10926378507000467,0.10369653857852638,0.9499306252731139,10.0,-0.4736842105263158,45.61733042112532,0.33954080143899734
2021-07-22,0.006283788882169604,0.0261803036411703,0.025843465852122764,-0.7603935867277825,21.0,1.1,46.505008694672405,0.01945923326403176
2021-07-23,0.038503942271904575,0.04752833329302142,0.04643342093810986,0.8154233023592552,23.0,0.09523809523809534,51.81316177820631,0.1141415351276347
2021-07-24,0.020948244356669858,0.03187840636951078,0.031380836832304665,-0.3292757359494556,22.0,-0.04347826086956519,54.535965876801534,0.05255043323259412
2021-07-25,0.030378619797658737,0.0437724167747513,0.042841474101759834,0.37310555199573003,27.0,0.2272727272727273,58.31058473064666,0.0692133859400621
2021-07-26,0.05469542869161192,0.14771210704272253,0.13777048861000502,2.374547670119176,26.0,-0.03703703703703709,64.30670672539482,0.10283076430198679
2021-07-27,0.0539428534880362,0.0813686705723029,0.0782275263719714,-0.4491401402271733,32.0,0.23076923076923084,69.26403916130235,0.077088886810462
2021-07-28,0.01483512651645551,0.05027046521464329,0.04904771691858303,-0.38218893265592,50.0,0.5625,70.51900487488966,0.018118575364407308
2021-07-29,0.00031287370059631146,0.031536132113482385,0.031049081624822894,-0.37267077241417246,50.0,0.0,70.5465262065368,0.00039026829286603615
2021-07-30,0.0541722306526184,0.0999597852350469,0.09527362025880272,2.1696907177881815,53.0,0.06000000000000005,75.01608393834795,0.063356170348144
2021-07-31,-0.014532545375150554,0.02725844095415475,0.02689354578744206,-0.7273059271780261,60.0,0.13207547169811318,71.80543115376148,-0.04279952532879683
2021-08-01,-0.04047804375571393,0.07588939905147751,0.07314766747082715,1.7840696824559368,60.0,0.0,63.83240643657014,-0.11103651338181086
2021-08-02,-0.01952524946480863,0.04317392818778787,0.04226791972666547,-0.4310940826069527,48.0,-0.19999999999999996,60.448924560091676,-0.05300570768612034
2021-08-03,-0.0271224912051319,0.05208770905910276,0.05077648447045599,0.2064621229864425,48.0,0.0,56.102803170202726,-0.0718974145779635
2021-08-04,0.04094316463847637,0.06286739467179392,0.060970345267706706,0.20695257686337665,42.0,-0.125,60.72533985792814,0.0823940414118296
2021-08-05,0.027838357371246687,0.10368757761947789,0.09865691651860861,0.6493061015298978,50.0,0.19047619047619047,63.62788153333946,0.04779786629769478
2021-08-06,0.04653814062641624,0.08362880501099612,0.08031541357297563,-0.19345396111089874,52.0,0.040000000000000036,68.04135312379847,0.06936379907834045
2021-08-07,0.03981881145877593,0.048600718968488055,0.047456626802148474,-0.4188519259351168,69.0,0.32692307692307687,71.38217957233246,0.04909994136147611
2021-08-08,-0.017151523902089738,0.04501166459583539,0.04402804764714185,-0.07384776293082729,74.0,0.07246376811594213,68.04514613689031,-0.04674883080672387
2021-08-09,0.056962712090068326,0.08420665233328317,0.08084852353205028,0.8707740113453661,65.0,-0.1216216216216216,72.70181572960533,0.06843500024743765
2021-08-10,-0.01697414139260822,0.04322580509867424,0.04231764836693456,-0.4866699494525685,71.0,0.0923076923076922,69.39159316527665,-0.04553149781898369
2021-08-11,0.0001887605723412682,0.030515317865454028,0.030058985736158294,-0.29404859444966247,70.0,-0.014084507042253502,69.40813470517121,0.0002383795952798362
2021-08-12,-0.025891753544200504,0.05397598795211844,0.05256966803055114,0.7688161791433907,70.0,0.0,64.33747048904407,-0.07305576266623626
2021-08-13,0.07300947971891747,0.08015728942929257,0.07710666889234796,0.4850546042881012,70.0,0.0,70.93947990721229,0.10261530905683447
2021-08-14,-0.014677743757973101,0.041601326535083416,0.04075926602654439,-0.4810038259617012,76.0,0.08571428571428563,68.12866264213808,-0.03962274982493119
2021-08-15,-0.0010609584864258955,0.038998060998211015,0.038256845896110274,-0.06257650305157947,71.0,-0.06578947368421051,67.92081276816269,-0.0030508433002298663
2021-08-16,-0.02240830692116523,0.05027923935844947,0.04905607105920357,0.2892753657869287,72.0,0.014084507042253502,63.56146124071358,-0.06418285279254676
2021-08-17,-0.02886919903458737,0.05902066128140682,0.057344576609691285,0.17385748142763702,72.0,0.0,58.485171695944,-0.07986426752439135
2021-08-18,0.002364966650012081,0.03579555895467457,0.03516978744746282,-0.3935079991055406,73.0,0.01388888888888884,58.77182129009875,0.0049012354045057105
2021-08-19,0.04188585333234935,0.06755816029537343,0.06537394734880711,0.8873335762382601,70.0,-0.04109589041095896,63.66450146516374,0.08324874178927733
2021-08-20,0.05459790698385328,0.05769355887140315,0.056090649583306874,-0.14601643059611014,70.0,0.0,69.07173282353202,0.0849332239148537
2021-08-21,-0.008828701235467067,0.029077962403226465,0.028663219193950092,-0.49599291546496227,78.0,0.11428571428571432,67.28782681862349,-0.025826860453409317
2021-08-22,0.008473475397263706,0.02638318495103209,0.026041151635437222,-0.09267421887495686,76.0,-0.02564102564102566,68.13820868936612,0.01263797496439989
2021-08-23,0.0045413466832814305,0.028680264320133153,0.02827668390240786,0.08706603745395047,79.0,0.03947368421052633,68.61223017751493,0.0069567647472186245
2021-08-24,-0.03784489433094968,0.04595900261977848,0.04493417043845093,0.6024609155193834,79.0,0.0,60.64797382772233,-0.11607633696189901
2021-08-25,0.02596012195042943,0.043238112670445306,0.04232944590789982,-0.059202545621871994,73.0,-0.07594936708860756,63.738806118776075,0.05096348807684192
2021-08-26,-0.0421022974523753,0.06339298040047536,0.06146472097592008,0.46613662080136486,75.0,0.027397260273972712,56.10396042258961,-0.11978331821840327
2021-08-27,0.04409943030226678,0.05859566810834038,0.056943188338478924,-0.07567576507412499,71.0,-0.053333333333333344,61.333673981315435,0.09321469499362012
2021-08-28,-0.0031903644385737097,0.016170679227001328,0.016041326412479653,-0.7240294419529005,78.0,0.09859154929577474,60.75810541101564,-0.009384218047579163
2021-08-29,-0.0014850847584068098,0.03585241819252216,0.03522468020770886,1.2171250625426322,72.0,-0.07692307692307687,60.47428146710486,-0.004671375810532119
2021-08-30,-0.03702463994727715,0.04207285467420241,0.04121185900045582,0.1735011693849331,73.0,0.01388888888888884,53.84893359775234,-0.10955645455591545
2021-08-31,0.002371071858731938,0.03079046298703947,0.030325947703446574,-0.2681632081904085,73.0,0.0,54.18910334443867,0.006317112038418005
2021-09-01,0.03500565378801719,0.05473623118957205,0.05329071783857226,0.777700816405781,71.0,-0.0273972602739726,59.07575224724859,0.09017770365656785
2021-09-02,0.00979272478817146,0.034758908755797124,0.0341684611827734,-0.3649743871584067,74.0,0.04225352112676051,60.37783327443519,0.02204087087604112
2021-09-03,0.014044128006187486,0.05365566256699239,0.052265700885710094,0.5436521020828551,74.0,0.0,62.25486717927295,0.03108812958401619
2021-09-04,-0.0016154849967335088,0.02011756406722931,0.019917879543824762,-0.6250616783995298,72.0,-0.027027027027026973,61.889408412458685,-0.005870364573453579
2021-09-05,0.035575435016673145,0.0470356881601397,0.045963017420317845,1.3380409279649772,73.0,0.01388888888888884,66.61680569741247,0.07638459319966828
2021-09-06,0.0168631403802205,0.03226528878687884,0.031755696802379704,-0.31402536990578145,79.0,0.08219178082191791,68.65430015966612,0.030585292118453955
2021-09-07,-0.11723249529729855,0.22105839962465534,0.19971802332520328,5.851276028700912,79.0,0.0,47.84865752150831,-0.3030493733061308
2021-09-08,-0.015494793572991005,0.06222112627793974,0.060362117979848834,-0.7185308208890153,47.0,-0.40506329113924056,45.99314750624097,-0.0387787267476265
2021-09-09,0.006488390533953229,0.03486358795609057,0.03426961895482992,-0.43968246732860383,45.0,-0.04255319148936165,46.917257088502986,0.020092331844360434
2021-09-10,-0.03303518664446581,0.060599595426009456,0.058834404263163255,0.7381915912479364,46.0,0.022222222222222143,42.941408973600595,-0.08474169978442037
2021-09-11,0.0070499394103558715,0.025682103662394873,0.025357858253102154,-0.5762000805145299,31.0,-0.32608695652173914,44.01757847671094,0.02506134588578468
2021-09-12,0.01888655452823882,0.03515074272057439,0.034547061252760206,0.36868627206906,32.0,0.032258064516129004,46.94238402970309,0.06644630745736335
2021-09-13,-0.024174296052118335,0.06898986663952056,0.06671415270847574,0.9626858865528178,44.0,0.375,43.79661015832892,-0.06701350893008895
2021-09-14,0.046272006777909304,0.05509864753032678,0.05363426732481374,-0.2013515866290463,30.0,-0.31818181818181823,50.684992850586234,0.157281183802928
2021-09-15,0.022754601314508963,0.03585677334137749,0.035228884609439695,-0.34922588940787336,49.0,0.6333333333333333,53.789485946762014,0.06125073560387939
2021-09-16,-0.0081907394359386,0.029891306827945163,0.029453269321632145,-0.16636930648046855,53.0,0.08163265306122458,52.49899344636175,-0.023991538080091024
2021-09-17,-0.010854079709278335,0.028364869966334583,0.027970035933422555,-0.05106624713321417,48.0,-0.09433962264150941,50.77694783277905,-0.03280149771522978
2021-09-18,0.02116012615402399,0.036198648703019476,0.03555887130874037,0.2761789053143051,50.0,0.04166666666666674,53.963697426963435,0.06275977052971227
2021-09-19,-0.021314594702563614,0.03002063860626558,0.02957883952260799,-0.17066963320756667,53.0,0.06000000000000005,50.42277639797223,-0.06561672379442918
2021-09-20,-0.09810793836995628,0.11101891351763848,0.10527753438085001,2.6980863389917302,50.0,-0.05660377358490565,38.59316752014276,-0.23460843933824327
2021-09-21,-0.051488267863326775,0.09600978947984351,0.09167612049309014,-0.13519429764019764,27.0,-0.45999999999999996,34.36598802781912,-0.10953181000542034
2021-09-22,0.06839960199678301,0.08253381053102826,0.07930441415365287,-0.14036046763381793,21.0,-0.2222222222222222,43.323407417948275,0.2606478062809705
2021-09-23,0.02985630902322461,0.042515982479507386,0.04163700548889679,-0.4848658724714562,27.0,0.2857142857142858,46.90087741762507,0.08257591479738258
2021-09-24,-0.04686219528987527,0.10122818664055155,0.09642609025418744,1.3809443116913345,33.0,0.22222222222222232,42.413632636958,-0.09567507108045681
2021-09-25,-0.002878952738409655,0.02960580101659982,0.029176011526914385,-0.7075340179536529,28.0,-0.1515151515151515,42.15338482037506,-0.006135947345292214
2021-09-26,0.011450682044497961,0.07517639032835355,0.07248473214569005,1.5392452744718015,27.0,-0.0357142857142857,43.64099784779061,0.03529047628688886
2021-09-27,-0.022771582829569807,0.050310060308484505,0.049085416110177735,-0.3307731311819909,26.0,-0.03703703703703709,41.37507029238626,-0.051921992327200184
2021-09-28,-0.028852332947741827,0.04503800446361339,0.04405325266324201,-0.10479128453722031,25.0,-0.038461538461538436,38.70290682576947,-0.0645839015555345
2021-09-29,0.012828924814572349,0.04201821687756735,0.04115942578638625,-0.06704976434925647,24.0,-0.040000000000000036,40.52740588375159,0.04714113764621208
2021-09-30,0.05218276011816411,0.06389302054616808,0.061934841265039474,0.5206028550030934,20.0,-0.16666666666666663,47.587686567240496,0.174210032187615
2021-10-01,0.09420841893127979,0.11809754185916121,0.11162861767056745,0.8483637312752466,27.0,0.3500000000000001,58.01642184764874,0.21914776768298339
2021-10-02,-0.008462113921141138,0.017203368203235092,0.017057065810084916,-0.8543291593338056,54.0,1.0,56.874207047275135,-0.019687784320326918
2021-10-03,0.010185835179136425,0.04184723895248821,0.0409953288913737,1.432502662160009,49.0,-0.09259259259259256,57.94833828808875,0.0188860873246246
2021-10-04,0.018763728593427256,0.05126524045584335,0.04999442966090229,0.2250567000142587,54.0,0.1020408163265305,59.95584665202707,0.03464307041831027
2021-10-05,0.047747610534684515,0.05638851429957392,0.0548560288898503,0.09993660028071916,59.0,0.09259259259259256,64.72688431224232,0.0795758533426354
2021-10-06,0.07201410137731079,0.10062300304286809,0.09587638588201346,0.7844591986994132,68.0,0.15254237288135597,70.7395129086305,0.09289229136046906
2021-10-07,-0.028498794333346032,0.03387464495581827,0.033313535618744776,-0.6633508846740863,76.0,0.11764705882352944,65.85131566536168,-0.06910136983248072
2021-10-08,0.0030037607441677503,0.041627989582761815,0.040784863830370936,0.22888342112680493,74.0,-0.02631578947368418,66.11372741709775,0.003984912815858888
2021-10-09,0.01836679291081593,0.03094438092155838,0.030475256849828426,-0.25664483844368813,72.0,-0.027027027027026973,67.7625327791726,0.024938926097342495
2021-10-10,-0.003583836316874845,0.03938221881489956,0.03862651628299239,0.27267754733017435,71.0,-0.01388888888888884,67.07167528704238,-0.01019527257609476
2021-10-11,0.04834896270757248,0.06003828886599316,0.05830502904329918,0.5245024448261595,71.0,0.0,71.40373577551634,0.06458852369400803
2021-10-12,-0.02543576350608531,0.05781981407192882,0.05621001087148433,-0.036950999703139864,78.0,0.09859154929577474,66.39800858945692,-0.07010455589882225
2021-10-13,0.023978814816483514,0.06101946200181918,0.05923020253790159,0.055338260443209775,70.0,-0.10256410256410253,68.62912781869306,0.033602200979118146
2021-10-14,-0.0013872457018979745,0.026715911537272596,0.026365272950109743,-0.5621739251572537,70.0,0.0,68.34319846186449,-0.0041662974004850195
2021-10-15,0.0718874583745788,0.10355506450124996,0.09853684533489877,2.8761568871335546,71.0,0.014285714285714235,74.48884086731749,0.08992324830805609
2021-10-16,-0.011458884632588321,0.03435457111627005,0.03377762941002893,-0.6682482765885838,78.0,0.09859154929577474,72.01579221528759,-0.0332002568872698
2021-10-17,0.010803865067540788,0.04193487645403726,0.04107944277348524,0.22064910407736815,79.0,0.012820512820512775,72.92809550651091,0.012668100470186294
2021-10-18,0.007646292349290159,0.04335582030539609,0.042442268660056265,0.033884536488768546,78.0,-0.012658227848101222,73.59038828286711,0.009081448949905369
2021-10-19,0.03541344366049976,0.04562589605090084,0.044615649711029694,0.052359192595468285,75.0,-0.038461538461538436,76.51816003487419,0.039784703142933475
2021-10-20,0.026577834542035658,0.05218801408691398,0.050871818961828845,0.14382441998930529,82.0,0.09333333333333327,78.50473703393106,0.02596216372886473
2021-10-21,-0.059027668390729156,0.07217198378800926,0.06968648241873918,0.38292259344864044,84.0,0.024390243902439046,65.46905036578734,-0.1660496826135407
2021-10-22,-0.02470225108270476,0.059748161250191334,0.05803129617025668,-0.17214190168736965,75.0,-0.1071428571428571,61.08566912751493,-0.06695348739261786
2021-10-23,0.011489604888576206,0.03204858578742309,0.03154574520255678,-0.4636054881551612,74.0,-0.013333333333333308,62.3403268175063,0.02053931319590352
2021-10-24,-0.007566491344887265,0.031226635201853536,0.0307490016361249,-0.02564701578476869,73.0,-0.013513513513513487,60.94404956286385,-0.02239765695694662
2021-10-25,0.03402727333400422,0.05004833269732889,0.0488361942503448,0.6027449763257919,72.0,-0.013698630136986356,64.81199491748323,0.06346715360011634
2021-10-26,-0.04337718610106227,0.05397240491877153,0.05256626848494648,0.07840565329466154,76.0,0.05555555555555558,57.08646988085215,-0.11919900084030743
2021-10-27,-0.03166384386368273,0.05543886920976537,0.053956670200561795,0.027170630865918755,73.0,-0.03947368421052633,52.36088390102636,-0.08277943950096722
2021-10-28,0.03593449158802419,0.06737540795160268,0.06520274544638241,0.21530992446243347,66.0,-0.09589041095890416,56.74630068423525,0.08375368130718153
2021-10-29,0.026144375505153635,0.043057285678480106,0.042156098459057136,-0.36093469431147407,70.0,0.06060606060606055,59.74149839058775,0.05278225488246835
2021-10-30,-0.0054647503804892625,0.02317457648735588,0.022910123912969753,-0.46177339973526343,73.0,0.04285714285714293,58.81520768262441,-0.015504979501975047
2021-10-31,-0.009250698649359285,0.038815977186594575,0.038081581114242105,0.6749379307005974,74.0,0.013698630136986356,57.209977020618865,-0.027292782347511313
2021-11-01,-0.005142950065019365,0.04562881205017644,0.04461843846676022,0.17551625277476535,74.0,0.0,56.29665019821618,-0.015964467562598728
2021-11-02,0.0357758773484733,0.058835644581208824,0.057169855878963234,0.2894406393159936,73.0,-0.013513513513513487,61.02954762410161,0.08407067577238192
2021-11-03,-0.004062805617150114,0.03812581939856985,0.03741699069137913,-0.35199453205707487,76.0,0.041095890410958846,60.219273708971755,-0.01327674784877253
2021-11-04,-0.02439903425460908,0.03821772761131359,0.03750551959878092,0.002410655408685791,73.0,-0.03947368421052633,55.51928403443318,-0.07804793025656087
2021-11-05,-0.005328129187967981,0.02788840938302095,0.02750660995703545,-0.27027557298395866,73.0,0.0,54.53313351783227,-0.01776230608430207
2021-11-06,0.006551908440948538,0.023716965824018832,0.023440087849158752,-0.14957624516017687,71.0,-0.0273972602739726,55.57865935898529,0.019172304500183035
2021-11-07,0.028827681539784322,0.030838731313089784,0.030372773123063822,0.30028147537567995,73.0,0.028169014084507005,60.01348659209202,0.07979370650993878
2021-11-08,0.06480556096155835,0.06835171827274422,0.06611701054809893,1.216424455948086,75.0,0.027397260273972712,68.09546761989377,0.13466941327262782
2021-11-09,-0.008845099182201409,0.03236225806481974,0.03184963072102771,-0.526533364740233,84.0,0.1200000000000001,66.07706757427906,-0.029640739922388692
2021-11-10,-0.02995816542044536,0.08830372287675448,0.08462026653251041,1.7286020246142035,75.0,-0.1071428571428571,59.74195330946706,-0.0958746278758591
2021-11-11,-0.0006967481072823624,0.021790537610455907,0.02155651736126475,-0.7532319487722057,77.0,0.026666666666666616,59.60101477529085,-0.0023591216284164496
2021-11-12,-0.012300437518712916,0.05016374137222912,0.04894609617543255,1.302088285704282,74.0,-0.038961038961038974,57.058404336810504,-0.04266052261134401
2021-11-13,0.00487596370827555,0.02546360688140692,0.025144809730326574,-0.49239019688623764,72.0,-0.027027027027026973,57.82365755245019,0.013411752826498091
2021-11-14,0.015351084638069591,0.029024897079196643,0.028611651971449926,0.13985804188605022,74.0,0.02777777777777768,60.24984935302985,0.04195846308025275
2021-11-15,-0.029592905846716044,0.04301346327910216,0.04211408416073452,0.48195058751583675,72.0,-0.027027027027026973,53.86283799834485,-0.10600875227522555
2021-11-16,-0.05492245425158357,0.07972130597844274,0.07670295781553255,0.85340356020983,71.0,-0.01388888888888884,44.76890654797616,-0.16883498509024242
2021-11-17,0.00343096492223367,0.03944600597665748,0.038687884664484654,-0.5052012069731523,52.0,-0.2676056338028169,45.3735245092945,0.013505310000600623
2021-11-18,-0.058423750403308876,0.07776561212289579,0.07489002038838642,0.9714445150394762,54.0,0.03846153846153855,37.95890404082984,-0.16341292744287061
2021-11-19,0.02046697304630566,0.04749887907360506,0.04640530271678611,-0.3892045882884472,34.0,-0.37037037037037035,41.49736426398323,0.09321818720970709
2021-11-20,0.02678245961804076,0.04158976363234723,0.0407481648819678,-0.12440536611613429,43.0,0.2647058823529411,45.94583774583888,0.10719894048106116
2021-11-21,-0.016326255638854346,0.02363564297635823,0.023360645893382485,-0.43169566470016785,49.0,0.13953488372093026,43.750497855420456,-0.04778103954840274
2021-11-22,-0.042454514477448545,0.0644132515703093,0.06242370984689525,1.725259119658359,50.0,0.020408163265306145,38.7193269266774,-0.11499688404390862
2021-11-23,0.022481248103212805,0.04031354613650473,0.039522154385023774,-0.3741420413701505,33.0,-0.33999999999999997,42.455366887834806,0.09649031266045327
2021-11-24,-0.02263871996463873,0.03285748756477447,0.03232922085713299,-0.18495169208095663,42.0,0.2727272727272727,39.82267246067983,-0.06201087448167475
2021-11-25,0.01751183816078035,0.038869887394356706,0.03813347558846774,0.18298416206441637,32.0,-0.23809523809523814,42.77136041595137,0.07404545634608062
2021-11-26,-0.06687380102128215,0.10479259668685548,0.0996576220467346,1.6959840563384216,47.0,0.46875,35.74302147529024,-0.1643234835719638
2021-11-27,0.02298046960742265,0.030947517009667136,0.030478298801845313,-0.7046784029777841,21.0,-0.5531914893617021,39.35056268787801,0.1009299455862096
2021-11-28,0.043435386277887976,0.07124565204521205,0.06882213215401899,1.3021443698684099,27.0,0.2857142857142858,45.75877068407834,0.1628492087147304
2021-11-29,0.009701684218223901,0.03663072696004854,0.03597576839478143,-0.4858531586348187,33.0,0.22222222222222232,47.13834419905776,0.030148832548498428
2021-11-30,-0.013955922421075117,0.05451782579537778,0.05308362529393396,0.48830859553614325,40.0,0.21212121212121215,45.35508121864953,-0.0378304119652102
2021-12-01,0.003928780734843055,0.04400470271673007,0.04306399396824235,-0.1928382675807122,34.0,-0.15000000000000002,45.971628328820984,0.013593782517975939
2021-12-02,-0.013227302108743101,0.02601481541116968,0.025682186616222673,-0.4088173807550993,32.0,-0.05882352941176472,44.172944880642014,-0.03912594601421415
2021-12-03,-0.05233158566534184,0.09496964311518474,0.09072663970168993,2.650598384580839,31.0,-0.03125,38.03605804037828,-0.13892863282821588
2021-12-04,-0.08560843085516442,0.2572632299377309,0.22893731893183614,1.7088996178042595,25.0,-0.19354838709677424,30.96174492811105,-0.18598964973597654
2021-12-05,0.003411696472447897,0.03992378414464359,0.03914742599153862,-0.8448134847941273,18.0,-0.28,31.486458781252292,0.016947166716848816
2021-12-06,0.024288526851428814,0.07716591574069454,0.07433343992174204,0.9328307021479467,16.0,-0.11111111111111116,35.308712252405996,0.1213935646973916
2021-12-07,0.002319467736866812,0.03505618953730427,0.03445571465173927,-0.5457037060882453,25.0,0.5625,35.68265943591408,0.010590790761070723
2021-12-08,-0.0038592862213869153,0.04932508913543021,0.04814718525081235,0.40702939442240305,28.0,0.1200000000000001,35.31713278307444,-0.01024381754661885
2021-12-09,-0.057721555808476536,0.07261258862571918,0.07009734404985597,0.47212280602979306,29.0,0.03571428571428581,30.44536429588566,-0.13794348813965873
2021-12-10,-0.009035819421615396,0.06361802106600667,0.06167632370502289,-0.12387063634482043,24.0,-0.1724137931034483,29.77575240840151,-0.021993886523297146
2021-12-11,0.04388024071672512,0.053594747746175786,0.0522078863796263,-0.15755399416513238,16.0,-0.33333333333333337,37.13444423456587,0.2471370572012157
2021-12-12,0.014796607838164322,0.04102577093877757,0.04020654527143977,-0.2345188164132196,27.0,0.6875,39.504849291687435,0.06383305596681366
2021-12-13,-0.06944137030817533,0.09391364311812977,0.08976176406339234,1.2891378021457864,28.0,0.03703703703703698,33.32427715460738,-0.1564509736879458
2021-12-14,-0.002674827620426481,0.04322938346379135,0.042321078457488844,-0.5396900596283435,21.0,-0.25,33.11700329116676,-0.006219905760565414
2021-12-15,0.04783877809998121,0.06003587371735053,0.05830275068088596,0.3887746922792963,28.0,0.33333333333333326,40.418512217568825,0.2204761361469436
2021-12-16,-0.025504064198459072,0.039884286602941854,0.039109444081321026,-0.33565909624772916,29.0,0.03571428571428581,38.00958174432609,-0.059599681954538575
2021-12-17,-0.031180093256039692,0.05231856826653081,0.05099589002045989,0.31175890864929756,23.0,-0.2068965517241379,35.315798274993504,-0.07087116841886065
2021-12-18,0.01389869565630835,0.03761941561701887,0.03692906588918747,-0.2809547955255356,24.0,0.04347826086956519,37.426254547012356,0.059759551676713096
2021-12-19,-0.0030305301841360094,0.03412064892384192,0.033551451023980085,-0.0930042807893624,29.0,0.20833333333333326,37.14016115030596,-0.007644189892072384
2021-12-20,0.003702680378992096,0.03997186939700814,0.03919366413073684,0.17148620139746695,25.0,-0.13793103448275867,37.766321082018145,0.01685937573555818
2021-12-21,0.042928792887466996,0.05572190316160275,0.05422480132277393,0.394027950210742,27.0,0.08000000000000007,44.794897360638096,0.1861069883761195
2021-12-22,-0.006315834406489169,0.022576557585915147,0.022325479076641033,-0.5948351311612707,45.0,0.6666666666666667,43.99319727069655,-0.01789712974420188
2021-12-23,0.043381939329586325,0.06795895343414893,0.06574930668533928,2.010155696922835,34.0,-0.24444444444444446,50.64932342476416,0.15129898636626704
2021-12-24,0.0007412156675569818,0.025725907422459393,0.02540056429678969,-0.6214493290072902,41.0,0.2058823529411764,50.7593941022457,0.002173191467109037
2021-12-25,-0.0077497271989944395,0.01870924032531307,0.018536375275908946,-0.27274711760101367,39.0,-0.04878048780487809,49.520124041002624,-0.024414595232299052
2021-12-26,0.007500204929835927,0.03170445345244999,0.031212243730607908,0.6945879630160485,37.0,-0.05128205128205132,50.77261174188396,0.025292499264425894
2021-12-27,-0.003333620966693561,0.028849003980858656,0.02844070554108243,-0.09006461744795269,40.0,0.08108108108108114,50.17546874005329,-0.011761124380727295
2021-12-28,-0.062151426511976506,0.06887488735823699,0.06660658811050066,1.3874268728284536,41.0,0.02499999999999991,40.84056316141385,-0.18604520920375023
2021-12-29,-0.024336011956341844,0.04151913370635407,0.04068035284764692,-0.39718037591260535,27.0,-0.3414634146341463,37.98694315482246,-0.06987220022684415
2021-12-30,0.01566773871313257,0.03950586187946503,0.0387454674337152,-0.04849021757361305,22.0,-0.18518518518518523,40.84047124517808,0.07511865534232554
2021-12-31,-0.018649172756865187,0.05789124688786984,0.05627753693143295,0.46538372114244253,28.0,0.2727272727272727,38.56888874278822,-0.055620869033387144
2022-01-01,0.02937373314776973,0.03324429705957499,0.03270365497475329,-0.4257457068774798,21.0,-0.25,43.8910977628523,0.13799228325081692
2022-01-02,-0.007189054400021723,0.021863758168147562,0.02162817386195005,-0.342330561871502,29.0,0.38095238095238093,42.90057014005924,-0.02256784799835665
2022-01-03,-0.018914636695763702,0.036538157851789155,0.03588646635190487,0.6711746247276069,29.0,0.0,40.353618254002576,-0.05936871882451733
2022-01-04,-0.012138934663861074,0.036152850713046414,0.035514672252746814,-0.010545335654459476,23.0,-0.2068965517241379,38.78665000444641,-0.038830923157695874
2022-01-05,-0.05206628845481275,0.09651859265110763,0.09214024509420761,1.6697367081007841,24.0,0.04347826086956519,33.0459924018345,-0.14800601758475684
2022-01-06,-0.009410297303589778,0.025868583484973895,0.025539652272875458,-0.7319834161021925,15.0,-0.375,32.14800974409983,-0.02717372342205171
2022-01-07,-0.037847988650375176,0.05054172634655618,0.04930596097724763,0.9537879364718214,18.0,0.19999999999999996,28.833406428502634,-0.10310446407045559
2022-01-08,0.004227048332596754,0.038273344011291455,0.03755908727431896,-0.2427376985729074,10.0,-0.4444444444444444,29.690726281715353,0.029733561150278476
2022-01-09,0.004247935206112907,0.032071796555259935,0.031568234944953956,-0.16203307069802764,23.0,1.2999999999999998,30.599374466503384,0.030603770893526727
2022-01-10,-0.002157811766201214,0.060379928311190545,0.05862726684090538,0.8826487692123981,23.0,0.0,30.3843405596751,-0.007027395513057977
2022-01-11,0.021633410637439378,0.038480772160633725,0.03775884915119864,-0.362689336722815,21.0,-0.08695652173913049,35.33853994717035,0.16305107487079273
2022-01-12,0.027993907251911834,0.03777138773268707,0.03707551745454522,-0.018434776334149694,22.0,0.04761904761904767,41.305701702024926,0.1688570541899932
2022-01-13,-0.03137582795207003,0.043145029150753356,0.04224021635280242,0.142267513603054,21.0,-0.045454545454545414,37.172130914889884,-0.10007264413407613
2022-01-14,0.011859664695822615,0.03249131197342647,0.031974631264066106,-0.24692803289346854,21.0,0.0,39.60826738655501,0.06553663757514894
2022-01-15,0.0018011556222094572,0.024740112235591027,0.024439031402931927,-0.23856222685544015,23.0,0.09523809523809534,39.9914360212651,0.009673955969105474
2022-01-16,-0.0014722123644015362,0.017469367005029435,0.017318531743850937,-0.2938848927331028,21.0,-0.08695652173913049,39.76929148725038,-0.005554802630658218
2022-01-17,-0.02022757169904886,0.035965901923513455,0.035334230094398185,1.0587982331104993,22.0,0.04761904761904767,36.7789470646489,-0.07519229814692963
2022-01-18,0.002956109256612036,0.027594259072910354,0.027220399504733712,-0.2327661035279075,24.0,0.09090909090909083,37.512064009868084,0.01993305963682257
2022-01-19,-0.01500991044287061,0.029954009145131577,0.02951414992923851,0.08551597873986116,24.0,0.0,35.28790332222911,-0.05929187706263972
2022-01-20,-0.02581674309560386,0.06737174689449721,0.06519931547848465,1.2491729426959575,24.0,0.0,31.859550802329565,-0.0971537608396219
2022-01-21,-0.10960468291543993,0.1472168668189886,0.13733889335188412,1.1851424908059345,19.0,-0.20833333333333337,22.51067501447419,-0.29344028878058714
2022-01-22,-0.039930188839646726,0.06811102134689984,0.06589168770731249,-0.5373422704978081,13.0,-0.3157894736842105,20.338765758658234,-0.09648352412441819
2022-01-23,0.034966573781181565,0.047386667553064754,0.046298173694078106,-0.3042731320718681,11.0,-0.15384615384615385,26.967367827937906,0.3259097502737043
2022-01-24,0.010352967106698903,0.12245219872729263,0.11551575507477425,1.58410656520988,13.0,0.18181818181818188,28.897024123932834,0.07155523328442248
2022-01-25,0.008142486826951165,0.04653904882060589,0.045488575939842256,-0.6199410928973945,12.0,-0.07692307692307687,30.4675424115019,0.05434878971735868
2022-01-26,-0.0027608244495656064,0.0673679786116288,0.06519578504072365,0.44755813276958456,23.0,0.9166666666666667,30.22312700446127,-0.008022156947859349
2022-01-27,0.007733837890785913,0.0426346789903318,0.041750854826641,-0.367137327422017,20.0,-0.13043478260869568,31.875901857615055,0.05468576606615927
2022-01-28,0.017247505090414967,0.04810041894083783,0.04697940090848187,0.12819939260585245,24.0,0.19999999999999996,35.58633842733983,0.11640255972360403
2022-01-29,0.00932135173920975,0.03127237024591656,0.03079335079115452,-0.34985243508209984,24.0,0.0,37.59114868603854,0.056336514159559536
2022-01-30,-0.005800446457155093,0.022133535558126027,0.02189214426188455,-0.29223351527004415,29.0,0.20833333333333326,36.82178631250643,-0.020466583236330993
2022-01-31,0.014804408066392667,0.052096414266793456,0.050784758658626354,1.3537321513763745,20.0,-0.31034482758620685,40.2009739513031,0.09177142059642374
2022-02-01,0.006737318502634114,0.026275845543418663,0.025936565918943028,-0.4956304399597222,26.0,0.30000000000000004,41.744580443546006,0.03839724117412513
2022-02-02,-0.04731073995912287,0.05435075524602939,0.052925179621975196,1.0684683640805872,28.0,0.07692307692307687,35.04101590977907,-0.16058526550129337
2022-02-03,0.005441215831991581,0.02141720837899963,0.021191082924807002,-0.6059446040436711,20.0,-0.2857142857142857,36.28197391394021,0.035414441389378215
2022-02-04,0.11062688345744714,0.11953956463000237,0.11291749777206803,4.5814727351308475,20.0,0.0,55.85860919846,0.5395691902252893
2022-02-05,-0.0014398234837348135,0.019715007577276955,0.019523183919512983,-0.8350754610969293,33.0,0.6499999999999999,55.6058437551872,-0.0045250937483021225
2022-02-06,0.02316687651757865,0.030449309270766056,0.029994929717106416,0.5444736275861846,37.0,0.1212121212121211,58.866422009304735,0.05863733078977629
2022-02-07,0.033111582709537346,0.0635646521814961,0.061626145706496514,1.087556457069573,45.0,0.21621621621621623,63.15112775428616,0.07278692332114489
2022-02-08,0.006324808965338507,0.058074209909364294,0.05645047266756483,-0.08637571486201079,48.0,0.06666666666666665,63.939182920542564,0.012478877167841462
2022-02-09,0.00498211368199733,0.034576205948151584,0.03399188001250083,-0.4046202952719591,54.0,0.125,64.58531557773604,0.010105425619786557
2022-02-10,-0.01760339378138894,0.05203265305681626,0.050724152861209355,0.504868785627935,50.0,-0.07407407407407407,60.48722347037386,-0.06345238187200064
2022-02-11,-0.026921126055171853,0.04027808463563187,0.03948806648391737,-0.22590753556904286,50.0,0.0,54.87842073798808,-0.0927270654956237
2022-02-12,-0.00386212183286643,0.0272379079131837,0.026873557393709405,-0.32375364519970795,44.0,-0.12,54.115034120898855,-0.013910506294157798
2022-02-13,-0.001112080209543203,0.01769002688314969,0.017535379504913382,-0.3505365045093145,44.0,0.0,53.88318224314794,-0.004284426343203029
2022-02-14,0.009185768314632001,0.02624205748496733,0.02590364239763826,0.48343796526186855,46.0,0.045454545454545414,55.582842748292805,0.03154343218771194
2022-02-15,0.045630604487240684,0.051215123042958055,0.049946755101115785,0.9516428188718229,46.0,0.0,63.06756352423806,0.13465883365915365
2022-02-16,-0.01385529504989858,0.025809280486058572,0.025481843003717527,-0.49606133984271894,51.0,0.10869565217391308,59.72418875957073,-0.0530125880538006
2022-02-17,-0.08108233071910446,0.09648850297447398,0.0921128036174376,2.738519678089991,52.0,0.019607843137254832,45.29040025484568,-0.2416740822186899
2022-02-18,-0.012586526423760572,0.03258357206843643,0.03206398404810729,-0.6623061705387179,30.0,-0.42307692307692313,43.6095836038197,-0.03711198491442225
2022-02-19,0.002275138191892225,0.017773003074889937,0.01761691003685129,-0.4545409865572544,25.0,-0.16666666666666663,44.01197992570894,0.009227245220795766
2022-02-20,-0.043054421746525254,0.05266150654717494,0.051321725203207255,1.9630055385280496,27.0,0.08000000000000007,38.52244504638872,-0.12472819647256073
2022-02-21,-0.03592381094835431,0.06614152684515862,0.0640460813263236,0.25597483212729744,25.0,-0.07407407407407407,34.775889943251975,-0.097256420214894
2022-02-22,0.03213453434150656,0.05127367918805015,0.050002456843779144,-0.2247883949204108,20.0,-0.19999999999999996,40.353522208848396,0.1603879088270097
2022-02-23,-0.026183634615420347,0.05162592342338801,0.050337464980349064,0.0068698841377459186,25.0,0.25,37.52904681541586,-0.06999328035888797
2022-02-24,0.027399579951549815,0.13086834981567885,0.12298578878114488,1.5349347989849567,23.0,-0.07999999999999996,42.098946708999044,0.12176967659370441
2022-02-25,0.022738450595305906,0.03985638708291406,0.039082614274718236,-0.6954467054941117,27.0,0.17391304347826098,45.73659219409999,0.08640704268079391
2022-02-26,-0.0027852723260769346,0.03366220054423508,0.03310803078066342,-0.15541264504966512,26.0,-0.03703703703703709,45.35693412076901,-0.00830096986062634
2022-02-27,-0.036334517924426976,0.06734729727661803,0.06517640884077323,1.0006801750265195,26.0,0.0,40.70203400735092,-0.10262819133726697
2022-02-28,0.13576425730332167,0.16637897654503853,0.15390405788574305,1.4704625615733922,20.0,-0.23076923076923073,58.65801736752418,0.44115690525270446
2022-03-01,0.026533380332524757,0.04286157829190662,0.041968452246610284,-0.7423858519750898,51.0,1.5499999999999998,61.32898442009807,0.045534560703591964
2022-03-02,-0.009753715935407227,0.03786826108189634,0.0371688605830935,-0.1164986780468873,52.0,0.019607843137254832,59.7870039776047,-0.025142768253440195
2022-03-03,-0.03409447865241336,0.05026459957413554,0.04904213201728231,0.3273543103928136,39.0,-0.25,54.71995334839491,-0.08475170676068378
2022-03-04,-0.0812852755652355,0.09467041301463008,0.09045332528037242,0.8834411060014546,33.0,-0.15384615384615385,45.39381640999434,-0.17043393438262366
2022-03-05,0.0066969062286334315,0.020354851217210257,0.02015046014552578,-0.7849924747443039,22.0,-0.33333333333333337,46.17769709075422,0.01726844629409241
2022-03-06,-0.025202937052357023,0.03738460396668142,0.036702741844391776,0.8366434403152165,22.0,0.0,43.66086500976352,-0.05450319612180543
2022-03-07,-0.0093603152707349,0.05823971034779474,0.05660687709999205,0.557852810202301,23.0,0.045454545454545414,42.745031781166254,-0.02097606697422194
2022-03-08,0.01758473821596099,0.03548860456282643,0.03487339702503623,-0.3906459295402348,21.0,-0.08695652173913049,45.08512984313224,0.05474549823582198
2022-03-09,0.08046083301385845,0.09713142714123668,0.09269898007977308,1.736975103354157,22.0,0.04761904761904767,54.67465624929546,0.2126982097984127
2022-03-10,-0.06254685680053026,0.08167769531204017,0.0785132574101162,-0.1591012536727745,28.0,0.2727272727272727,47.64726067504976,-0.12853113409992878
2022-03-11,-0.016425482290646415,0.045224567362772694,0.04423175932759059,-0.4463045609943146,22.0,-0.2142857142857143,46.038783258310325,-0.033758024993485125
2022-03-12,0.002806706804667275,0.01382583052255204,0.013731125645075046,-0.6942849577388552,22.0,0.0,46.369677356834906,0.007187290260648904
2022-03-13,-0.027475269974984843,0.03926000203967428,0.03850892339072846,1.8396125625607245,21.0,-0.045454545454545414,43.586471004639584,-0.06002212029161502
2022-03-14,0.04689129940953424,0.05471670494744707,0.053272204752272935,0.39370102151683506,23.0,0.09523809523809534,49.2410609462421,0.12973268565378038
2022-03-15,-0.00830247189817811,0.03874731912000451,0.03801548631295531,-0.29185576585396433,21.0,-0.08695652173913049,48.300025558049455,-0.01911078620381479
2022-03-16,0.044865467674200424,0.0626078546137574,0.060726126889333466,0.6157983580710271,24.0,0.1428571428571428,53.56055845969093,0.10891366703976368
2022-03-17,-0.004690916877794194,0.015362025496424181,0.015245224266148525,-0.7546310188841938,27.0,0.125,52.941750771992666,-0.011553421127301622
2022-03-18,0.020538517974936225,0.04697853551287179,0.04590843073543674,2.058095140110722,25.0,-0.07407407407407407,55.391238756846185,0.04626760447350664
2022-03-19,0.009274687432012266,0.017159637917602666,0.017014074185180618,-0.6347345073602593,28.0,0.1200000000000001,56.50868020684744,0.02017361364504855
2022-03-20,-0.022600322885966202,0.030152750947917806,0.029707093137088376,0.7571903960156741,31.0,0.1071428571428572,53.044809944143694,-0.0612980209416395
2022-03-21,-0.004125761887466681,0.01933624364723574,0.019151673949697207,-0.3587237303609606,30.0,-0.032258064516129004,52.42148069544602,-0.011750994100158674
2022-03-22,0.03070379130997368,0.05315060155913143,0.05178624434892627,1.7487552664723327,26.0,-0.1333333333333333,56.56679192363428,0.07907657649487887
2022-03-23,0.012531246090632069,0.024261233608957378,0.023971605028299318,-0.5435379300088237,31.0,0.1923076923076923,58.20232536996516,0.028913314520980338
2022-03-24,0.024593725965785046,0.0329000142440532,0.032370393820801285,0.3560734286778533,40.0,0.29032258064516125,61.33716721563289,0.05386110994261828
2022-03-25,0.008782716407665668,0.02958858266326647,0.0291592881389038,-0.10065137225237775,47.0,0.17500000000000004,62.438783704988765,0.01796001575167483
2022-03-26,0.0034237154855725296,0.012899495744331135,0.012817005876875284,-0.5640380652519205,51.0,0.0851063829787233,62.88545068489335,0.0071536784254959684
2022-03-27,0.050813175792382204,0.05378936804118384,0.05239258958024678,3.169881451747626,49.0,-0.039215686274509776,68.94993609182978,0.0964370190701882
2022-03-28,0.0065464127633699815,0.029912759401815148,0.02947409904444168,-0.4438908562950128,60.0,0.22448979591836737,69.65774954480081,0.010265614344128426
2022-03-29,0.00714059973919024,0.019572038210897702,0.019382968870426325,-0.345695997216825,56.0,-0.06666666666666665,70.4543456157118,0.011435857117357173
2022-03-30,-0.0085279952347302,0.019444089302024015,0.019257468235767107,-0.00653733185552674,55.0,-0.017857142857142905,68.15459071924742,-0.0326417749872836
2022-03-31,-0.03291800954258311,0.046738556647869745,0.04567919358878357,1.4037411020841453,52.0,-0.054545454545454564,60.1587801631799,-0.11731873776493007
2022-04-01,0.016183454010017757,0.04984110428562727,0.04863882346622192,0.06638090391049611,50.0,-0.038461538461538436,62.47039251874213,0.03842518663596595
2022-04-02,-0.008957035540670266,0.027210598206209857,0.02684697146868465,-0.45405306330548934,52.0,0.040000000000000036,60.374916964299565,-0.033543499087409945
2022-04-03,0.012664841243046981,0.03680078915757479,0.036139807762935745,0.3524432237280366,48.0,-0.07692307692307687,62.30391311230879,0.03195029070019029
2022-04-04,0.0036337857461326666,0.034381460556222265,0.03380362541874348,-0.06574121524930798,52.0,0.08333333333333326,62.86703395756603,0.00903829016713864
2022-04-05,-0.02314486060589607,0.0342812293971142,0.03370672111465052,-0.0029152676322218296,53.0,0.019230769230769162,57.07532969767458,-0.09212625274799391
2022-04-06,-0.05294570510057487,0.05441507835478987,0.052986185076213416,0.5873140873813161,48.0,-0.09433962264150941,46.84043552207464,-0.17932255897274196
2022-04-07,0.0068529242315328075,0.02239615544031648,0.022149044305734302,-0.5884200461075866,34.0,-0.29166666666666663,48.10781869299531,0.027057459154567143
2022-04-08,-0.028353972258937266,0.04076805073691614,0.03995895091267607,0.8203146895260185,37.0,0.08823529411764697,43.53263109371735,-0.09510278627420132
2022-04-09,0.011625235289932529,0.014308106751114602,0.014206711826825012,-0.6490362798200118,30.0,-0.18918918918918914,45.78998968571168,0.051854402899164986
2022-04-10,-0.013518646577317169,0.032249713198200025,0.031740607942609605,1.2539469238785048,34.0,0.1333333333333333,43.60884992898007,-0.04763354985887258
2022-04-11,-0.06574699455484899,0.07750302767904338,0.07464635290276314,1.4032160287046866,32.0,-0.05882352941176472,35.17325872807794,-0.19343759843793307
2022-04-12,0.015198991801760951,0.03120868214052952,0.03073159206097507,-0.597323058529128,20.0,-0.375,38.08024692890807,0.0826476791162245
2022-04-13,0.02557641749549052,0.04324325972562937,0.04233437962573902,0.38561633365066084,25.0,0.25,42.822510627211855,0.12453342824055502
2022-04-14,-0.030364373354540806,0.04422978650794107,0.0432795672606519,0.02281342314550372,28.0,0.1200000000000001,39.01163252304789,-0.0889924025552653
2022-04-15,0.015355179227128868,0.018834970995724065,0.018659789207122798,-0.5741564117126722,22.0,-0.2142857142857143,41.81061590650334,0.0717474046183999
2022-04-16,-0.0031855728397045674,0.013854184525125879,0.013759092584991866,-0.26444354343465304,28.0,0.2727272727272727,41.383703756435665,-0.010210616151226537
2022-04-17,-0.017657522881942136,0.02397300824444648,0.02369016713362517,0.7303803194600993,28.0,0.0,39.02946294444739,-0.05688811291140572
2022-04-18,0.027546268364385663,0.05918228184802987,0.057497178198184895,1.468704855250691,24.0,-0.1428571428571429,44.37245472377783,0.1368963694667127
2022-04-19,0.016435294339235306,0.025956760530736922,0.025625602128280536,-0.5614099402691246,27.0,0.125,47.400004024767085,0.06823037670185261
2022-04-20,-0.003097867846210707,0.028446579600442057,0.0280494886554187,0.09592179527783506,27.0,0.0,46.87864376782716,-0.010999160604870606
2022-04-21,-0.020684439708319406,0.07063114132331805,0.0682483262837118,1.4829396825697962,27.0,0.0,43.48034622954724,-0.0724913791258649
2022-04-22,-0.019611085251918917,0.03719507306045555,0.03652002444013689,-0.473389890583914,26.0,-0.03703703703703709,40.53960014270385,-0.06763391605297275
2022-04-23,-0.006401619327578674,0.014831602900250651,0.014722690256758113,-0.6012481847758737,24.0,-0.07692307692307687,39.61001821405644,-0.02293021947367946
2022-04-24,-0.00044170158334548267,0.015608755503153882,0.015488191826540548,0.05239842302480313,24.0,0.0,39.5428732443782,-0.0016951511942100428
2022-04-25,0.024749050076096804,0.05616760701504142,0.05464689145382307,2.5984679882833888,23.0,-0.04166666666666663,45.21532895661418,0.14345077246106364
2022-04-26,-0.05959955698854747,0.07467090977254753,0.07201448426799459,0.3294301420487973,27.0,0.17391304347826098,36.48885937510201,-0.19299803369528834
2022-04-27,0.029052734994520196,0.036860645571973105,0.03619753793374615,-0.5063586919691612,21.0,-0.2222222222222222,42.25051762406312,0.15790184586840095
2022-04-28,0.013483906721524785,0.034103607541936976,0.03353497178402141,-0.07479624915013527,24.0,0.1428571428571428,44.80687010420864,0.06050464287541857
2022-04-29,-0.02970235366082905,0.04319893440094846,0.0422918907182463,0.26669691315873334,23.0,-0.04166666666666663,40.57985479542197,-0.09433855341727226
2022-04-30,-0.023452178557919624,0.028470242438014326,0.028072496720032477,-0.340950353687677,20.0,-0.13043478260869568,37.639738878181056,-0.07245259826737005
2022-05-01,0.019800580200401846,0.02772511469074601,0.027347733114957844,-0.02617216024382696,22.0,0.10000000000000009,41.487318208410436,0.10222120144568114
2022-05-02,0.0015645616058173508,0.024069520315148862,0.023784415245593528,-0.13185137072912811,28.0,0.2727272727272727,41.79617909982001,0.007444706111347621
2022-05-03,-0.02042224184090012,0.027786556922792638,0.027407516022458143,0.15442919339378558,27.0,-0.0357142857142857,38.934287451480834,-0.06847256639187616
2022-05-04,0.050312677532991644,0.05753438073372408,0.05594014274194087,1.0705833001759935,21.0,-0.2222222222222222,48.442447460892126,0.24421045386435236
2022-05-05,-0.08194136472907673,0.10968064120145526,0.10407226329827972,0.9063495566080784,27.0,0.2857142857142858,38.17809867477883,-0.2118874938017895
2022-05-06,-0.014713780107637159,0.032191598192135906,0.03168430699013512,-0.7064969912693327,22.0,-0.18518518518518523,36.74396027482701,-0.03756442698125351
2022-05-07,-0.015067299056939674,0.03403186928435131,0.033465596969442506,0.05716619228507169,23.0,0.045454545454545414,35.30310992923679,-0.03921325667710718
2022-05-08,-0.04148559878699712,0.04793465709444744,0.046821233854284,0.4085226025620923,18.0,-0.21739130434782605,31.717780479673333,-0.10155845920515383
2022-05-09,-0.1170549632581505,0.1295549779397165,0.1218237303227742,1.7027413106231153,11.0,-0.38888888888888884,24.67882949841912,-0.22192444978188808
2022-05-10,0.023678692386482958,0.08854644603589978,0.08484327054410248,-0.31653381873831565,10.0,-0.09090909090909094,27.999158516152363,0.1345415923371056
2022-05-11,-0.06962706368652095,0.13641930405154112,0.12788235787538949,0.5406525067785559,12.0,0.19999999999999996,24.637417134558696,-0.12006580053662397
2022-05-12,0.0038423156405122537,0.1397298185347151,0.13079123303182363,0.024267199618048352,12.0,0.0,25.154088758785715,0.020971014185666714
2022-05-13,0.008069582993285078,0.07443708172460672,0.0717968795224084,-0.4672784770981919,10.0,-0.16666666666666663,26.303657784588204,0.04570108012364282
2022-05-14,0.027556540350855446,0.05190737001978096,0.05060505912677849,-0.3026678529416085,9.0,-0.09999999999999998,30.310840627884744,0.1523431788883911
2022-05-15,0.03921422960887751,0.06029757637200661,0.05854960115242284,0.1616380554250445,10.0,0.11111111111111116,35.83900759254368,0.1823825024362158
2022-05-16,-0.047163938825930986,0.07019913580621973,0.06784473938793843,0.16421156586999985,14.0,0.3999999999999999,32.51170080074708,-0.09284037185473992
2022-05-17,0.018675310971867837,0.038017449807612236,0.03731259559238631,-0.45843421901151316,8.0,-0.4285714285714286,35.046602004906056,0.07796888940675561
2022-05-18,-0.05768962303395388,0.0661012314431928,0.06400828506526095,0.7387076665504624,12.0,0.5,31.22040215489512,-0.10917463123743976
2022-05-19,0.054017472510896065,0.05997420910355378,0.058244576793588125,-0.09269150068565013,13.0,0.08333333333333326,38.029974391072514,0.2181128930496401
2022-05-20,-0.03742660999960213,0.06499259343471309,0.06296784461580948,0.08367570671076918,13.0,0.0,35.393690528088634,-0.06932121057653784
2022-05-21,0.007896156156526583,0.019342921348677544,0.0191582249573854,-0.7023826819880936,13.0,0.0,36.38096176020845,0.027893989504607086
2022-05-22,0.02984011653578575,0.039305568509591104,0.03855276754033792,1.0320388942841037,14.0,0.07692307692307687,40.17271137938125,0.1042234574271208
2022-05-23,-0.04122961033666706,0.05573750292120505,0.05423957760457943,0.4180561440703834,10.0,-0.2857142857142857,36.917221094019176,-0.08103735529867573
2022-05-24,0.01894978176706928,0.03431339489538243,0.03373782000458583,-0.3843750958149208,12.0,0.19999999999999996,39.32391154921485,0.06519153890446994
2022-05-25,-0.0031485281301596416,0.026300400648876066,0.02596049205128927,-0.233523796492217,11.0,-0.08333333333333337,39.05519085555313,-0.006833518922078952
2022-05-26,-0.010033699544872113,0.05563155904425243,0.054139221983243474,1.115236181644625,12.0,0.09090909090909083,38.1659931667344,-0.022767720995333307
2022-05-27,-0.022097889022563728,0.036020193024641545,0.035386634983864275,-0.3525223156879518,12.0,0.0,36.24018057509425,-0.05045886224490281
2022-05-28,0.006522241153916333,0.009117070127109939,0.009075760535051828,-0.7468900258010023,13.0,0.08333333333333326,37.23895653689997,0.027559905771885607
2022-05-29,0.02166399017895866,0.02277659918328112,0.02252108500155601,1.4982366994802505,14.0,0.07692307692307687,40.61385494474062,0.09062816796427886
2022-05-30,0.07459222816391974,0.0902981578411175,0.08645119813977552,2.964514505194425,10.0,-0.2857142857142857,50.89086155607969,0.2530418898999369
2022-05-31,0.0020756074770069063,0.03080305029599817,0.030338158945747984,-0.6588739899855197,16.0,0.6000000000000001,51.15400611181019,0.005170762445051658
2022-06-01,-0.06474693067083527,0.08323949459023416,0.07995608354352943,1.7023133680059073,17.0,0.0625,43.55442171181959,-0.14856283950429527
2022-06-02,0.02218263391098452,0.03210598474462012,0.03160136018220148,-0.6142938529039692,13.0,-0.23529411764705888,46.428590079806305,0.06599027733633611
2022-06-03,-0.02536528971019155,0.04280225337796262,0.04191156396666873,0.3331549777533247,10.0,-0.23076923076923073,43.69320061868108,-0.0589160570334647
2022-06-04,0.00431741536890466,0.01459520366885525,0.014489718826894843,-0.6590085213511256,14.0,0.3999999999999999,44.288540676056904,0.013625462290379309
2022-06-05,0.002468985857085947,0.01837041555217045,0.018203717909968855,0.25866113066795604,10.0,-0.2857142857142857,44.65017809821522,0.008165485171513609
2022-06-06,0.04779217112896654,0.060182385476273526,0.05844095509311654,2.2760492164894455,13.0,0.30000000000000004,51.39523764707941,0.15106456090785025
2022-06-07,-0.006883334658869973,0.07430484137951066,0.07167379322354568,0.23466095256069242,15.0,0.15384615384615374,50.422570785666224,-0.018925233269516006
2022-06-08,-0.030672946983430784,0.043723932404680976,0.04279502192942612,-0.4115601138105959,17.0,0.1333333333333333,46.29602060437227,-0.08183934529706716
2022-06-09,-0.0033934595457949636,0.01962157594583247,0.019431554482504162,-0.5512394501887979,11.0,-0.3529411764705882,45.85645847321642,-0.009494598572784008
2022-06-10,-0.03474221923780006,0.04374545176857758,0.042815639586442335,1.2294565884688233,13.0,0.18181818181818188,41.58520278004037,-0.09314403762058476
2022-06-11,-0.02517319741030233,0.04128397563495634,0.04045454362800222,-0.056268161239777736,12.0,-0.07692307692307687,38.845282007727945,-0.06588691623808796
2022-06-12,-0.05800108151881945,0.06501737350242398,0.06299111217614643,0.5748815975797614,14.0,0.16666666666666674,33.57864817161046,-0.13557975547892098
2022-06-13,-0.17405255177667042,0.2102108231910098,0.19079457847381873,2.2331484935049355,11.0,-0.2142857142857143,24.14705001022727,-0.28088081786917396
2022-06-14,-0.012556416941057361,0.09871370067864471,0.09414013254650798,-0.5304061932674718,8.0,-0.2727272727272727,23.676991636525447,-0.01946649273939205
2022-06-15,0.01634917508386348,0.12212552712240599,0.11522467884833666,0.2371689672538646,7.0,-0.125,25.708721276902008,0.0858102951408024
2022-06-16,-0.10211240133010355,0.12848093775166736,0.1208724254639061,0.05203998524314546,7.0,0.0,21.943102309434753,-0.1464724334947951
2022-06-17,0.004397810882562394,0.045103293130952515,0.04411572563330915,-0.6489495335243443,9.0,0.2857142857142858,22.444640130467604,0.02285628595083411
2022-06-18,-0.07366571122488891,0.17095727661808469,0.157821599422322,2.790350210609429,6.0,-0.33333333333333337,20.184289097167813,-0.10070783136466799
2022-06-19,0.07765301952407,0.14483023511893878,0.13525635974200356,-0.15282789955477138,6.0,0.0,28.38788296515212,0.4064346199408828
2022-06-20,0.002248480532576946,0.062173892988243606,0.060317650459189485,-0.5707119239488592,9.0,0.5,28.625902844942033,0.008384559006463954
2022-06-21,0.005376928208097346,0.05905279037230482,0.05737491464246856,-0.05019956875676024,9.0,0.0,29.23395065313824,0.021241174871927004
2022-06-22,-0.03556200532463169,0.049761587433292176,0.04856307880016035,-0.15733723809552824,11.0,0.22222222222222232,27.585118682804747,-0.05640127090234692
2022-06-23,0.053519949652552336,0.05943045447336415,0.05773145662218823,0.1943038302994966,11.0,0.0,33.70073468114963,0.22169982549892264
2022-06-24,0.006889809613761697,0.03346917857216036,0.03292127731681903,-0.4368345510943257,11.0,0.0,34.49115010811081,0.02345395239716508
2022-06-25,0.01266838104662478,0.026536566315143784,0.026190579165960508,-0.20713422177570617,14.0,0.2727272727272727,36.016475444260244,0.04422367277891226
2022-06-26,-0.02234031636729734,0.03651718859923436,0.03586623606467071,0.37610827887686726,14.0,0.0,34.498309982179414,-0.04215197193379927
2022-06-27,-0.013975180844796839,0.041604381019748615,0.0407621985114681,0.13930953109081656,12.0,-0.1428571428571429,33.56240352247983,-0.02712905241395991
2022-06-28,-0.022179692795419582,0.0462514212401246,0.045213701234125596,0.11169593457405713,10.0,-0.16666666666666663,32.100612939684844,-0.04355440699638491
2022-06-29,-0.00874651225988825,0.021384777984725822,0.021159332031188322,-0.5376406300316272,13.0,0.30000000000000004,31.52643308542102,-0.017886881329732707
2022-06-30,-0.016009711756282033,0.07536197607737738,0.07265732683396312,2.524094387662337,11.0,-0.15384615384615385,30.465462847853658,-0.03365335477986542
2022-07-01,-0.02639361166796203,0.08173359947465308,0.07856493890291423,0.08454692576974998,11.0,0.0,28.781831562236466,-0.05526360436489497
2022-07-02,-0.0014079558563739067,0.01811449675041721,0.01795238405372039,-0.7783714792099079,14.0,0.2727272727272727,28.692000748024274,-0.00312109443132369
2022-07-03,0.0028449039765122944,0.031176247253266176,0.0307001382942182,0.7210661539657806,11.0,-0.2142857142857143,29.173370592505115,0.016777144567514668
2022-07-04,0.04727542718300751,0.06272241910844856,0.06083393554026985,1.0118655910992445,14.0,0.2727272727272727,36.980508388905676,0.2676117856058182
2022-07-05,-0.002035878126304793,0.06691581729488005,0.06477207257626061,0.06685644855599415,19.0,0.3571428571428572,36.78816041519614,-0.005201333948325115
2022-07-06,0.017582449257883936,0.03894454166739747,0.03820533404900081,-0.4180069340589636,18.0,-0.052631578947368474,39.72671197948122,0.07987764354401516
2022-07-07,0.05165639338861742,0.07270917245218622,0.07018738539310304,0.8669926346329273,18.0,0.0,47.69213725732953,0.2005055259031363
2022-07-08,0.0043132227124235666,0.049746706486033965,0.048548903150269794,-0.3158125060665825,20.0,0.11111111111111116,48.32359538814137,0.013240298445941434
2022-07-09,-0.0064127411638449485,0.02010549774004966,0.01990605110466468,-0.5958426364226919,24.0,0.19999999999999996,47.408213763119726,-0.0189427466575941
2022-07-10,-0.03447747972502637,0.04168243847909503,0.040837135345563484,1.073186101534041,24.0,0.0,42.80792417787754,-0.09703570795196026
2022-07-11,-0.04359596339476734,0.04676717740882497,0.0457065360130162,0.12198755915588011,22.0,-0.08333333333333337,37.98117358199941,-0.11275367092834931
2022-07-12,-0.03291562138901987,0.03806162431438165,0.03735515129975479,-0.18614664336788866,16.0,-0.2727272727272727,34.90162060640253,-0.08108103792391452
2022-07-13,0.044936759944821686,0.06437382246831191,0.06238666612140222,0.6913051827897991,15.0,-0.0625,41.8728590013245,0.19973967608951448
2022-07-14,0.017549651263241726,0.055900366038746485,0.05439383049070008,-0.13162891536752375,18.0,0.19999999999999996,44.45382974781427,0.061638273766024154
2022-07-15,0.012868197042892807,0.03634084133083304,0.035696087153090195,-0.34989976084156693,15.0,-0.16666666666666663,46.36325645227378,0.04295303048784893
2022-07-16,0.016846296291970084,0.0485165352519914,0.0473763416236517,0.3350416081541845,21.0,0.3999999999999999,48.87793918042894,0.05423869936193482
2022-07-17,-0.01958489970974724,0.039582915821773756,0.03881959023517556,-0.1841355608725369,24.0,0.1428571428571428,46.171469188591395,-0.055372015212155956
2022-07-18,0.07891967823012867,0.08907366579203924,0.08532748701838747,1.2503058186289961,20.0,-0.16666666666666663,56.853911154410426,0.2313645667671016
2022-07-19,0.03940528200341783,0.09147809240649174,0.08753282571755844,0.026993686552276186,30.0,0.5,61.24115703125928,0.07716700201914795
2022-07-20,-0.006765243636369361,0.05158069360960882,0.05029445464230632,-0.4361415694983557,31.0,0.03333333333333344,60.09287742881245,-0.01875012913065488
2022-07-21,-0.0028926217700481673,0.04267163720092082,0.04178630114002521,-0.1727207562604074,34.0,0.09677419354838701,59.580951958863835,-0.008518904267066474
2022-07-22,-0.019601945764881813,0.047272134354000794,0.046188816314180405,0.1078115923093923,33.0,-0.02941176470588236,56.130342454754555,-0.057914642023371266
2022-07-23,-0.011044710597189035,0.04428054172521567,0.04332817148979883,-0.06328448397066999,31.0,-0.06060606060606055,54.252795713992825,-0.03344976457742399
2022-07-24,0.006375470790258249,0.029908409888993237,0.02946987584983939,-0.3245699188914436,30.0,-0.032258064516129004,55.18254840135323,0.017137415226706976
2022-07-25,-0.056755659782032404,0.06027057661490032,0.05852413650789375,1.0151715466852966,30.0,0.0,46.37106227174308,-0.15967885472636256
2022-07-26,-0.0057250438268413185,0.028122917201320208,0.027734729147123566,-0.5333889472965893,26.0,-0.1333333333333333,45.604436147647334,-0.016532425321705402
2022-07-27,0.07659542154936112,0.09091833497045343,0.08701985067664363,2.2328913220348756,28.0,0.07692307692307687,56.373749422057834,0.23614617752413714
2022-07-28,0.03905783089201425,0.06109448331585554,0.05930090686010176,-0.3280290126770362,32.0,0.1428571428571428,60.87937906846015,0.07992425007372961
2022-07-29,-0.001647644691440151,0.0346496000244878,0.03406281869512807,-0.43285222913906907,39.0,0.21875,60.58974953306211,-0.004757432480911872
2022-07-30,-0.006254683466181995,0.04207170912151015,0.041210759697929346,0.21420475537313388,42.0,0.07692307692307687,59.438286342504135,-0.01900425731137334
2022-07-31,-0.013589886059606543,0.03634431357806722,0.03569943763516989,-0.13613413058407609,39.0,-0.0714285714285714,56.931639251946535,-0.04217226378488481
2022-08-01,-0.0009730647082914476,0.025075153019328944,0.024765929921447803,-0.31006667754316597,33.0,-0.15384615384615385,56.748439114592614,-0.0032178967576040884
2022-08-02,-0.01452024708261338,0.0310415862722051,0.03056954008188264,0.23794204758299942,31.0,-0.06060606060606055,53.97862660022379,-0.04880861143644355
2022-08-03,-0.005744061707541017,0.03652279080118537,0.035871640882722156,0.17657617368247003,34.0,0.09677419354838701,52.88995752263668,-0.020168521249160465
2022-08-04,-0.009479525568520927,0.03167829138639244,0.031186885307771053,-0.13264318822634147,30.0,-0.11764705882352944,51.07312883276546,-0.034351108886665704
2022-08-05,0.028675899088160428,0.03585016888455872,0.03522250874933692,0.1316951551231178,31.0,0.03333333333333344,56.040127086016646,0.09725267213440536
2022-08-06,-0.014185359813054537,0.015908660767639082,0.015783444295716414,-0.5562458626382869,31.0,0.0,53.14509684796895,-0.05165995133458712
2022-08-07,0.009303252730044901,0.020286618006651214,0.020083585869359644,0.27519332412428077,30.0,-0.032258064516129004,54.79060348236172,0.030962529602684308
2022-08-08,0.02697154534457858,0.04431818871313209,0.04336422148578116,1.1846021204028112,30.0,0.0,59.33155085696187,0.08287821425551511
2022-08-09,-0.02747099349637511,0.03988404988142902,0.03910921643912772,-0.10005234781603733,42.0,0.3999999999999999,53.4448877029894,-0.09921640457644876
2022-08-10,0.03325679505388167,0.059543436677085504,0.05783809522146525,0.49291350437334525,31.0,-0.26190476190476186,58.79090110505054,0.10002852717683064
2022-08-11,0.00041276206736784357,0.03856043525905606,0.03783555740154709,-0.35239822537996823,41.0,0.32258064516129026,58.855121616000424,0.0010923545947210123
2022-08-12,0.018415982056898608,0.03192679970807055,0.03142773402824751,-0.17203217511471358,42.0,0.024390243902439046,61.74663256947103,0.049129300459800795
2022-08-13,0.0008704221288590054,0.021109550411942513,0.020889830597943023,-0.3388140808047736,46.0,0.09523809523809534,61.8842947387193,0.0022294684506620754
2022-08-14,-0.0042973830773317305,0.031754360414100624,0.031260615872881835,0.5042651214464482,47.0,0.021739130434782705,60.72438798378285,-0.018743152197721158
2022-08-15,-0.00752687118445491,0.05435514520973972,0.052929343278660924,0.7117379944331408,45.0,-0.04255319148936165,58.66265448612373,-0.03395231415440081
2022-08-16,-0.010565706274135412,0.020853056465544473,0.020638607635403792,-0.616355427161882,44.0,-0.022222222222222254,55.82326114631791,-0.04840206030017713
2022-08-17,-0.023181944883864696,0.050066143740519875,0.04885315622398123,1.400901940837508,41.0,-0.06818181818181823,50.18023510522548,-0.10108735901869903
2022-08-18,-0.005295957030778942,0.016663953244191454,0.016526633007509384,-0.6671612391288513,30.0,-0.2682926829268293,48.979364677272784,-0.023931143914222908
2022-08-19,-0.10602664190168617,0.1123428031277931,0.1064684245151066,5.741665766912325,33.0,0.10000000000000009,32.91056251724831,-0.3280728989831234
2022-08-20,0.013724431302661714,0.023689051964078667,0.023412820311895136,-0.7891360077856371,29.0,-0.12121212121212122,35.71657891625848,0.08526187899521753
2022-08-21,0.017239723512555944,0.026803921243791162,0.02645098890489871,0.13148982426294586,27.0,-0.06896551724137934,39.209723376936154,0.0978017650813574
2022-08-22,-0.006298802571622582,0.02828569195275521,0.02789303888289336,0.0552818632574994,29.0,0.07407407407407418,38.38452707511516,-0.021045705777827273
2022-08-23,0.0060185938546632,0.03297828107682799,0.03244616482143525,0.16589974648351102,28.0,-0.03448275862068961,39.69042896288524,0.034021570337822604
2022-08-24,-0.00620033327852915,0.02774570181304692,0.02736776465433685,-0.1586674348366116,25.0,-0.1071428571428571,38.778672280313494,-0.02297170139996063
2022-08-25,0.009577016652955654,0.019997494873175592,0.01980017128647313,-0.2792579186527504,25.0,0.0,41.0355974413199,0.058200165923477654
2022-08-26,-0.06408571655966329,0.0794785602779311,0.0764781099861788,2.974425835935216,27.0,0.08000000000000007,32.605120398286346,-0.20544301944400767
2022-08-27,-0.010832449813926528,0.02263650599944156,0.02238410222413696,-0.7151872666001593,28.0,0.03703703703703698,31.471623854493103,-0.034764372281011924
2022-08-28,-0.0214299343072556,0.02662207136754602,0.02627387039429752,0.1760680454926562,28.0,0.0,29.333753491994443,-0.0679300938643318
2022-08-29,0.034134991629983055,0.038604460400083696,0.03787794704632323,0.45009228872945495,24.0,-0.1428571428571429,36.751129206011676,0.25286145927562687
2022-08-30,-0.02500132778356697,0.04715163887094609,0.04607375317869841,0.22140390986643244,27.0,0.125,33.929276231464,-0.07678275567342518
2022-08-31,0.012696624168793951,0.03138491520397868,0.030902476974129955,-0.33438336491592346,23.0,-0.14814814814814814,36.57622379515261,0.07801367602513087
2022-09-01,0.0038518173635346637,0.027700353141143497,0.02732363927162347,-0.11739914028405884,20.0,-0.13043478260869568,37.40235152149758,0.02258646849307766
2022-09-02,-0.007849479691159277,0.029614417121070602,0.02918437984458623,0.06909890174230804,25.0,0.25,36.364894612004015,-0.027737745550497572
2022-09-03,-0.006918477935497839,0.017192008612711307,0.017045898275343776,-0.41947165320099356,21.0,-0.16000000000000003,35.43871247962729,-0.025469127361941846
2022-09-04,0.007766470822269511,0.018479219816889714,0.018310553744026913,0.07487264770369406,20.0,-0.04761904761904767,37.36798100748936,0.05443957731170834
2022-09-05,-0.008761151996171085,0.01820324444532684,0.01803954893292407,-0.014934362721884975,23.0,0.1499999999999999,36.05956029001785,-0.03501448786353423
2022-09-06,-0.0504480646723607,0.0720790035995349,0.06959975732071702,2.959678936138174,22.0,-0.04347826086956519,29.78120881988056,-0.17411059424025443
2022-09-07,0.02374515374913594,0.04198055576768711,0.041123282665402994,-0.4175758033375756,24.0,0.09090909090909083,35.405902533199956,0.18886720640985555
2022-09-08,0.00204607030353663,0.01785615193915846,0.01769860356546868,-0.5746566091699402,20.0,-0.16666666666666663,35.888629108702695,0.0136340706200071
2022-09-09,0.10086009766789074,0.11021963418811742,0.10455786438876938,5.172642043127236,22.0,0.10000000000000009,54.78272322583538,0.5264646375849176
2022-09-10,0.01390523841339878,0.027944658918772625,0.027561331847283255,-0.7464638752921456,28.0,0.2727272727272727,56.78449583206805,0.036540217213748116
2022-09-11,0.004083651963045384,0.016985488427565754,0.016842847965176055,-0.3921740652860406,26.0,-0.0714285714285714,57.38652194162407,0.010601945138976276
2022-09-12,0.027242163871664303,0.03866363444456056,0.03793491999520713,1.2762745157103246,25.0,-0.038461538461538436,61.31900109175898,0.0685261803134749
2022-09-13,-0.09728219892342403,0.1301496959673336,0.1223500982576779,2.366204389138691,34.0,0.3600000000000001,45.664924299800155,-0.2552891683368056
2022-09-14,-0.0027439686753737906,0.034041893114802324,0.033475290850418456,-0.7384404714756574,27.0,-0.20588235294117652,45.330680338722324,-0.007319490094485848
2022-09-15,-0.02703458624126178,0.03470188207528779,0.03411334858457736,0.019387551634092004,28.0,0.03703703703703698,42.108687631024225,-0.07107752814699786
2022-09-16,0.0036162281734326176,0.024255200351077866,0.023965714660246114,-0.30104078221305786,20.0,-0.2857142857142857,42.68864431581497,0.013772851100765537
2022-09-17,0.017794492715736767,0.019492208103998543,0.01930466814293898,-0.19636994038961475,22.0,0.10000000000000009,45.60735841762344,0.06837214319141927
2022-09-18,-0.03581280604750071,0.03815564077838518,0.03744571644979807,0.9574817062700098,27.0,0.2272727272727273,41.11015751238754,-0.09860691478895445
2022-09-19,0.006396912022913548,0.0679249855801547,0.06571749985035481,0.7802082259521002,21.0,-0.2222222222222222,42.19062647572133,0.02628228712108971
2022-09-20,-0.03400047754708742,0.04193817402750222,0.04108260762411201,-0.38258103893134887,23.0,0.09523809523809534,38.23051414674319,-0.09386237322778301
2022-09-21,-0.018344813515223775,0.07568576307409969,0.07295837733440015,0.8046985790193553,23.0,0.0,36.30187030577182,-0.05044776101018422
2022-09-22,0.045641677549128984,0.05654547357808526,0.0550045988685629,-0.2528915441768783,22.0,-0.04347826086956519,43.97878079977868,0.21147424166699946
2022-09-23,-0.00598857629671097,0.0455011006393391,0.044496292625680584,-0.19531842674364852,20.0,-0.09090909090909094,43.227945676233716,-0.017072667997852897
2022-09-24,-0.018864440709329067,0.023763294434041793,0.02348534211698259,-0.47774242600416017,24.0,0.19999999999999996,40.88899079996072,-0.0541074723696372
2022-09-25,-0.007149858037088313,0.023440986516504614,0.023170465948346878,-0.01356326743464753,24.0,0.0,40.016658825233975,-0.021334152730607014
2022-09-26,0.022121968157295297,0.02956997268107897,0.0291412128118342,0.2614645147404093,21.0,-0.125,44.025645426655714,0.10018294178257903
2022-09-27,-0.005850034170169328,0.07521738654566912,0.07252286117839227,1.543708354313046,20.0,-0.04761904761904767,43.19675042359734,-0.018827549148354272
2022-09-28,0.016409099157190264,0.06117763773453344,0.059379270438358916,-0.18665563184133338,20.0,0.0,46.26880170478148,0.07111764776421592
2022-09-29,0.007504185755091534,0.03513526149392687,0.034532105612219435,-0.4256845671879582,22.0,0.10000000000000009,47.679137550175184,0.030481356625407408
2022-09-30,-0.007243323491751529,0.04381824487564345,0.04288537935746096,0.2471301767091567,21.0,-0.045454545454545414,46.412630061009956,-0.026563137553241578
2022-10-01,-0.006178716506548767,0.01248355475967955,0.012406277653988815,-0.7151060067533973,20.0,-0.04761904761904767,45.314270295600274,-0.02366510503640662
2022-10-02,-0.013973887936277964,0.021068761956965165,0.0208498845709622,0.6877213552196568,24.0,0.19999999999999996,42.86817239219859,-0.05398074133037922
2022-10-03,0.0299741763073446,0.03302543621154319,0.03249181346604203,0.5675072070680092,24.0,0.0,49.24780281989451,0.14881974368603879
2022-10-04,0.035702295702777984,0.043869644142987774,0.04293461973254295,0.32835926411334637,20.0,-0.16666666666666663,55.791524024398356,0.1328733634764392
2022-10-05,-0.00869820607502516,0.027368584888408876,0.027000761289792875,-0.3761384341481253,25.0,0.25,53.94201067418966,-0.03315043606623613
2022-10-06,-0.010234041758595132,0.02554283630774634,0.02522206880149325,-0.06670964494900766,26.0,0.040000000000000036,51.78722775128662,-0.039946284833873746
2022-10-07,-0.020687828067475794,0.03326973894749652,0.032728277975109944,0.30250762079256055,23.0,-0.11538461538461542,47.702516753624614,-0.07887487272497462
2022-10-08,-0.0066873874171619555,0.01566271644419248,0.015541322037638881,-0.5292203383708525,24.0,0.04347826086956519,46.444608804278396,-0.026369844506173523
2022-10-09,0.0015365479891413887,0.009988976282099049,0.009939416221424547,-0.362244964486807,22.0,-0.08333333333333337,46.79090562731876,0.007456125306161798
2022-10-10,-0.01580535214708789,0.02159287782858632,0.02136305412671695,1.1616707477103816,22.0,0.0,43.68407730346098,-0.06639812335762663
2022-10-11,-0.004716403712704758,0.01671584325508113,0.01657767119623367,-0.22586311154174155,24.0,0.09090909090909083,42.7805662859066,-0.020682845405614048
2022-10-12,0.005549896374470987,0.009114220367853143,0.009072936518527835,-0.454755573573431,20.0,-0.16666666666666663,44.24258406708336,0.03417481132451483
2022-10-13,0.011700026522297709,0.061873190849776494,0.06003450971079075,5.788643279683036,20.0,0.0,47.32471002088402,0.0696642390762563
2022-10-14,-0.010228526229371489,0.040477204202393535,0.03967945810833148,-0.3458038344802812,24.0,0.19999999999999996,44.98201118278296,-0.04950265595007852
2022-10-15,-0.006170546675591737,0.010162914711410842,0.010111619539914704,-0.7489225130126482,24.0,0.0,43.59153452576321,-0.0309118383206477
2022-10-16,0.010458171486817167,0.016817394638934946,0.016677547984127634,0.6547806526460864,24.0,0.0,46.61031365791117,0.06925149951681142
2022-10-17,0.014563494131467007,0.02412041381936403,0.023834111324436087,0.43425389825374205,20.0,-0.16666666666666663,50.62305378416665,0.08609124915370314
2022-10-18,-0.011127327349328565,0.027277664979072913,0.026912259525169235,0.13089539770558267,22.0,0.10000000000000009,47.66992329189034,-0.058335684466351956
2022-10-19,-0.010130621895940859,0.011539738696849877,0.011473663751481459,-0.5769528401458475,23.0,0.045454545454545414,45.116720790510946,-0.05356002957558248
2022-10-20,-0.004492679159130498,0.018118808609190573,0.017956619186071894,0.5701229538357444,23.0,0.0,43.99943321173208,-0.02476437913044993
2022-10-21,0.00621191065339352,0.024847626149794744,0.024543944124928427,0.3713719641141884,23.0,0.0,45.9926673256369,0.04530135886780795
2022-10-22,0.0018613913940529582,0.00605387522230405,0.006035624142499202,-0.7563600166145426,20.0,-0.13043478260869568,46.60839476959487,0.013387513265940676
2022-10-23,0.01850815095417208,0.027319059245644484,0.02695255382340218,3.5126564791084505,23.0,0.1499999999999999,52.47031686053335,0.1257696627381497
2022-10-24,-0.011381303255268389,0.019930975697905584,0.019734954121995822,-0.2704369678804658,22.0,-0.04347826086956519,48.90209465084641,-0.06800458665365627
2022-10-25,0.038050125599863024,0.05643214804994723,0.054897332679762115,1.8313791008172928,20.0,-0.09090909090909094,59.060854194665545,0.20773669545959428
2022-10-26,0.033017194358947406,0.042937464952720994,0.042041217320593446,-0.23913112584837803,33.0,0.6499999999999999,65.66949477947465,0.11189544538294194
2022-10-27,-0.023607984321621485,0.02955620089615496,0.02912783647278229,-0.31164541435551263,32.0,-0.030303030303030276,58.378851176587304,-0.11102024809799627
2022-10-28,0.015142492579417856,0.031808719254746265,0.0313133003206642,0.07621136310804877,30.0,-0.0625,61.331668481630395,0.050580257157018416
2022-10-29,0.010775490653264773,0.02051445198688695,0.02030686484008557,-0.3550682810397676,34.0,0.1333333333333333,63.35023932453877,0.03291237451844253
2022-10-30,-0.008822978719624204,0.017984846631289297,0.017825032586588335,-0.12330845382633682,34.0,0.0,60.55988253888135,-0.04404650740721949
2022-10-31,-0.006799218852899474,0.0250332645658653,0.0247250652987672,0.39190870398157607,31.0,-0.08823529411764708,58.440256840333696,-0.03500049223488477
2022-11-01,-0.0005124320157945651,0.014118150184747158,0.014019417301058336,-0.4360244087381916,30.0,-0.032258064516129004,58.27531449700279,-0.0028224096239266583
2022-11-02,-0.01603042401585493,0.03264157824898217,0.0321201582434991,1.3120293963331817,30.0,0.0,53.25335859618678,-0.08617638436038466
2022-11-03,0.002501116490787244,0.01472926069278424,0.014621838679070541,-0.5487577046540779,30.0,0.0,53.91613700196027,0.01244575784973967
2022-11-04,0.04533199824767065,0.05060134868820132,0.049362713268292974,2.4354303140951643,30.0,0.0,64.09414408057644,0.1887747832943989
2022-11-05,0.006385182519711849,0.016554080919726877,0.01641855574011813,-0.6728529703480655,38.0,0.2666666666666666,65.28743811657937,0.018617832457560546
2022-11-06,-0.01687848726805324,0.020324170970442257,0.020120391480697324,0.22774384570167872,40.0,0.05263157894736836,59.67152906545178,-0.08601821748771388
2022-11-07,-0.015587859865227252,0.027490199569797147,0.02711912921118007,0.352586514341793,33.0,-0.17500000000000004,55.038707386667845,-0.07763872907802216
2022-11-08,-0.10542864681146098,0.17388898165597189,0.160322152757235,5.325489970142659,31.0,-0.06060606060606055,35.91335232023407,-0.34748917579170036
2022-11-09,-0.15488954817014716,0.1854124617498254,0.17009078301233177,0.0662691792436394,29.0,-0.06451612903225812,24.21763760580071,-0.3256648003824425
2022-11-10,0.1020374090112842,0.1402230228317627,0.13122387733550597,-0.24372384947370052,22.0,-0.24137931034482762,38.13129983675216,0.5745259904136477
2022-11-11,-0.03191845360130116,0.06694243142155099,0.06479701718229368,-0.5226002829658905,25.0,0.13636363636363646,35.836612319014556,-0.060178581049207036
2022-11-12,-0.013898139747380939,0.024916285554667628,0.024610936625388123,-0.627795330621256,21.0,-0.16000000000000003,34.8748022369307,-0.026838755670371528
2022-11-13,-0.026896704984698754,0.03677129400867507,0.03611135912674784,0.47579356995234856,22.0,0.04761904761904767,33.0627150598483,-0.0519597835930804
2022-11-14,0.016064732404599078,0.07789248261277981,0.0750077296766454,1.11829593471482,24.0,0.09090909090909083,35.21615421352979,0.06513195149834039
2022-11-15,0.01590431717951544,0.030794048397444707,0.0303294260089785,-0.6046595593758578,22.0,-0.08333333333333337,37.39798438338314,0.061955378677184036
2022-11-16,-0.012825680370738035,0.03226902016436339,0.03175931154248684,0.0478979492362257,23.0,0.045454545454545414,36.33364490964293,-0.028459808497409922
2022-11-17,0.0010839194206494296,0.016144885955763355,0.01601594327643401,-0.49967845712299885,20.0,-0.13043478260869568,36.497165973123785,0.0045005411344640756
2022-11-18,0.0006146278457023498,0.02308821245782222,0.022825712438498815,0.43006352111024104,23.0,0.1499999999999999,36.59669376279429,0.002727000494882059
2022-11-19,0.0008242927596795972,0.013727288264449244,0.013633922511635723,-0.40544170366041143,23.0,0.0,36.73999399037513,0.003915660483148065
2022-11-20,-0.02543603029442077,0.030653969090421507,0.03019352221121065,1.2330680684989157,24.0,0.04347826086956519,34.202458333439516,-0.06906739444759791
2022-11-21,-0.03145906258707414,0.04437301607970845,0.04341672074126052,0.44754553476645076,21.0,-0.125,31.39527913462456,-0.08207536345626931
2022-11-22,0.02517471508039186,0.03809519057232036,0.03738748629266183,-0.14147844933756726,22.0,0.04761904761904767,35.9139306674257,0.14392773873501596
2022-11-23,0.025667956985737504,0.028922441789294373,0.02851208160047702,-0.24078495592802795,22.0,0.0,40.339735376308894,0.12323364852116958
2022-11-24,-0.00037586363225689277,0.016344129801435736,0.01621200224134446,-0.4348979964933145,20.0,-0.09090909090909094,40.29529406997049,-0.001101675703220062
2022-11-25,-0.004988374895103048,0.013113668999243488,0.013028429237233607,-0.1976526643779145,20.0,0.0,39.67229107679006,-0.015460936756004795
2022-11-26,-0.0034899891216231276,0.015267499802798623,0.015152124375187466,0.16424318805662907,22.0,0.10000000000000009,39.217383875974654,-0.01146662288635869
2022-11-27,-0.0011944668045808346,0.009574777408615676,0.009529229735819477,-0.37286539824545717,26.0,0.18181818181818188,39.05271782258388,-0.004198802600181906
2022-11-28,-0.013918848240971523,0.026684263757084326,0.026334448193618975,1.7869330657309082,28.0,0.07692307692307687,37.11194485164764,-0.04969623317263472
2022-11-29,0.01394046411034608,0.023722158910691515,0.023445160612114154,-0.11100568010261891,26.0,-0.0714285714285714,40.31141509654573,0.0862113332429153
2022-11-30,0.043059766583943886,0.04532923899571539,0.044331897035323156,0.9108395305153116,29.0,0.11538461538461542,49.1639614824739,0.21960395993855197
2022-12-01,-0.011802068595367332,0.018303070885310246,0.01813758588897167,-0.596219321329434,27.0,-0.06896551724137934,47.07101496897701,-0.04257074593639065
2022-12-02,0.007136986045805121,0.0124884929945408,0.012411154990312286,-0.31768318700203113,27.0,0.0,48.49558085989938,0.03026418469755221
2022-12-03,-0.010614234867796273,0.013494699960493683,0.013404457454205302,0.08057072750032646,27.0,0.0,46.49480703887578,-0.041256827643815774
2022-12-04,0.01305884246336571,0.015045939360760263,0.014933871923478212,0.11495175178461925,26.0,-0.03703703703703709,49.271212395280074,0.05971431076341194
2022-12-05,-0.009128269217154126,0.026929977488044265,0.026573747013424104,0.7898501942841478,26.0,0.0,47.41543017407759,-0.03766463480367399
2022-12-06,0.006733035250819497,0.008969427803219965,0.008929441411164125,-0.6669351911934572,25.0,-0.038461538461538436,48.9412056906492,0.03217888166299421
2022-12-07,-0.014224977832437721,0.021421277228861113,0.021195066450563106,1.3882546020573372,29.0,0.15999999999999992,45.92094445976027,-0.06171203157477556
2022-12-08,0.022614200081039638,0.0285388647112208,0.028139217156994505,0.33226718492630725,25.0,-0.13793103448275867,51.10830616423137,0.11296287054846399
2022-12-09,-0.005838370505888547,0.010508897819779373,0.010454063186234675,-0.6317688903845035,26.0,0.040000000000000036,49.76982327144272,-0.02618914601645328
2022-12-10,-0.00025846420531521353,0.005615580569463763,0.005599871978033335,-0.4656356293716768,27.0,0.03846153846153855,49.70794814709453,-0.0012432257195434948
2022-12-11,-0.00143319679738864,0.008999302023583011,0.008959049620571605,0.602559506049855,26.0,-0.03703703703703709,49.34194145810779,-0.007363142165990433
2022-12-12,0.0059599279123048595,0.01853142852519918,0.018361813867152327,1.0592073114822536,27.0,0.03846153846153855,50.96260914889438,0.03284564090698705
2022-12-13,0.03286478873072886,0.04782220473100618,0.04671391953209566,1.5806000150488764,27.0,0.0,58.92044945117463,0.1561505667621983
2022-12-14,0.0019289306421712124,0.03263999164999665,0.032118621795386014,-0.317472043926196,30.0,0.11111111111111116,59.344766670549845,0.007201527200277447
2022-12-15,-0.02562838102102438,0.030258425651295662,0.02980966946230996,-0.07296466323395123,31.0,0.03333333333333344,51.781728269528074,-0.1274423816173662
2022-12-16,-0.04218980898149945,0.055522508919941815,0.05403591344118831,0.8349437462409532,29.0,-0.06451612903225812,42.499319026681306,-0.1792603212185402
2022-12-17,0.008827572352892032,0.011229097020437395,0.011166518739783237,-0.7977559508950021,28.0,-0.03448275862068961,44.696081823137575,0.05168936460080986
2022-12-18,-0.002212331171359141,0.007040823535631846,0.0070161526720420204,-0.37298399659231085,26.0,-0.0714285714285714,44.238426472951325,-0.010239272247558384
2022-12-19,-0.01917645189485355,0.024965679456245393,0.024659128572466462,2.5458464950726767,29.0,0.11538461538461542,40.41641706556798,-0.08639569062702168
2022-12-20,0.027988705082472278,0.035617355608110746,0.03499772774294845,0.4266527642691791,29.0,0.0,47.56809617230313,0.17694985419249076
2022-12-21,-0.005264509420176635,0.009601904738148148,0.009556099429565408,-0.7304150020626008,26.0,-0.10344827586206895,46.42646035684997,-0.02400003168758058
2022-12-22,0.0007612154110786702,0.016529585195978136,0.01639445862679399,0.7214902299859809,28.0,0.07692307692307687,46.62548266348919,0.004286829215698562
2022-12-23,-0.0019858084288219657,0.006595018376480466,0.006573366387495403,-0.6010173093705267,27.0,-0.0357142857142857,46.14418144066865,-0.010322707569468736
2022-12-24,0.0030199561547248985,0.004238286560833249,0.004229330321502189,-0.3573503030790528,29.0,0.07407407407407418,47.03998817945136,0.019413211174512224
2022-12-25,-0.0003425096739709631,0.006284642527005779,0.006264976514058842,0.48282624046313094,29.0,0.0,46.94448794768778,-0.0020301925119381448
2022-12-26,0.004609855984671537,0.0064092041608594386,0.006388752551052913,0.019820003018215404,28.0,-0.03448275862068961,48.46423793290878,0.03237334246598911
2022-12-27,-0.012048246868378581,0.019094583440571578,0.01891456979626213,1.9792440623409786,27.0,-0.0357142857142857,44.86080149943662,-0.07435248313324472
2022-12-28,-0.009895050300250239,0.016403233954270346,0.016270154232000168,-0.1409483215319971,28.0,0.03703703703703698,42.121070475365244,-0.06107182512344955
2022-12-29,0.00540864482551941,0.008666485417357261,0.008629147006059419,-0.4716599518413217,28.0,0.0,44.12524803267874,0.04758135381401685
2022-12-30,-0.002391695878759684,0.014319010791274955,0.014217461993838129,0.6522281065167201,28.0,0.0,43.408368730429345,-0.01624646510130623
2022-12-31,-0.003323665649558149,0.006748398066919847,0.006725729555629977,-0.52871059563473,25.0,-0.1071428571428571,42.38086414668837,-0.023670656460782813
2023-01-01,0.00467760631157723,0.0066099829859112,0.0065882328411559915,-0.020510805621729356,26.0,0.040000000000000036,44.37770932882143,0.047116669806958056
2023-01-02,0.003805700684704715,0.0112908915176122,0.011227625178823872,0.7081574251670675,27.0,0.03846153846153855,46.0236670223592,0.0370897398363188
2023-01-03,-0.0005162548994983624,0.008306647174235904,0.008272336852146567,-0.2643054659343149,26.0,-0.03703703703703709,45.82523908607059,-0.00431143255473776
2023-01-04,0.010934153962035356,0.017808163798593624,0.017651456164787017,1.14384497439928,29.0,0.11538461538461542,50.698828050808686,0.10635163202497089
2023-01-05,-0.0015728177184386805,0.005582888633620664,0.005567362072773779,-0.6864983556551987,29.0,0.0,49.9987926967104,-0.013807722604489592
2023-01-06,0.006820792235553174,0.01648512269465563,0.016350718164753034,1.9527944719120347,26.0,-0.10344827586206895,53.035305040954476,0.06073171331682681
2023-01-07,0.00018340582830352,0.0035961619692044255,0.003589711239370492,-0.781854097429904,25.0,-0.038461538461538436,53.118038927479766,0.0015599775745873679
2023-01-08,0.00799308234902105,0.009873153428795023,0.00982473230144081,1.7454696182606169,25.0,0.0,56.71175983486404,0.0676553762139196
2023-01-09,0.006148589187306557,0.017313968586368356,0.01716578976268267,0.7536411959194533,25.0,0.0,59.31373206445423,0.04588064692696414
2023-01-10,0.014418133870887372,0.018745595281270955,0.01857206191330223,0.0826862245799469,26.0,0.040000000000000036,64.72379080816177,0.09121089763545154
2023-01-11,0.02762115049773119,0.034427416395959254,0.03384805276073386,0.8365603161376409,26.0,0.0,72.44396370297764,0.11927875049374204
2023-01-12,0.05080318049018759,0.05750892381910799,0.05591607050232051,0.6704397204159014,30.0,0.15384615384615374,81.00709847510682,0.1182035649959503
2023-01-13,0.053649212803668606,0.06458420558197475,0.06258430563479397,0.12302928472669339,31.0,0.03333333333333344,86.1603833875533,0.06361522643636053
2023-01-14,0.052192440560842025,0.058635951937876296,0.05698124164276492,-0.09210074801568191,46.0,0.4838709677419355,89.35177118632879,0.037040083543042
2023-01-15,-0.0045631527773636734,0.018768475535024587,0.018594520902991983,-0.6799152241118309,52.0,0.13043478260869557,87.40844958370363,-0.021749111146019406
2023-01-16,0.013737719952276949,0.03114195855319135,0.030666885714687606,0.6592694753005444,45.0,-0.13461538461538458,88.24141358187165,0.009529559237523966
2023-01-17,-0.00038332437933474676,0.021933228060790233,0.021696155068633014,-0.2957017130657452,51.0,0.1333333333333333,88.06518182055432,-0.0019971547844009896
2023-01-18,-0.02259283115330066,0.049799420400976624,0.04859911773167735,1.270501189471624,52.0,0.019607843137254832,78.25789631744816,-0.11136393862321137
2023-01-19,0.019055334102897954,0.02309026179513296,0.022827715526046188,-0.5363347282114124,45.0,-0.13461538461538458,80.25191549162325,0.025480101919510778
2023-01-20,0.0726845526110478,0.08476598821372439,0.08136428466465655,2.671070902781693,51.0,0.1333333333333333,85.83860126005892,0.06961436040761937
2023-01-21,0.004447222994453112,0.034227050199899134,0.03365433631371754,-0.5962171748225138,53.0,0.03921568627450989,86.10768598294605,0.003134775251892874
2023-01-22,-0.002514790230431855,0.029874622740642343,0.029437069337873135,-0.1271633819986514,53.0,0.0,85.12176876751586,-0.011449816635711874
2023-01-23,0.00937544219856928,0.02084291030505714,0.020628668682050745,-0.30232055192778007,50.0,-0.05660377358490565,85.77780971033522,0.007707087767538479
2023-01-24,-0.013077079200906103,0.025910164411683922,0.025580183862120496,0.2431164377940691,52.0,0.040000000000000036,80.45852671330138,-0.062012343460349784
2023-01-25,0.021043184701323544,0.058735113966626784,0.057074906877375674,1.2668753865622246,51.0,-0.019230769230769273,82.36160771496625,0.023652943689189687
2023-01-26,-0.003687148593844675,0.014215869012242477,0.0141157710836662,-0.7579664352005869,54.0,0.05882352941176472,80.86270603611439,-0.018199033754163763
2023-01-27,0.001993046474165044,0.03368530733970898,0.033130384831336325,1.3695566771682928,55.0,0.0185185185185186,81.06315297418453,0.0024788551842505058
2023-01-28,-0.002066314313093378,0.011220590708982625,0.011158106850472537,-0.6668995596262366,52.0,-0.054545454545454564,80.12615012379723,-0.01155892432022354
2023-01-29,0.03177133538504421,0.0406707614895403,0.039865468224763057,2.6246542222577807,55.0,0.05769230769230771,83.35902258582709,0.04034728309091329
2023-01-30,-0.040096914665951826,0.04995085633758434,0.04874335958609966,0.22817607805132178,61.0,0.10909090909090913,68.31722030950543,-0.18044600104127306
2023-01-31,0.013012288539514132,0.020181930788949254,0.01998097490987624,-0.5959642683089732,51.0,-0.16393442622950816,70.17280067885036,0.027161239303039375
2023-02-01,0.024945734590003956,0.038762075051086864,0.03802969171787334,0.9206326419626456,56.0,0.0980392156862746,73.44527516972987,0.04663451450165379
2023-02-02,-0.010674749877368259,0.02976808852188695,0.02933362011508527,-0.2320305741461519,60.0,0.0714285714285714,69.88655978294338,-0.04845397309169852
2023-02-03,-0.000961136247671562,0.01710262911435434,0.016958025558425693,-0.42547103413174636,60.0,0.0,69.5616353547838,-0.004649312101908332
2023-02-04,-0.0050223137428644544,0.011384021616383633,0.011319711255763388,-0.3343700819174664,58.0,-0.033333333333333326,67.79323824450864,-0.025422017485009385
2023-02-05,-0.016254488231275857,0.02546545394131039,0.025146610923686943,1.2369470824494107,58.0,0.0,62.328898022325404,-0.08060302714077627
2023-02-06,-0.008555376421285297,0.018828372474257726,0.018653312650053145,-0.2606307934800214,56.0,-0.03448275862068961,59.63778159055029,-0.04317606306485944
2023-02-07,0.02191019571493288,0.024376450708441855,0.02408408670379319,0.2946658422956896,54.0,-0.0357142857142857,63.95840295352384,0.07244772102083274
2023-02-08,-0.014063722484005989,0.028017183233115528,0.027631882100586667,0.14935449660900968,58.0,0.07407407407407418,59.535715925281814,-0.0691494287538077
2023-02-09,-0.05007294792111713,0.05614330468166595,0.054623881267924806,1.0038882643743476,55.0,-0.051724137931034475,47.37096827415685,-0.20432688953286282
2023-02-10,-0.0077228177249046275,0.018653867201345875,0.01848201763708034,-0.667745471929132,48.0,-0.12727272727272732,45.85910025829546,-0.031915497422631
2023-02-11,0.010095720621826006,0.012626295935383558,0.012547248945883334,-0.32312716719283974,49.0,0.02083333333333326,48.18976310242211,0.05082225405643581
2023-02-12,-0.0037871607629455096,0.01744080677321702,0.017290461480915193,0.38130825243382915,50.0,0.020408163265306145,47.36348351773206,-0.017146371583813158
2023-02-13,0.0009128497942385424,0.020425180647395402,0.02021938421290675,0.17111443942841764,48.0,-0.040000000000000036,47.596388789189525,0.004917401638548702
2023-02-14,0.018747466050136215,0.03054428823381028,0.030087097847299987,0.4954231622771599,50.0,0.04166666666666674,52.309695872375116,0.09902656909668983
2023-02-15,0.08977000786319626,0.100760561870477,0.09600136076597318,2.2988348295817373,53.0,0.06000000000000005,67.98934107689234,0.2997464417069511
2023-02-16,-0.028558101481565734,0.06489110175256019,0.06287254205777867,-0.3559870990400522,62.0,0.16981132075471694,60.91663317518302,-0.10402671638941852
2023-02-17,0.03910624942610064,0.06237161176822292,0.06050377853233028,-0.038826432535303046,61.0,-0.016129032258064502,66.13881486428656,0.08572669592696758
2023-02-18,0.0030758236488141917,0.013505715725026679,0.01341532648456944,-0.783463737072968,60.0,-0.016393442622950838,66.52571905477053,0.005849880909990279
2023-02-19,-0.01280971909443967,0.031462650230780875,0.030977843693553653,1.3295803696267066,60.0,0.0,63.29766402676725,-0.048523414310571056
2023-02-20,0.02040504474431612,0.045660018822814896,0.04464828300299078,0.4512451585576951,58.0,-0.033333333333333326,66.12794406080305,0.044713814918018624
2023-02-21,-0.015946381537723795,0.03828406501516546,0.0375694130219506,-0.16154075267187373,60.0,0.034482758620689724,62.0893748952796,-0.06107205089893741
2023-02-22,-0.010180396881003117,0.03501989238132075,0.03442064622473382,-0.08526191334571376,59.0,-0.01666666666666672,59.61858767693328,-0.03979404241890927
2023-02-23,-0.010027916762018151,0.03706309149227116,0.03639276779424974,0.058343957448602435,56.0,-0.05084745762711862,57.227131138530126,-0.04011259963691527
2023-02-24,-0.03179206740644356,0.047665030988687906,0.04656390788808864,0.2860511379259225,53.0,-0.0535714285714286,50.45929140573551,-0.11826278197332052
2023-02-25,-0.000981248083164121,0.015250593800079537,0.015135472464748707,-0.6800464935457845,52.0,-0.018867924528301883,50.26492421845816,-0.0038519603003235314
2023-02-26,0.016511545833869257,0.024698537226245598,0.024398459308361497,0.6195131514234407,51.0,-0.019230769230769273,53.53373963672077,0.06503173871417545
2023-02-27,-0.001628652491694882,0.0280968336249654,0.02770935873003101,0.13759099851098244,50.0,-0.019607843137254943,53.15983272752528,-0.0069845094277518616
2023-02-28,-0.016092730875103014,0.022001129508672168,0.02176259697529743,-0.21695341893888365,53.0,0.06000000000000005,49.51236019870108,-0.0686133183962333
2023-03-01,0.021336804939163678,0.034302856596147846,0.03372763126201255,0.5591407060545104,50.0,-0.05660377358490565,54.02808653096043,0.0912040208573579
2023-03-02,-0.007261350209481709,0.021256903885080947,0.021034127399414754,-0.3803168017363294,51.0,0.020000000000000018,52.301537780696464,-0.03195650375799597
2023-03-03,-0.04856242572977136,0.056997964860833195,0.05543278149441465,1.6813860178780287,50.0,-0.019607843137254943,42.73543934798948,-0.18290281392524677
2023-03-04,-0.0004173035221196778,0.009288591695247872,0.00924571801366487,-0.8370364324774229,50.0,0.0,42.66497818735824,-0.0016487758569061484
2023-03-05,0.00366895467532336,0.013741920000574392,0.013648356009383314,0.47944063550612137,47.0,-0.06000000000000005,43.54770141916693,0.020689644512000394
2023-03-06,-0.0002565841781915384,0.011328420284261398,0.011264734254599552,-0.1756304589323845,48.0,0.02127659574468077,43.4971796410992,-0.0011601479853421415
2023-03-07,-0.009406138966041635,0.023449643941143128,0.023178925046756674,1.0699835769442432,49.0,0.02083333333333326,41.60096973160008,-0.04359385884659628
2023-03-08,-0.022837315061132093,0.025835838914170184,0.025507732888729276,0.1017582603393139,50.0,0.020408163265306145,37.40545846810326,-0.1008512852119865
2023-03-09,-0.06442451332853331,0.07879198393997022,0.0758418817218771,2.0497164888559194,44.0,-0.12,28.921326238122216,-0.226815352021837
2023-03-10,-0.00866965688311379,0.03782006287572148,0.03712241988616689,-0.5200011348294553,34.0,-0.2272727272727273,28.033081205450145,-0.030712458528310616
2023-03-11,0.021812221244110887,0.03606943506637461,0.035434163856240035,-0.04628833683062661,33.0,-0.02941176470588236,33.595407805362626,0.19842009371524472
2023-03-12,0.07160391184533008,0.08490591357667276,0.08149326763487146,1.3539573996773102,33.0,0.0,48.37796204518016,0.4400171096437142
2023-03-13,0.08778363436848541,0.12011199668369188,0.11342867734664315,0.41464818672761705,49.0,0.48484848484848486,60.84269283706719,0.257653077247161
2023-03-14,0.02241616479750579,0.10105538183582463,0.09626915787040626,-0.15865704820519932,56.0,0.1428571428571428,63.40924891805473,0.042183472843001946
2023-03-15,-0.015069419825617957,0.05323220783251292,0.05186372909961686,-0.4732372797423655,50.0,-0.1071428571428571,60.526582806376,-0.045461287759520186
2023-03-16,0.027387721969650478,0.03984356689537272,0.039070285392836045,-0.251513913893362,52.0,0.040000000000000036,63.770244469580604,0.053590695407025546
2023-03-17,0.09043081735478727,0.11350924826370279,0.10751651326112892,1.8488726564509799,51.0,-0.019230769230769273,72.3441912600416,0.1344505868179775
2023-03-18,-0.016843655914946763,0.04091007280811243,0.04009540051053684,-0.6395881971390487,64.0,0.2549019607843137,68.94959521046242,-0.0469228557324981
2023-03-19,0.03901251239696352,0.05696669701005708,0.055403199305703206,0.3924858378340659,63.0,-0.015625,72.2355532564489,0.04765739430313376
2023-03-20,-0.009728058677075274,0.04716255070938469,0.04608417361942596,-0.17210312016056561,66.0,0.04761904761904767,70.21095080864593,-0.028027783501778814
2023-03-21,0.014607259457310753,0.036440557504790805,0.03579230200149698,-0.22734124943035272,68.0,0.030303030303030276,71.50555741429159,0.01843881318704832
2023-03-22,-0.031304934786025286,0.07635800231776702,0.07358312231063427,1.0954125717678251,62.0,-0.08823529411764708,65.0363090469562,-0.09047196611381692
2023-03-23,0.03690243092144147,0.05689069644361111,0.05533129231073365,-0.2549478153336424,57.0,-0.08064516129032262,68.64738813185933,0.05552404707185832
2023-03-24,-0.03011973318555565,0.04989676471658977,0.04869184001823752,-0.12293630003200229,61.0,0.07017543859649122,62.91640569942171,-0.08348434788850856
2023-03-25,5.171583626720892e-05,0.02189978909074619,0.02166343324667749,-0.5610980147683822,64.0,0.049180327868852514,62.92204379401504,8.961247119332327e-05
2023-03-26,0.01800847790347154,0.026711474008003444,0.026360950879312017,0.2197137560238167,64.0,0.0,64.93919365808867,0.03205792028429788
2023-03-27,-0.030997440056033318,0.05379234912507691,0.052395418494417735,1.0138293045512703,64.0,0.0,59.02515671697463,-0.09107037842588617
2023-03-28,0.004714100093914092,0.029346492283536918,0.028924127366919326,-0.4544485831005255,59.0,-0.078125,59.61956040906759,0.010070345004641323
2023-03-29,0.03885339931269162,0.049886196458294174,0.048681773969992445,0.699903210792924,57.0,-0.03389830508474578,64.31572640574895,0.07876887995247817
2023-03-30,-0.011169598741333131,0.0519384512710106,0.050634606207574394,0.04113873091992781,60.0,0.05263157894736836,62.05057194626725,-0.035219293725946677
2023-03-31,0.015746414888453637,0.03829004347702325,0.0375751710267657,-0.2627804152798294,63.0,0.050000000000000044,63.98093059017448,0.031109441595136733
2023-04-01,-0.0023712364214005313,0.017856383616074778,0.017698831178073377,-0.5336546528919488,61.0,-0.031746031746031744,63.453980493170114,-0.00823604927505217
2023-04-02,-0.007480171844976413,0.02276822165531378,0.02251289400238352,0.2750746256827301,63.0,0.032786885245901676,61.73514422239444,-0.02708791879432504
2023-04-03,-0.014613274150394037,0.04395331670542957,0.04301477266126885,0.9304677093729665,63.0,0.0,58.44116780586306,-0.05335658413083433
2023-04-04,0.01350558587463783,0.027182154471923292,0.02681928081970694,-0.38156761515643545,62.0,-0.015873015873015928,60.535768089980145,0.035841177764879495
2023-04-05,0.0003512057047058866,0.032160688473287014,0.0316543608234359,0.18315450331599337,62.0,0.0,60.59177777729971,0.0009252329504816359
2023-04-06,-0.004761257346579407,0.015848761938693556,0.015724481716529088,-0.5072007879477551,63.0,0.016129032258064502,59.364414189024785,-0.02025627293501775
2023-04-07,-0.00422660089629551,0.011425564616503792,0.011360785809106162,-0.27908787697737214,64.0,0.015873015873015817,58.241631862668115,-0.01891339014618376
2023-04-08,0.0007851839396583646,0.009915458451612125,0.009866622846396307,-0.13216906258710193,61.0,-0.046875,58.39877403576354,0.0026981073172187564
2023-04-09,0.01369069252890777,0.02531038696726351,0.024995383304120575,1.5526189324254966,61.0,0.0,61.16304063618175,0.047334325866590365
2023-04-10,0.045533646757390224,0.056127500856203216,0.054608917442811475,1.2175678676425852,62.0,0.016393442622950838,68.80981075926786,0.1250227268551225
2023-04-11,0.019439489564332186,0.0303885326361637,0.029935947265033683,-0.4585803363307034,68.0,0.09677419354838701,71.47694018836445,0.038760888885853495
2023-04-12,-0.0031803678161343176,0.02479031168841761,0.024488017699744746,-0.18422149614042105,65.0,-0.044117647058823484,70.40752510614412,-0.014961679660630112
2023-04-13,0.008590133768281546,0.022130292122653827,0.021888971055541724,-0.10730077133344729,61.0,-0.06153846153846154,71.64488188231223,0.017574212050526006
2023-04-14,0.002845797962018112,0.031989530112984,0.03148852176855111,0.44550871428568684,68.0,0.11475409836065564,72.06401174532978,0.005850101947352471
2023-04-15,-0.0054997371675221595,0.011765483060323545,0.011696807903913715,-0.6322083188227845,68.0,0.0,69.9159821193507,-0.02980724461427564
2023-04-16,-0.00010359312238552485,0.013187455839428042,0.013101258333869522,0.12085970221654407,68.0,0.0,69.8738519801639,-0.0006025823840231093
2023-04-17,-0.02912872327682135,0.03565543775798097,0.03503449948059352,1.703738931309088,69.0,0.014705882352941124,59.223720599404714,-0.15241941125247538
2023-04-18,0.03183646099781629,0.04511953045976291,0.04413126209059731,0.2654319592433987,58.0,-0.1594202898550725,65.43348179839869,0.10485260189911805
2023-04-19,-0.05319953662867234,0.060731162120985394,0.05895844592397127,0.3460060754653631,63.0,0.0862068965517242,51.47532462338397,-0.213318270576216
2023-04-20,-0.020211126619281063,0.03706291767455627,0.036392600188507256,-0.38972157982550215,52.0,-0.17460317460317465,47.481108874504535,-0.0775947656105691
2023-04-21,-0.034910877271712444,0.04314632803851959,0.042241461517109655,0.16413738436301206,50.0,-0.038461538461538436,41.63471564751364,-0.12313093281884535
2023-04-22,0.019624756556398195,0.025858791933185854,0.025530107581991642,-0.4006722446902087,53.0,0.06000000000000005,45.65468769863879,0.09655336871179565
2023-04-23,-0.008161741227378502,0.015325725119629263,0.015209472460596174,-0.40733019704756546,56.0,0.05660377358490565,44.2808635852257,-0.030091633141410057
2023-04-24,-0.0023965485595713668,0.03358346064562201,0.0330318522208247,1.1913129971650185,53.0,-0.0535714285714286,43.86565656947023,-0.009376669336096821
2023-04-25,0.02802320777395386,0.04275027222717176,0.041861715161459145,0.27295613392197415,53.0,0.0,49.862299315034534,0.13670473018151208
2023-04-26,0.004057925868580612,0.09776150666943328,0.09327311245388424,1.286804307348873,56.0,0.05660377358490565,50.69689694199738,0.016738049356484375
2023-04-27,0.03631313286229464,0.05170812990922058,0.050415632769002676,-0.4710788359260428,59.0,0.0535714285714286,57.63244046058719,0.13680410314905078
2023-04-28,-0.004540602889751968,0.022232641730061342,0.02198909966362614,-0.570035857628322,64.0,0.0847457627118644,56.54424976494609,-0.018881565433365277
2023-04-29,-0.0031328032278842735,0.012527900545474813,0.012450075713191074,-0.43650868405190435,64.0,0.0,55.76489231510481,-0.013783142460657927
2023-04-30,0.0006944394889976754,0.028783650274825323,0.028377182340359363,1.2975637594139608,60.0,-0.0625,55.90978510750754,0.0025982797847792227
2023-05-01,-0.041052856211014906,0.059577143616759365,0.057869907417515014,1.0698258576629027,63.0,0.050000000000000044,46.42201590951122,-0.1696978298119466
2023-05-02,0.020749270291120427,0.03427773827107239,0.03370334569621055,-0.4246495184198479,55.0,-0.12698412698412698,50.910289468528184,0.09668415882166337
2023-05-03,0.011294600825028724,0.03836786211729337,0.03765011706395065,0.11932303741500694,64.0,0.16363636363636358,53.24343099341722,0.045828486721360084
2023-05-04,-0.005482697825375376,0.022971547607476106,0.022711673882294742,-0.40128153251670895,64.0,0.0,51.94894973957398,-0.024312506344741025
2023-05-05,0.02352452363535224,0.028545116525596548,0.028145295483822955,0.24262923044447038,61.0,-0.046875,56.84149182086445,0.09417980740356335
2023-05-06,-0.02155362050914689,0.04746080761871263,0.046368956953057615,0.6626594456587447,60.0,-0.016393442622950838,51.647606774121776,-0.09137488972159924
2023-05-07,-0.015678412319992844,0.025179886251732286,0.02486809597443961,-0.46945938101136575,64.0,0.06666666666666665,48.25709117132861,-0.06564709992510231
2023-05-08,-0.027097480312589104,0.049547053881739966,0.048358693844011515,0.9677234990817842,60.0,-0.0625,43.10191199959844,-0.10682739151076426
2023-05-09,-0.0012826051136456092,0.016284530847923806,0.01615335999676451,-0.6713320051926378,51.0,-0.15000000000000002,42.871753668805056,-0.005339863595738681
2023-05-10,-0.0013393336115541375,0.0535275720281807,0.05214412575463796,2.287019597190618,52.0,0.019607843137254832,42.616180167183145,-0.005961349367611057
2023-05-11,-0.0227376278728039,0.03136885546875989,0.030886905813434538,-0.4139682731687305,52.0,0.0,38.47309512355766,-0.0972185922664155
2023-05-12,-0.007278017155925187,0.04549027166990838,0.04448593488860503,0.4501731411658274,49.0,-0.05769230769230771,37.24359845508147,-0.031957311064462646
2023-05-13,-0.0007804618022563855,0.011965515857123687,0.011894495044703267,-0.7369653902278446,48.0,-0.020408163265306145,37.10720269089277,-0.003662260625895253
2023-05-14,0.0054570113859458225,0.018364448661430277,0.018197858638990556,0.534781189604707,48.0,0.0,38.798861094006156,0.045588410886293174
2023-05-15,0.009683688179724162,0.03288675141609443,0.032357553359065906,0.7907834872910968,50.0,0.04166666666666674,41.812564539496194,0.07767504922858692
2023-05-16,-0.005754943306692564,0.01563890943052626,0.015517881881470977,-0.5244617130875158,54.0,0.08000000000000007,40.53264431013023,-0.03061089994030264
2023-05-17,0.013305949198470446,0.032548063868896415,0.03202959573219987,1.0812233751647957,50.0,-0.07407407407407407,44.759030413865275,0.10427116650464274
2023-05-18,-0.020896322938492334,0.0398039651205675,0.03903220030947423,0.222928813243634,51.0,0.020000000000000018,39.97253746569302,-0.10693915627559059
2023-05-19,0.0021562704301694635,0.016045124292381807,0.015917761843636292,-0.596896333222567,48.0,-0.05882352941176472,40.671002443721044,0.017473621198741407
2023-05-20,0.008865600285434393,0.01161858350532663,0.011551606053526162,-0.27588074148835917,48.0,0.0,43.59320542952194,0.07184979002778524
2023-05-21,-0.01394736681453699,0.020930757066139893,0.020714718142420232,0.8014895754326701,52.0,0.08333333333333326,40.24350097646946,-0.07684005844598907
2023-05-22,0.0036358955711424203,0.01868191948718878,0.018509555842640725,-0.10744176963331642,49.0,-0.05769230769230771,41.4989888780232,0.03119728331508287
2023-05-23,0.013848962643426162,0.02306457942397766,0.022802612468702445,0.23459366366471657,50.0,0.020408163265306145,46.178234795844226,0.11275566090476574
2023-05-24,-0.03327040018789597,0.04282550635477311,0.04193386226673972,0.8567651101520728,50.0,0.0,38.3239375391444,-0.1700865633219628
2023-05-25,0.005354526205137628,0.027072603587934285,0.02671262327524899,-0.36783926467417216,51.0,0.020000000000000018,40.06617887730912,0.04546091685869125
2023-05-26,0.009139332662057487,0.021740123258261246,0.021507176920066325,-0.19696961588318085,49.0,-0.039215686274509776,43.04503598337148,0.07434842027696797
2023-05-27,0.00556333034484893,0.01005750246661341,0.010007262367799452,-0.5373760145176932,48.0,-0.020408163265306145,44.8550429409871,0.042049144954015905
2023-05-28,0.04430949975360071,0.05188636107430966,0.05058508668826279,4.1589707530821,50.0,0.04166666666666674,56.900695243857285,0.26854622163037223
2023-05-29,-0.012171112107334788,0.031496371531892775,0.031010535861220746,-0.3929739746677383,52.0,0.040000000000000036,53.39488662951551,-0.06161275533307731
2023-05-30,-0.0015702994220325468,0.0165379698134831,0.016402706869686215,-0.4749246021327571,51.0,-0.019230769230769273,52.9447504891247,-0.008430322991677341
2023-05-31,-0.017577792723265092,0.035926759847463074,0.03529644621034159,1.1723803013700422,51.0,0.0,48.10271522360585,-0.09145449210330014
2023-06-01,-0.014792581991188054,0.025284636605616084,0.024970268289841537,-0.29621717313309204,52.0,0.019607843137254832,44.47560721064638,-0.07540339450899658
2023-06-02,0.01589161106579633,0.027440321770531684,0.02707058469957028,0.08525671926947087,50.0,-0.038461538461538436,48.93298323243383,0.10022068952710006
2023-06-03,-0.006422915434419119,0.013318820984433488,0.013230905250527817,-0.5146259181721169,53.0,0.06000000000000005,47.2733464958663,-0.033916524743324516
2023-06-04,0.0016214839752998166,0.016270812344185925,0.01613986122165461,0.2216405914008912,52.0,-0.018867924528301883,47.75394966933191,0.010166472422417527
2023-06-05,-0.051410345698891795,0.06621353237652716,0.06411361748179126,3.0694669064994375,53.0,0.019230769230769162,36.632099357483995,-0.23289906675490102
2023-06-06,0.05581511856233619,0.07387312507467758,0.07127185603082996,0.1156801702496959,44.0,-0.16981132075471694,50.21806625317186,0.37087601131198156
2023-06-07,-0.03332542412080894,0.045328102289505345,0.04433080962019529,-0.38640605438468134,53.0,0.20454545454545459,44.073954975837964,-0.12234862342884067
2023-06-08,0.006138366063704449,0.020987414174360897,0.020770212147061096,-0.5369889072276464,50.0,-0.05660377358490565,45.38156168062652,0.029668467590562297
2023-06-09,-0.001050860137740086,0.01636240799440647,0.01622998633558666,-0.22037046305611718,50.0,0.0,45.18628492064635,-0.004302997797969832
2023-06-10,-0.024045314677471934,0.04035823094844582,0.0395651066780669,1.4665214901280046,49.0,-0.020000000000000018,40.90317472009618,-0.09478783679764624
2023-06-11,0.0034340762243438776,0.020820967301478976,0.020607173465507334,-0.4840961357281498,47.0,-0.04081632653061229,41.743743799292254,0.020550216088314865
2023-06-12,-0.0014531650030546537,0.016074760866689353,0.015946929979361046,-0.22795321495233734,47.0,0.0,41.474645102409625,-0.00644644376356085
2023-06-13,0.0006263269559741463,0.025185678227983344,0.024873745675499177,0.5667840061107181,45.0,-0.04255319148936165,41.64917045051387,0.0042080010009322155
2023-06-14,-0.031115354032620144,0.04576505764514893,0.044748730132179594,0.817106421787769,46.0,0.022222222222222143,35.99339115126007,-0.13579572505468762
2023-06-15,0.017819375410116443,0.037832571291297024,0.03713447239954971,-0.17333063175312635,41.0,-0.10869565217391308,40.90935085905265,0.13657950947532438
2023-06-16,0.0289427732653721,0.0482392222022876,0.04711182531045228,0.27507120335181967,47.0,0.14634146341463405,48.053287535735365,0.17462845356055956
2023-06-17,0.0069349007932065195,0.022728324182507142,0.022473883941092652,-0.5288414044654866,47.0,0.0,49.652328068966845,0.033276402411434036
2023-06-18,-0.006602603438313832,0.013296232261847729,0.0132086131802597,-0.4149928452674405,49.0,0.042553191489361764,48.13291692727394,-0.0306010050441633
2023-06-19,0.019359247201741925,0.025530482468674398,0.025210022582609702,0.9201290986719362,47.0,-0.04081632653061229,52.72973894963259,0.09550266877247826
2023-06-20,0.05352849528514009,0.06450152664840192,0.06250663949635456,1.5264515360234392,49.0,0.042553191489361764,62.88826713135038,0.19265273039605235
2023-06-21,0.05827421320682117,0.08676181225384294,0.08320246016640342,0.3451125386036509,59.0,0.20408163265306123,70.69611449835169,0.12415427746949348
2023-06-22,-0.0038377235796951737,0.027522338678190428,0.027150407957949468,-0.682782805439021,65.0,0.10169491525423724,69.6286593863104,-0.015099204809426614
2023-06-23,0.02584590576815378,0.05174444971614611,0.05045016628526156,0.880089127641978,65.0,0.0,72.65630389886529,0.04348273454120455
2023-06-24,-0.004793067902493928,0.016969279213956412,0.01682690934759462,-0.672056050319511,62.0,-0.0461538461538461,71.22335808788003,-0.019722250294755717
2023-06-25,-0.0022426607224285255,0.023520491203353977,0.02324814663531115,0.38606306766462484,64.0,0.032258064516129004,70.52495548099402,-0.009805808454359521
2023-06-26,-0.006884835938176551,0.02270967307827343,0.02245564715830167,-0.034472839791922616,55.0,-0.140625,68.32017264736079,-0.03126244913727605
2023-06-27,0.013682563415242946,0.025470305367845336,0.025151341863223136,0.12156195644282652,59.0,0.07272727272727275,70.31324438402636,0.029172521957064435
2023-06-28,-0.01980891791303767,0.026116625662460313,0.025781410524922107,0.025375443493147687,62.0,0.05084745762711873,64.04985209220484,-0.08907841398432792
2023-06-29,0.011865197537731036,0.024588012128956116,0.02429059240470039,-0.05853028462637133,54.0,-0.12903225806451613,65.99598318900993,0.030384630615594155
2023-06-30,0.0010472432791648364,0.05596528642938492,0.05445531204430461,1.2761208240774087,56.0,0.03703703703703698,66.17117627921748,0.0026546023218685377
2023-07-01,0.0036951443630783326,0.010301204008480225,0.010248508184463307,-0.8159358297669408,59.0,0.0535714285714286,66.82225301453907,0.009839280060162325
2023-07-02,0.001002809469143997,0.016591355065427527,0.016455222222549835,0.6106228992037321,63.0,0.06779661016949157,67.00826547922853,0.002783690406981343
2023-07-03,0.017342426317960315,0.025798939292012157,0.02547176194248292,0.5549627616475441,62.0,-0.015873015873015928,70.15350451839872,0.046938075723586214
2023-07-04,-0.012234379050443955,0.021717410124738823,0.02148494681921783,-0.1582053091825001,64.0,0.032258064516129004,65.40432895459008,-0.06769691117231491
2023-07-05,-0.008595533521292817,0.02156173940329209,0.021332573393605492,-0.007168014995922789,61.0,-0.046875,62.24894710027365,-0.0482442355842716
2023-07-06,-0.020020299639946313,0.05244929375190299,0.05112010845604064,1.432516819301458,56.0,-0.08196721311475408,55.614456107715505,-0.10657997125430863
2023-07-07,0.01437090998029806,0.022075866606060535,0.021835722496071578,-0.5791007842644293,55.0,-0.017857142857142905,58.984185693582155,0.06059089347812874
2023-07-08,-0.0016401345457067653,0.009783104286060551,0.009735559559841674,-0.5568416651251745,58.0,0.05454545454545445,58.435440809566224,-0.009303254381888282
2023-07-09,-0.004012544787339061,0.011367502729679568,0.011303378170354124,0.16195252522009262,55.0,-0.051724137931034475,57.04125127282355,-0.023858629582108604
2023-07-10,0.008029538805166095,0.03470654528291828,0.034117855387167745,2.053137184854373,56.0,0.018181818181818077,59.14603857603617,0.036899388709858316
2023-07-11,0.006765948365584515,0.014171401704626607,0.014071926095813089,-0.5916792757935078,57.0,0.017857142857142794,60.89748364392882,0.029612212585312214
2023-07-12,-0.007516669538967959,0.02418647240540972,0.02389861199717497,0.7067099578098506,64.0,0.12280701754385959,57.92742380349199,-0.04877147071959409
2023-07-13,0.03505911799946575,0.051081872077089585,0.04981998807784912,1.112001751262588,57.0,-0.109375,66.2984380279212,0.1445086571228562
2023-07-14,-0.036955452769762046,0.05392265683099362,0.0525190668109259,0.05561238534125956,60.0,0.05263157894736836,54.09255091905366,-0.18410519873374842
2023-07-15,-0.0012621409438578614,0.004768732510769924,0.00475739812537506,-0.9115634727399233,56.0,-0.06666666666666665,53.73559172698516,-0.006599045266004633
2023-07-16,-0.0015417915284865274,0.01156179598856566,0.01149546917383767,1.4245008421952732,57.0,0.017857142857142794,53.27375544196912,-0.00859460685503377
2023-07-17,-0.003418965294113633,0.021916793740901275,0.021680073340801707,0.8956219053317029,54.0,-0.052631578947368474,52.20491209402283,-0.02006322511110703
2023-07-18,-0.009643886494910275,0.02291307060891401,0.02265450839206392,0.04545723611722807,56.0,0.03703703703703698,49.224417605592556,-0.0570922231046439
2023-07-19,0.0019193869502834365,0.013086815535653162,0.013001923011618859,-0.4288493341192813,50.0,-0.1071428571428571,49.835903035934656,0.01242240050947041
2023-07-20,-0.004083626307646249,0.018808075675935676,0.018633390746574094,0.43717741147154987,56.0,0.1200000000000001,48.49911236668306,-0.02682384762422574
2023-07-21,0.003910458253167224,0.01049801717476373,0.010443295637707234,-0.44183459511513967,50.0,-0.1071428571428571,49.885277962149864,0.028581257013253092
2023-07-22,-0.004589155219131938,0.011040075638512725,0.010979578855587101,0.051634366254615705,52.0,0.040000000000000036,48.24471592190243,-0.03288669738378924
2023-07-23,0.010449658783391701,0.019807768257530167,0.019614147042275074,0.7941696149645756,54.0,0.03846153846153855,52.11751673164903,0.08027409293933485
2023-07-24,-0.030633538164858885,0.04005971503728234,0.039278129809992686,1.0224244607694835,55.0,0.0185185185185186,42.23892224961805,-0.189544611898826
2023-07-25,0.0017284554802405464,0.010003517481155466,0.009953813501713028,-0.7502848566984188,50.0,-0.09090909090909094,42.88725301003061,0.015349131225014245
2023-07-26,0.004355653333464597,0.01929114242325225,0.01910742729206961,0.9284359186248963,51.0,0.020000000000000018,44.580518384675706,0.03948178668027702
2023-07-27,-0.004927238584293436,0.015863419959153857,0.015738910945817718,-0.17768374671096954,51.0,0.0,43.026904729978725,-0.034849609448036944
2023-07-28,0.0037094442045335473,0.013584771847759525,0.013493326083756143,-0.1436416685217652,52.0,0.019607843137254832,44.59149158806415,0.03636298887647649
2023-07-29,0.0012840607690722545,0.004533795164507914,0.004523548474467121,-0.6662590130098024,52.0,0.0,45.15437362398836,0.012623081576281558
2023-07-30,-0.0027837737874393067,0.013202840481192135,0.013116442616771314,1.9120946143637996,52.0,0.0,44.108990354605304,-0.02315131814446647
2023-07-31,-0.0015450628224417467,0.01229919369069532,0.012224173110047191,-0.06844336200108514,50.0,-0.038461538461538436,43.5082263614036,-0.013619989674938826
2023-08-01,0.01513023382608844,0.035548318079746455,0.03493106235807179,1.8902966303099804,53.0,0.06000000000000005,50.64563567525652,0.164047351748279
2023-08-02,-0.01780750751690934,0.03597975333408954,0.03534760053250899,0.012136586979311748,53.0,0.0,43.66283373014899,-0.13787568962273
2023-08-03,0.0009161807791750279,0.014372448365031376,0.014270143808539516,-0.6005406643126152,52.0,-0.018867924528301883,44.08637374953168,0.009700241216598737
2023-08-04,-0.0035908335462961935,0.014427465493277225,0.014324379938858257,0.0038279579685049914,54.0,0.03846153846153855,42.73220447064739,-0.030716277246519486
2023-08-05,-0.0011000318899209226,0.004995820965748132,0.004983383259356873,-0.6537284412098551,50.0,-0.07407407407407407,42.304512459203515,-0.010008657796666043
2023-08-06,-9.347994530765627e-06,0.006801181133556655,0.0067781574344308124,0.3613740724870367,49.0,-0.020000000000000018,42.30064006361849,-9.153623005964118e-05
2023-08-07,0.004765273802377892,0.018108135306484918,0.017946135774350384,1.6624986088284532,49.0,0.0,45.06763618149869,0.06541263001502462
2023-08-08,0.01984638697905339,0.036511272804409245,0.03586052867093707,1.0162911413266147,54.0,0.1020408163265305,54.89044046499125,0.21795694462282555
2023-08-09,-0.006877101417061734,0.024394581661948633,0.024101786049616405,-0.3318616474251578,50.0,-0.07407407407407407,51.43588589513936,-0.0629354499724808
2023-08-10,-0.004471948989328098,0.011382165859796789,0.01131787638567476,-0.5334141811683117,53.0,0.06000000000000005,49.27642320691072,-0.041983581125268454
2023-08-11,-0.0010837469218066252,0.009033302018099931,0.008992745800159628,-0.20636352260454527,51.0,-0.037735849056603765,48.74381485721628,-0.010808583801994565
2023-08-12,0.0006206039371356436,0.003662609851517784,0.0036559188288158313,-0.5945436293197048,54.0,0.05882352941176472,49.08312844731257,0.006961161966707596
2023-08-13,-0.004533340724443713,0.0060010972969801735,0.005983162429417975,0.6384757154773997,54.0,0.0,46.658076484923384,-0.049407037389483266
2023-08-14,0.004277614074716283,0.018409095451027202,0.018241699339625272,2.0676215598588756,50.0,-0.07407407407407407,49.20782850176656,0.05464760249315215
2023-08-15,-0.008129120118753778,0.012041298841044101,0.011969379164070353,-0.3459049156936055,53.0,0.06000000000000005,44.8306390287468,-0.08895311185826094
2023-08-16,-0.016193584838703763,0.01812421662937247,0.01796193094907354,0.5051712334880412,52.0,-0.018867924528301883,37.71958282696051,-0.1586204514556765
2023-08-17,-0.07362412009606191,0.1313243857453017,0.12338896922517306,6.245796518039558,50.0,-0.038461538461538436,21.644393993077873,-0.4261762095203425
2023-08-18,-0.023334248653811243,0.044383377028763604,0.04342664142812417,-0.6620324795210285,37.0,-0.26,19.010498055762916,-0.12168952099824593
2023-08-19,0.0017891559507894222,0.017325553960147788,0.017177177896699706,-0.609638672854488,39.0,0.054054054054053946,19.807642401789163,0.04193179703593297
2023-08-20,0.003571869420107809,0.009858640494527338,0.009810361151457829,-0.4309768959073882,37.0,-0.05128205128205132,21.4738116844778,0.08411749611039698
2023-08-21,-0.002501958864606914,0.014474657937911806,0.014370900117528366,0.4682204859733836,38.0,0.027027027027026973,21.142269171431007,-0.015439388121599507
2023-08-22,-0.0035464695192522202,0.02408941016313859,0.023803837418057177,0.6642472842169189,37.0,-0.02631578947368418,20.656888525423422,-0.02295783116144723
2023-08-23,0.015248455549160829,0.038050783373103414,0.037344707798489446,0.579564759594172,37.0,0.0,28.321324060445924,0.3710353340770327
2023-08-24,-0.01023956576112509,0.024695589730881817,0.024395582852998407,-0.3509834084430927,41.0,0.10810810810810811,26.467735041825197,-0.0654485296896653
2023-08-25,-0.004393992436939317,0.01788864039031579,0.017730521565487642,-0.2756342089718935,39.0,-0.04878048780487809,25.696206197307788,-0.02914978721444106
2023-08-26,-0.0015062619864454853,0.004753172527497185,0.00474191187142178,-0.7342910124086139,38.0,-0.02564102564102566,25.423425387084574,-0.010615606371176867
2023-08-27,0.003118365040993392,0.007713253894764183,0.007683658837318072,0.6227590835684749,38.0,0.0,27.14903066456732,0.06787461764925573
2023-08-28,0.0006305878251208892,0.012286365865720406,0.012211501059795191,0.5928901127007484,39.0,0.026315789473684292,27.51496620572453,0.013478770040758814
2023-08-29,0.060249892570851026,0.08400185840850716,0.08065961741497672,5.83699796396888,39.0,0.0,52.71396336081958,0.9158287517668242
2023-08-30,-0.015634289371322937,0.025525429104825026,0.025205095009625596,-0.6961325667261669,49.0,0.2564102564102564,47.95111188711956,-0.09035274849471997
2023-08-31,-0.05132914544958933,0.06613416252701843,0.06403917385354517,1.5909128600904578,52.0,0.061224489795918435,36.63274576194042,-0.2360397012653931
2023-09-01,-0.005054814300673318,0.03009389745115687,0.02964996066042819,-0.5449568528389194,40.0,-0.23076923076923073,35.762488201993165,-0.02375627438911254
2023-09-02,0.0026349868784771645,0.008433604457716903,0.008398240308028873,-0.7197569882264386,39.0,-0.025000000000000022,36.606896487207365,0.02361156417430532
2023-09-03,0.0038877655416867615,0.010462751696130868,0.010408395921513195,0.24060260930986122,40.0,0.02564102564102555,37.90803055659497,0.0355434137893198
2023-09-04,-0.006069712504034206,0.016545175971767634,0.016409795766467936,0.5813407841730633,40.0,0.0,36.64483065992639,-0.0333227518845296
2023-09-05,-0.0012573014244295709,0.010487957860717323,0.010433340779859877,-0.3661017641266693,40.0,0.0,36.375420990570476,-0.00735191470404406
2023-09-06,-0.001038013801593385,0.021596933105108018,0.02136702368108728,1.0592124217050296,42.0,0.050000000000000044,36.13946438234116,-0.006486704532999932
2023-09-07,0.01873210550195057,0.03128300801462913,0.030803665926277476,0.44849307364063673,41.0,-0.023809523809523836,43.34518833297822,0.1993865729276827
2023-09-08,-0.012831149860508746,0.028683709506521327,0.02828003302918563,-0.08308978813329826,46.0,0.12195121951219523,40.00549646271257,-0.07704873363590203
2023-09-09,-0.00038518556307899995,0.004319267243300562,0.0043099659820117105,-0.8494174108715414,41.0,-0.10869565217391308,39.906748512545335,-0.0024683595730220498
2023-09-10,-0.0024532679048573473,0.013177289074936649,0.013091223847711988,2.050815875163872,40.0,-0.024390243902439046,39.24328479138639,-0.016625351497889573
2023-09-11,-0.026261881067480307,0.03825266884732992,0.03753917405018,1.9029240103783502,40.0,0.0,33.00707920780428,-0.15891140654339175
2023-09-12,0.0263051279529175,0.05247512149389788,0.051144648759539536,0.37180288526615324,30.0,-0.25,42.810546842669225,0.2970110615709065
2023-09-13,0.015173852958685846,0.023078522735149765,0.02281624134065926,-0.5602006802817318,41.0,0.3666666666666667,47.667471356597964,0.11345158780097253
2023-09-14,0.011800835130971608,0.02304694038701971,0.022785370948103397,-0.0013684735584029717,45.0,0.09756097560975618,51.18665074011776,0.07382769178572524
2023-09-15,0.0025972414093191217,0.02285750182784252,0.02260018286618741,-0.008219683654142829,45.0,0.0,51.95790921299325,0.015067570581855039
2023-09-16,-0.0015199103541191222,0.01060965727435459,0.01055376981096951,-0.5358347839469026,43.0,-0.0444444444444444,51.44536446587393,-0.009864614548253381
2023-09-17,-0.0012840741866492755,0.0065389806318787436,0.006517694241832174,-0.3836765446057705,46.0,0.06976744186046502,50.98838226053626,-0.008882864570641802
2023-09-18,0.008260511389751386,0.03782696367487626,0.03712906918546154,4.784841063829244,46.0,0.0,53.839042576474895,0.055908036096782965
2023-09-19,0.016931102662432373,0.03025148558134405,0.029802933197743794,-0.2002666182420466,46.0,0.0,59.15003146514165,0.09864567857280959
2023-09-20,-0.0029114788993918343,0.019186355503434838,0.01900461828876564,-0.365771460980185,47.0,0.021739130434782705,57.907554949491605,-0.021005508955346253
2023-09-21,-0.021020467716698094,0.028937434841683096,0.028526653100275672,0.5082298895432522,47.0,0.0,49.86086105551442,-0.1389575833584359
2023-09-22,0.0004491505408555205,0.008701275045402967,0.008663637126037517,-0.6993073127245831,43.0,-0.08510638297872342,50.01903906013738,0.0031723881472252025
2023-09-23,-6.686902016047694e-06,0.0042859648918665005,0.004276806303938272,-0.5074325464368754,47.0,0.09302325581395343,50.016508618145245,-5.0589576283011084e-05
2023-09-24,-0.012210127075315798,0.01887825993815495,0.018702276974076698,3.4046697568569284,44.0,-0.06382978723404253,45.51606326668071,-0.08997919838474766
2023-09-25,0.001585160786217759,0.015763779678915624,0.015640821807873635,-0.16497708313384507,47.0,0.06818181818181812,46.18940862393025,0.014793576353569371
2023-09-26,-0.003093569595525136,0.011466604084532372,0.01140136085177941,-0.2725980495737841,46.0,-0.021276595744680882,45.020911865638716,-0.02529793719173412
2023-09-27,0.005153782852789497,0.027052367890960216,0.026692920776856057,1.3592310061051052,44.0,-0.04347826086956519,47.41028782579308,0.05307258029968964
2023-09-28,0.02506320623495958,0.035407236823021826,0.03479481485955945,0.3088405778650327,46.0,0.045454545454545414,57.28150151782857,0.2082082633268716
2023-09-29,-0.004072674570297436,0.018867535628108723,0.018691751313741966,-0.46712770266667547,48.0,0.04347826086956519,55.441248678075105,-0.03212647697757531
2023-09-30,0.002085958120685116,0.007543099691206923,0.007514792773545267,-0.6002074759583724,47.0,-0.02083333333333337,56.216342138059936,0.01398044738287707
2023-10-01,0.036976120856382695,0.040131309806775706,0.039346964612822395,4.320267721445765,48.0,0.02127659574468077,67.29224478658598,0.19702282694461126
2023-10-02,-0.01631914578851585,0.04192923801892956,0.0410740312545013,0.044801134595669145,50.0,0.04166666666666674,60.00324005600224,-0.10831864435048133
2023-10-03,-0.0036683170659445614,0.016578094530640408,0.016442178022234962,-0.6046173192282677,50.0,0.0,58.48494345512838,-0.025303576931125726
2023-10-04,0.013377719302482879,0.021232769193385792,0.021010494778878758,0.2807725974865445,49.0,-0.020000000000000018,62.25424825869289,0.06444914846256888
2023-10-05,-0.013890662255842758,0.026164165342257073,0.025827739155988218,0.23225402696919328,48.0,-0.020408163265306145,56.51765350141903,-0.0921478440063378
2023-10-06,0.019171883788155934,0.03810263877867981,0.03739466114493668,0.4562910102521487,50.0,0.04166666666666674,61.768007567391344,0.09289759465757874
2023-10-07,0.0007955652201821253,0.005657178725459122,0.005641236985150394,-0.8515279018254092,49.0,-0.020000000000000018,61.975244412181766,0.0033550838524996074
2023-10-08,-0.0012074286830624696,0.013031693730836569,0.012947511776957023,1.3035676197023367,50.0,0.020408163265306145,61.431106059172556,-0.008779930731539931
2023-10-09,-0.012659387727925962,0.025159111095341302,0.024847830880307783,0.9306094522316719,50.0,0.0,55.92522923136985,-0.08962685487868738
