date,btc_price,pcr,iv,iv_skew,volatility,returns_20d
2021-01-01 02:00:00,29388.94,0.5,78.07808340998795,5.454785383332251,70.0,
2021-01-02 02:00:00,32203.64,0.5,54.03904170499398,4.7219441898418175,,
2021-01-03 02:00:00,33063.48,0.5,46.02602780332932,5.067534611216313,,
2021-01-04 02:00:00,32030.55,0.5,30.0,4.706324238772229,,
2021-01-05 02:00:00,34038.29,0.5,30.0,5.126262830398138,,
2021-01-06 02:00:00,36849.86,0.5,30.0,4.773362640600387,,
2021-01-07 02:00:00,39479.41,0.5,30.0,4.886180615361254,,
2021-01-08 02:00:00,40636.24,0.5,30.0,5.331509226856275,,
2021-01-09 02:00:00,40236.66,0.5,30.0,4.846983481980008,,
2021-01-10 02:00:00,38202.08,0.5,30.0,5.215166191585054,,
2021-01-11 02:00:00,35496.03,0.5,30.0,5.099818970824749,,
2021-01-12 02:00:00,34058.4,0.5,30.0,4.645451510937358,,
2021-01-13 02:00:00,37380.85,0.5,30.0,5.260297459417219,,
2021-01-14 02:00:00,39155.58,0.5,30.0,5.271930468805901,,
2021-01-15 02:00:00,36790.17,0.5,30.0,5.3071079956804414,,
2021-01-16 02:00:00,36025.26,0.5,30.0,4.914042543183455,,
2021-01-17 02:00:00,35839.51,0.5,30.0,4.70328159681698,,
2021-01-18 02:00:00,36623.04,0.5,30.0,5.1025485350079265,,
2021-01-19 02:00:00,35932.79,0.5,30.0,5.062684405076407,,
2021-01-20 02:00:00,35501.38,0.5,30.0,4.983686222052643,,
2021-01-21 02:00:00,30840.3,0.6415236220073366,70.0,5.7111126633988425,116.47356567287375,0.049384564397354946
2021-01-22 02:00:00,33008.02,0.8045511479539411,107.73092297440321,5.975681939016672,113.08344640430934,0.02497792175046043
2021-01-23 02:00:00,32107.29,0.979331716271911,146.152968115396,5.761504934671605,113.25404331484683,-0.02891982332168308
2021-01-24 02:00:00,32283.66,0.9829049692048427,144.04658710631202,6.464146559526403,112.37770546335585,0.007902143422451324
2021-01-25 02:00:00,32275.27,1.035287576330959,145.68844043604915,6.370857780506782,109.02110579705604,-0.05179519887749939
2021-01-26 02:00:00,32516.52,1.1315230590401975,141.1544070032529,7.682344036711145,102.46897145606653,-0.11759447661402245
2021-01-27 02:00:00,30423.05,1.2552147823668134,135.23028914164306,6.106353669248563,99.43889476521068,-0.22939451222801965
2021-01-28 02:00:00,33443.87,1.287491767351471,134.47659195910674,7.063703225709116,109.00926289601757,-0.1769939836953418
2021-01-29 02:00:00,34252.08,1.2707211805774101,137.37706616944996,7.5478550325275195,109.87181765757575,-0.1487345122582242
2021-01-30 02:00:00,34317.82,1.2628579144130656,142.08220386613752,7.487807045802168,108.09565940005832,-0.10167666263198238
2021-01-31 02:00:00,33143.22,1.1906976874554613,133.9333886206874,6.080073782337348,104.81678258632473,-0.0662837506053493
2021-02-01 02:00:00,33535.94,1.1159555242133958,126.47744698903539,6.182961914669114,103.49854414663027,-0.015340121673361073
2021-02-02 02:00:00,35524.43,1.0530288309164737,115.72036596145672,5.202545399847288,97.74716547841864,-0.04966232710064111
2021-02-03 02:00:00,37677.34,1.0882618696685158,110.85209467012673,4.647044774604067,99.15564252717716,-0.03775298437668417
2021-02-04 02:00:00,36983.42,1.068744695770577,107.7761034662235,4.640823613089789,95.85930566044158,0.005252761811103346
2021-02-05 02:00:00,38310.24,1.0107851978936377,108.07390508754968,5.4200546786573796,96.38558061530573,0.0634271619413711
2021-02-06 02:00:00,39267.01,0.9249872767374652,109.01496131223918,4.834177686915529,96.67601418953288,0.09563467804107817
2021-02-07 02:00:00,38868.82,0.9142240641929479,108.93473534700439,5.3378738051942065,96.62244500221684,0.061321506898389666
2021-02-08 02:00:00,46437.41,0.872712161680454,113.05409214664007,4.714992629027022,125.5680247105087,0.29234078400257824
2021-02-09 02:00:00,46509.57,0.8641934787338171,116.24505279345334,4.84455810629187,125.14281424955888,0.31007780542615526
2021-02-10 02:00:00,44854.95,0.8194597030875063,117.30797689042252,4.919157503303359,109.23187484832081,0.454426513360765
2021-02-11 02:00:00,48006.18,0.8338124622985911,110.93084744160905,5.335270155429101,109.2288230747988,0.454379269038252
2021-02-12 02:00:00,47435.54,0.8099529383576982,106.28586851723611,4.898509367054922,108.13083584164804,0.4774071558203761
2021-02-13 02:00:00,47222.32,0.8140720788410992,102.49983153689367,4.916149510996406,108.49188012385295,0.46273130122173267
2021-02-14 02:00:00,48652.87,0.7733445436243694,102.97465662614373,4.463691956380053,108.14634618318821,0.5074349494210273
2021-02-15 02:00:00,47936.51,0.7641810158591978,104.34587356054364,4.6581529936465875,109.13658017714248,0.47422018100337926
2021-02-16 02:00:00,49184.63,0.7559172862795019,104.62349344719166,5.371872136733706,102.15200027773221,0.6166896481450741
2021-02-17 02:00:00,52154.91,0.7924454896547427,103.25791692583333,4.155387175977426,98.02684081582142,0.5594759218954026
2021-02-18 02:00:00,51591.61,0.820614793691295,98.71865965760901,4.20592702002736,99.12167193293378,0.5062329061475974
2021-02-19 02:00:00,55933.47,0.8027296609451781,99.07747113242449,4.510571880834481,102.12177363221491,0.6298666407131921
2021-02-20 02:00:00,55900.84,0.8102030891100324,99.24000047847557,4.027056657788948,99.28285265625169,0.6866448100094076
2021-02-21 02:00:00,57469.95,0.808119025850642,99.65869510412945,4.283444989320297,99.0278250748687,0.7136823956626828
2021-02-22 02:00:00,54121.17,0.8185677213122814,100.9761862255731,4.961181105575117,104.58037332267165,0.5234915803012179
2021-02-23 02:00:00,48898.7,0.7867560297673192,117.74682154106688,4.396525737122919,114.66231055653624,0.29782781905516686
2021-02-24 02:00:00,49738.17,0.7912968462486405,134.52828831932501,4.981124312514074,113.68867973485528,0.34487751538392075
2021-02-25 02:00:00,47082.87,0.7714140372174813,149.12115160204135,4.8398052798571145,117.11362477800135,0.22898916843120798
2021-02-26 02:00:00,46324.5,0.7599570335042302,149.12115160204135,4.640378974026733,117.55770768614897,0.17973077145420535
2021-02-27 02:00:00,46191.39,0.7204516397584535,150.0,4.503985310377298,117.35924618316025,0.1883918781172158
2021-02-28 02:00:00,45261.03,0.8818005819534234,134.74401228808586,4.846491994226174,83.54648166296663,-0.0253325928384035
2021-03-01 02:00:00,49635.07,0.9175473844288969,118.64158116031878,4.836266974457206,93.27586910259829,0.06720122331812561
2021-03-02 02:00:00,48501.21,0.9693318997344823,102.52085829703721,5.095321640530706,92.38235433216569,0.08129002484675607
2021-03-03 02:00:00,50392.55,0.8700823891236528,99.94123008165167,4.746235066241274,89.04706438125187,0.049709641550317096
2021-03-04 02:00:00,48363.74,0.9187271140308834,99.98276372624422,5.398703497145936,90.79411475066112,0.019567606904021595
2021-03-05 02:00:00,48775.37,0.9293829264193029,98.42848381703855,4.743957411089749,90.78432649366702,0.03288804954945035
2021-03-06 02:00:00,48892.8,0.9258585198496516,99.48253484297844,4.593448909129208,89.9330212334404,0.004931466530134765
2021-03-07 02:00:00,50964.18,0.9202194029081755,96.92772284810981,4.951426454314628,91.27650547308265,0.0631600005924502
2021-03-08 02:00:00,52405.02,0.9070482628170081,96.35992898502745,5.155213327462805,91.3843776489989,0.0654755357517176
2021-03-09 02:00:00,54928.7,0.8973109428087988,98.27847587093602,4.991158655018855,90.08107404592582,0.0531836791588749
2021-03-10 02:00:00,55893.31,0.8408972422727601,100.54173190265954,4.7568311512084795,90.02190811850157,0.08337983637261948
2021-03-11 02:00:00,57809.41,0.8688426772166816,98.6058638665828,5.0612698836641155,83.91847899825227,0.03353877383255499
2021-03-12 02:00:00,57256.22,0.9154714192570692,93.62740788835869,5.2022702156726535,84.07107530662029,0.024246147285085673
2021-03-13 02:00:00,61179.79,0.9573794176510546,92.10737163866708,4.723582827224362,88.14733030388456,0.06455269232007343
2021-03-14 02:00:00,58998.89,0.9082180380982784,94.74587557179741,4.665439727198455,85.56185556194302,0.0901259156075156
2021-03-15 02:00:00,55665.01,0.8448758010652689,93.13499840362358,3.8120250015408024,77.77538593472005,0.13837402630335793
2021-03-16 02:00:00,56925.01,0.7901982037470429,87.96550727456257,4.1858498527535195,77.94385202979126,0.14449345442343375
2021-03-17 02:00:00,58909.0,0.7897479850117911,78.93969023182899,3.8969933679046878,73.69067202933432,0.25117691423653654
2021-03-18 02:00:00,57643.32,0.807035849950347,83.32033726281948,4.200082226250596,74.11880151519362,0.24433766149661618
2021-03-19 02:00:00,58060.21,0.8153629575945792,83.50771581023024,4.045102110117268,73.86253340106381,0.2569487517045925
2021-03-20 02:00:00,58101.34,0.7948118049279191,84.53360785060228,4.104915354268853,72.6356509424808,0.28369460438704097
2021-03-21 02:00:00,57374.95,0.7713881727823764,72.32504905896094,3.434848624224914,62.870342052581165,0.155935712390453
2021-03-22 02:00:00,54095.36,0.8026041445513133,76.21219493999412,3.675635925452724,67.61235720095863,0.11534042140391954
2021-03-23 02:00:00,54355.45,0.8481777694217146,79.16597016707978,4.986477845819915,65.97144364841517,0.0786405927066598
2021-03-24 02:00:00,52303.02,0.8611447685761865,88.18713469018898,4.921093148584153,65.65441674067164,0.08145110365740948
2021-03-25 02:00:00,51336.09,0.8544221915669826,87.33010377605223,5.1311901648359495,66.34574381549035,0.05250026806562391
2021-03-26 02:00:00,55055.43,0.8296689297626659,87.63551056594241,4.076973240832477,72.64675215800312,0.1260437119575888
2021-03-27 02:00:00,55863.73,0.8267564255631994,83.00125698376125,5.03811518126974,70.97454732481573,0.09613713003917668
2021-03-28 02:00:00,55781.01,0.8166066165283312,76.9489678449286,5.156853274418067,70.25524483167057,0.06442111843483711
2021-03-29 03:00:00,57626.1,0.8547724771842272,73.48386601483988,4.780843481437457,68.70296932047493,0.04910729727810792
2021-03-30 03:00:00,58781.54,0.8971769262424338,73.99110410212624,5.217680433289436,68.81239989418593,0.051673983881076246
2021-03-31 03:00:00,58793.8,0.9597420985492012,74.65145101456905,5.342228672316427,67.37420224407417,0.017028196620584746
2021-04-01 03:00:00,58730.82,0.9768773619664598,76.26168070567638,5.080834697841184,67.20524214405489,0.025754407119435996
2021-04-02 03:00:00,58987.8,1.0150788058120288,73.08783728334696,4.9487749150445275,60.20256003733279,-0.03582866171982613
2021-04-03 03:00:00,57074.97,1.0402223660547572,70.33984966419355,5.017328698274496,59.86495093993233,-0.03260942705871239
2021-04-04 03:00:00,58219.43,1.0247826613669657,63.77447027083466,4.91891268380252,55.01224661676976,0.045889150114228006
2021-04-05 03:00:00,59119.56,0.9707525166622407,61.613780077427066,5.259672983776325,54.59503880144793,0.03855159621403659
2021-04-06 03:00:00,58010.35,0.9402386141574044,59.99318816703681,5.032004518197417,53.23749106476654,-0.015254884652599832
2021-04-07 03:00:00,55951.98,1.0064406803613062,65.34746982853227,5.065394277277827,54.6202870627006,-0.029341474432770243
2021-04-08 03:00:00,58084.46,1.0285112966147816,65.94246705983046,4.893002091921899,57.06385154361778,0.00041766986375013637
2021-04-09 03:00:00,58106.85,1.0174979674233755,66.6428671270444,4.852950697132321,57.06372937525942,9.483430158407913e-05
2021-04-10 03:00:00,59784.8,0.9308970138773048,63.74278457673892,5.080526225958046,57.9931753184305,0.04200177952224804
2021-04-11 03:00:00,59980.45,0.882310130478888,59.13044268578096,3.97002249896098,51.42538622558034,0.10879103124556333
2021-04-12 03:00:00,59845.76,0.8281393857077436,55.35975133904517,4.237466832900425,51.53224177873547,0.10100753466303747
2021-04-13 03:00:00,63558.48,0.8024796090143272,50.0860899872614,3.939543780944679,53.17282926337731,0.21519713393222806
2021-04-14 03:00:00,62964.27,0.7816127705131836,50.50610894569582,3.9108047396029937,52.364407851973425,0.22651082308761739
2021-04-15 03:00:00,63233.03,0.7728953309266737,48.769844634485935,4.067558802018019,44.389980251430536,0.14853394115712115
2021-04-16 03:00:00,61416.41,0.7740935741461525,49.7677038914939,4.614724979160704,46.79357274958218,0.09939687163746491
2021-04-17 03:00:00,60056.07,0.7912155070772902,50.478147022715085,4.984651785172181,48.15928542522674,0.07664006083790875
2021-04-18 03:00:00,56246.82,0.918420103236826,59.4168867884898,4.887384817703651,54.22901124041412,-0.023934987791990103
2021-04-19 03:00:00,55680.11,1.0449531634127074,64.27982482768748,4.829880776815915,53.52348756148437,-0.05276197255124648
2021-04-20 03:00:00,56496.06,1.1445357363934463,71.70011506933808,4.723363431117591,54.0088517395505,-0.0390813317050438
2021-04-21 03:00:00,53803.25,1.1549288077732172,71.6168444742412,5.264094702879483,57.475835349203706,-0.08390092288852768
2021-04-22 03:00:00,51717.61,1.1970505836925833,75.17671139335074,6.652986547688778,59.205318882836565,-0.12324904471772136
2021-04-23 03:00:00,51178.03,1.256640251975092,76.17011894303283,6.087855578044783,58.060793248845634,-0.10331919578757554
2021-04-24 03:00:00,50115.99,1.300040807118273,76.96154027987275,6.15315402283048,57.29044174433193,-0.13918789654931352
2021-04-25 03:00:00,49120.97,1.3074527308844262,74.93004033850117,6.4261202194458935,56.60849998799867,-0.16912490553042003
2021-04-26 03:00:00,54062.29,1.2328600150586375,75.88678190868232,5.160213865189994,73.12848224231733,-0.06805785519308194
2021-04-27 03:00:00,55073.48,1.1273942738127773,77.75478095119654,4.883121061522401,72.13847370083619,-0.015700963576266602
2021-04-28 03:00:00,54877.94,1.056067293998933,79.14262226059799,4.926696476623305,70.06161919624137,-0.05520443850213974
2021-04-29 03:00:00,53581.58,1.0614772711172218,78.98294842325048,5.36266433767847,70.63908577850164,-0.07787842569335623
2021-04-30 03:00:00,57757.97,1.0710230396162448,79.4320350396068,5.274224336259166,77.70432023715476,-0.03390209551591716
2021-05-01 03:00:00,57843.16,1.063344095619992,83.65384895461611,4.9088057331929456,77.68931651557828,-0.03563311045515649
2021-05-02 03:00:00,56623.51,1.0725608408445744,87.20732827177692,4.349184827896514,78.1606257941672,-0.053842577987145646
2021-05-03 03:00:00,57195.07,1.1949694060447966,90.36574856469342,6.7419168090071855,72.96359041685834,-0.10011897704287454
2021-05-04 03:00:00,53244.07,1.3025358270830665,94.18358427021961,6.282400737996589,78.00063094286416,-0.15437644238549886
2021-05-05 03:00:00,57506.88,1.3245412432999888,96.05036323730481,4.737186000425108,86.4714326534138,-0.09055631210460735
2021-05-06 03:00:00,56441.94,1.2351411723828385,96.03022888937205,5.259501917120797,86.01437261503322,-0.08099577946675818
2021-05-07 03:00:00,57374.33,1.1078642704563375,95.02273294025366,5.492356111742108,85.97037586546445,-0.04465393756201497
2021-05-08 03:00:00,58943.13,1.0275306301343534,93.07226385373035,4.722337713352402,82.03183603781203,0.04793711004462109
2021-05-09 03:00:00,58294.18,0.9708733127251454,93.10618291724904,5.378596562205228,82.06184869915222,0.04694800351507933
2021-05-10 03:00:00,55870.01,0.943034511988058,92.47581254249258,5.255423271174072,84.0407720220787,-0.011081303722772828
2021-05-11 03:00:00,56747.52,0.9104832012000275,93.88396686668459,4.39237594436808,81.40601161455484,0.054722902426898035
2021-05-12 03:00:00,49504.08,0.9657828039219365,107.41652909601311,5.32883584431295,97.53034035984498,-0.04280031501842407
2021-05-13 03:00:00,49700.6,0.9980751767404111,119.04032120245743,5.1632363153750385,97.45492648368962,-0.028868442181146925
2021-05-14 03:00:00,49887.96,1.0579763912540154,130.64400637417145,5.142753912408272,97.0242681669745,-0.004550044806058917
2021-05-15 03:00:00,46775.29,1.0429432134602108,132.254870088861,5.793831574485398,100.42402315999455,-0.04775312865360759
2021-05-16 03:00:00,46490.71,1.1502027610498142,128.5754586978251,6.404090378653955,89.40410775787086,-0.14005289084128703
2021-05-17 03:00:00,43552.14,1.250293645267919,125.05041400195428,6.1304129725943195,91.79311573594163,-0.2091994186675693
2021-05-18 03:00:00,42886.02,1.314692704528017,119.66873218064615,6.618828393675838,91.75831232739797,-0.2185198642660422
2021-05-19 03:00:00,36771.87,1.3005590918480952,129.32903069582076,7.593556419283133,107.57505997141857,-0.3137218051427375
2021-05-20 03:00:00,40597.4,1.2824915596475976,139.76921125392326,7.335324987976729,112.46833038784052,-0.29711172328251845
2021-05-21 03:00:00,37350.39,1.2742299703784248,148.97013188415573,8.441139262484725,115.4130360480077,-0.3542816471299286
2021-05-22 03:00:00,37491.5,1.228291905083321,149.70728127040272,7.419450400659927,115.84974477074257,-0.33788103210133036
2021-05-23 03:00:00,34716.84,1.2594175956963483,149.70728127040272,7.394029275134615,117.40817454200194,-0.3930099220090124
2021-05-24 03:00:00,38837.76,1.2611700863435327,150.0,7.175739009482486,129.92939430847278,-0.270571164075173
2021-05-25 03:00:00,38387.36,1.3155585446694922,150.0,7.972412642104245,122.97479048114859,-0.3324736101141289
2021-05-26 03:00:00,39295.08,1.3219764831505756,150.0,7.568143744780871,124.25343370548707,-0.3037964322275244
2021-05-27 03:00:00,38538.84,1.3353891391482515,150.0,7.9264377080987,123.39748557026238,-0.32829124104804375
2021-05-28 03:00:00,35680.92,1.3338106172041788,150.0,6.661737119101898,123.89989162628802,-0.39465515319597044
2021-05-29 03:00:00,34611.58,1.3192244045890733,150.0,7.111966009747192,123.81923780825585,-0.40626011035750054
2021-05-30 03:00:00,35662.59,1.3620850914047737,150.0,7.698546407618421,125.62543341521115,-0.36168635015458217
2021-05-31 03:00:00,37290.83,1.3515542375824225,150.0,8.021650598455423,127.89680825461407,-0.34286414630982986
2021-06-01 03:00:00,36683.51,1.365688538858932,150.0,7.6724288831214915,118.13458360939306,-0.2589800679055141
2021-06-02 03:00:00,37576.98,1.3538850726548681,150.0,7.595556118249051,119.01632913456423,-0.24393307123052832
2021-06-03 03:00:00,39229.66,1.32444615094113,150.0,7.832051581456651,121.2600147181056,-0.2136447351224623
2021-06-04 03:00:00,36861.5,1.319330167758533,150.0,7.443696620230449,121.09481802917253,-0.21194502481972854
2021-06-05 03:00:00,35538.4,1.2839304491858918,150.0,6.950255127555942,121.58241518004058,-0.23558061384736861
2021-06-06 03:00:00,35798.57,1.3229969302590456,150.0,8.156093538106644,119.52525690569674,-0.17802959854555944
2021-06-07 03:00:00,33582.86,1.279898465618029,150.0,7.816982707915833,121.71852824330847,-0.21692756753832598
2021-06-08 03:00:00,33409.38,1.2927253206793814,145.93452042015562,6.051875271041784,106.17605364067022,-0.09144190926379336
2021-06-09 03:00:00,37391.58,1.234296304031328,134.89476016396205,6.056168012552764,109.27344808251895,-0.07896614068881258
2021-06-10 03:00:00,36680.78,1.154686321537398,121.51695176993785,6.143561812329677,103.95149145599407,-0.017927791383169023
2021-06-11 03:00:00,37339.98,1.05510825355388,115.46217999311502,6.040853434083828,104.21474893510158,-0.004041449395196128
2021-06-12 03:00:00,35541.78,0.9806121759100715,113.89794679804044,5.853766500772277,101.17266023721572,0.023761955293166048
2021-06-13 03:00:00,39017.37,0.9751278243310395,111.69713274521926,5.387536871067987,96.86003263019171,0.0046246230472613
2021-06-14 03:00:00,40526.63,0.9246068441279247,107.19368860232156,4.832015588030284,97.93684179074113,0.05572850021465392
2021-06-15 03:00:00,40161.86,0.9154027560562374,105.79292384070709,4.970093929774627,97.66763770915013,0.02205823222652814
2021-06-16 03:00:00,38345.41,0.9146084088376698,106.76848319188021,4.461280227200502,99.38484358040783,-0.005019092427275829
2021-06-17 03:00:00,38082.3,0.920349188430876,107.81138596460427,4.70038299381291,93.59679679159854,0.0673015157680914
2021-06-18 03:00:00,35830.29,0.9071689756359295,113.7747748426574,5.498881811112961,96.43885318214052,0.03521104786317175
2021-06-19 03:00:00,35515.38,0.9143743080883501,121.78181790607134,4.969060518861232,95.74598783272478,-0.004127854987537316
2021-06-20 03:00:00,35602.26,0.9897327152669867,128.21794411606058,5.348596684119259,93.62672993900574,-0.04528110530122287
2021-06-21 03:00:00,31652.62,1.1462407207705396,131.6247506174422,8.041082679572098,104.63992327220528,-0.13714309235948263
2021-06-22 03:00:00,32537.58,1.1961073384782246,134.8650284078159,8.211264497958291,104.8513537508496,-0.1341087016572381
2021-06-23 03:00:00,33678.64,1.277591228182288,138.205172497919,7.320197251631414,104.10570474158631,-0.1415005890950879
2021-06-24 03:00:00,34649.84,1.2065490305361648,130.8053958821401,6.520245377664196,102.1458354560591,-0.05999918614272348
2021-06-25 03:00:00,31593.86,1.2595036279730913,130.83972071262008,7.8329536192886655,107.79296572359176,-0.1109937419805056
2021-06-26 03:00:00,32307.35,1.246217875924175,124.67944100286324,6.452129121046916,108.3065271278069,-0.09752400724386479
2021-06-27 03:00:00,34713.81,1.1987084892115762,125.98935541534223,6.027589450928419,109.86263919311658,0.033676405166206624
2021-06-28 03:00:00,34487.11,1.072835169851875,119.28384002862408,6.061053466388706,109.88421288291461,0.03225830590091783
2021-06-29 03:00:00,35901.41,1.021318767092333,118.72829338116816,5.254745687987132,98.51142261095313,-0.039853089920244056
2021-06-30 03:00:00,35056.39,1.0504744048348111,117.43142452209288,4.622647608380956,98.69145796800146,-0.04428449994792916
2021-07-01 03:00:00,33543.11,1.168280473747136,121.05749171774859,6.948321813571659,99.88529530160551,-0.10168377165708187
2021-07-02 03:00:00,33804.54,1.0976461413023053,118.09609095053861,4.98168665196226,97.97893369102721,-0.048878812484912104
2021-07-03 03:00:00,34682.84,1.163924031572341,118.16036389212961,6.460665425784061,88.3678387110962,-0.11109231606333292
2021-07-04 03:00:00,35287.97,1.1844319591176742,111.91291939475703,6.218118361690313,86.8113019698605,-0.12926463414303135
2021-07-05 03:00:00,33702.79,1.3019400748593697,114.94841277863719,6.232000029677422,88.40040062790055,-0.1608259677216145
2021-07-06 03:00:00,34237.66,1.3184353356499274,115.4780343809984,6.417534094325384,87.26156806787621,-0.10712494663637706
2021-07-07 03:00:00,33880.79,1.2989593029359054,117.36258561810844,6.766196615347936,87.29232953260234,-0.11032710734383167
2021-07-08 03:00:00,32874.01,1.2369740676732541,116.34214455775007,5.31023542754251,84.6393544622735,-0.0825078446197337
2021-07-09 03:00:00,33804.2,1.1573126650912664,110.38936589631085,5.072128722361329,85.65699644610785,-0.04818137944743939
2021-07-10 03:00:00,33515.13,1.1200296744495146,101.78286339534135,4.805453380540393,85.68893353908177,-0.0586235255851737
2021-07-11 03:00:00,34249.3,1.0367676213625387,89.57798352044024,4.646960532923372,70.74403440586453,0.08203681085483616
2021-07-12 03:00:00,33088.51,1.0102568767661675,82.95205387487285,4.802060436091283,71.74974014584956,0.01693211357451907
2021-07-13 03:00:00,32737.47,0.9564799532494898,78.61684799546721,4.8469372166327265,70.28496730535313,-0.02794560587957229
2021-07-14 03:00:00,32820.5,1.0297043126638667,77.64484754987933,5.081361001350943,69.04396129909635,-0.05279504898146703
2021-07-15 03:00:00,31867.46,0.9915230839725382,72.22989041578921,5.114139791134833,58.72351950976265,0.008659910501597423
2021-07-16 03:00:00,31401.76,1.0075744285668504,72.02409238916792,4.437178998027388,58.230029724603305,-0.028030463656103066
2021-07-17 03:00:00,31546.64,1.0600247812758348,63.924040796942315,4.704081172370688,47.494002012475804,-0.09123660007357293
2021-07-18 03:00:00,31806.3,1.1660875295534143,60.791169097039166,4.996104313610421,47.78914298425197,-0.07773368078682152
2021-07-19 03:00:00,30847.55,1.2693684554218334,54.116904948677934,6.2193568979880585,44.546888327187986,-0.1407705156984086
2021-07-20 03:00:00,29795.55,1.3149340089634263,57.7714700844102,6.742341802332377,45.50525533083977,-0.15006793340671987
2021-07-21 03:00:00,32139.48,1.2664960651308035,61.67058937983726,4.551213257760607,55.90460248367721,-0.041845553378920486
2021-07-22 03:00:00,32299.47,1.1874087286793558,62.73112835939552,4.582720260903157,55.82530109816719,-0.044522717954452284
2021-07-23 03:00:00,33637.92,1.078501406417952,62.02408419697807,4.576579965907337,57.667120576745276,-0.030127867268078368
2021-07-24 03:00:00,34282.56,1.0575256103977881,61.06816560158495,5.132855891777737,57.7777454033507,-0.02849157942494296
2021-07-25 03:00:00,35369.93,0.962300566908616,61.09850906151488,5.246211164427318,55.8333512440121,0.0494659344226398
2021-07-26 03:00:00,37269.52,0.8992105730146358,63.333737310447646,5.242276914189396,59.73599242597458,0.08855336492038268
2021-07-27 03:00:00,39496.69,0.8394397001560411,63.96344937870955,4.070501866242585,63.71243010797991,0.1657546946219377
2021-07-28 03:00:00,40030.01,0.8213768747008645,63.8929016238421,4.007956858057567,61.40261903476504,0.21767955901941982
2021-07-29 03:00:00,40030.52,0.8423739112097871,61.539776230767536,4.33503083928498,61.004645074318574,0.18418776365067058
2021-07-30 03:00:00,42231.83,0.8380431004876,61.92860167970226,3.7001850052972904,63.488702793101524,0.2600825358576859
2021-07-31 03:00:00,41474.72,0.8319849333379823,61.39794741100721,3.9604544991282222,64.582861916608,0.21096547958644396
2021-08-01 03:00:00,39870.76,0.7868583183188287,62.84262001021566,3.888152425027529,65.23814396387725,0.20497296493556227
2021-08-02 03:00:00,39158.53,0.7954382921058797,65.58197990964247,3.6067538978106093,65.74809357781326,0.19613794224171865
2021-08-03 03:00:00,38189.3,0.8208288608089057,69.44030240618737,4.019649574898061,67.32172796245291,0.16358068889870658
2021-08-04 03:00:00,39738.56,0.844717763589545,75.96879669348817,4.205559142509956,66.49060943473611,0.24699489698896615
2021-08-05 03:00:00,40888.18,0.8156609602808776,75.51927795091788,3.858388151193543,65.78304941971098,0.30209835372284877
2021-08-06 03:00:00,42852.18,0.77704870874049,73.59677445137412,4.144189280767107,67.21266175325975,0.35837540860135975
2021-08-07 03:00:00,44617.96,0.7500651338885492,67.2218058838392,3.791037529039891,67.95151172274804,0.40280258942410785
2021-08-08 03:00:00,43827.75,0.7802783556898243,65.45569947565296,4.560781217176453,66.46252143322404,0.42078544325238143
2021-08-09 03:00:00,46292.61,0.8010575440134126,65.33241796200998,4.445420981625054,63.94112509273741,0.5536752971500778
2021-08-10 03:00:00,45601.03,0.8072932762442608,63.24090686652169,3.9375117643029496,60.64901898219519,0.41884778471835893
2021-08-11 03:00:00,45556.69,0.8189657518565078,61.65820408780338,4.158782698692823,60.949225550297456,0.41044698256658707
2021-08-12 03:00:00,44425.52,0.8176547567829283,62.851142595868794,3.9725970255966168,62.56950970892289,0.32069759366809847
2021-08-13 03:00:00,47832.93,0.8063550150512103,65.28258002736395,3.902649955895933,67.9852808739942,0.39525548850494263
2021-08-14 03:00:00,47102.03,0.7863846697693959,68.0771892334895,4.175485706996022,69.03836376881706,0.3316970092957492
2021-08-15 03:00:00,47015.94,0.7919288482854977,66.5938214525525,3.669840931543268,67.1119167383172,0.26151181984635175
2021-08-16 03:00:00,45927.4,0.7972240196312694,65.71047357445009,4.2571028592076425,65.1569284500524,0.16281642841463428
2021-08-17 03:00:00,44684.43,0.7782866240577869,64.52746949942599,3.6119384810089206,66.79629933180028,0.11627326598219678
2021-08-18 03:00:00,44714.54,0.7731115292811334,73.35673535468885,3.9326117204567295,66.78535144221873,0.11701122043880541
2021-08-19 03:00:00,46761.49,0.8054206476405282,76.51168234714976,3.8844185939995266,65.59558673341779,0.10725701443674107
2021-08-20 03:00:00,49336.45,0.825438394933535,75.59577455394047,4.1313919379662805,67.92443280728929,0.1895547456378246
2021-08-21 03:00:00,48867.87,0.8092217198026264,67.23618401589299,3.953751313665354,65.04801438257934,0.22565684727354074
2021-08-22 03:00:00,49289.71,0.7912480053611451,64.88628543969331,3.8609392875745208,63.78028621696341,0.25872217368731665
2021-08-23 03:00:00,49521.06,0.8040005617488682,64.16995208745567,4.187053684521155,61.72003659786402,0.29672604630092714
2021-08-24 03:00:00,47690.54,0.8276152867488263,63.77346888434886,4.203441265207113,64.04651517950445,0.20010740197933696
2021-08-25 03:00:00,48996.44,0.8267612449829036,65.31275367512396,3.8523252388844615,63.96058315180837,0.19830327493177746
2021-08-26 03:00:00,46852.22,0.8128670150459102,69.55254608987197,4.696881551039935,65.37264576768168,0.09334507602647046
2021-08-27 03:00:00,49088.1,0.7975687008014977,73.61210865635324,4.248335474918044,66.1205156306444,0.10018700989467022
2021-08-28 03:00:00,48918.9,0.8073085760000761,73.78779513729053,3.870412914059669,65.44238572504909,0.11616270513544502
2021-08-29 03:00:00,48794.26,0.8377921220951778,71.60265963492382,5.179507090535385,61.48142899850377,0.05403994287641156
2021-08-30 03:00:00,46993.31,0.9045396428567495,70.49148408183791,4.699062229390307,63.407224520832315,0.03053176649737943
2021-08-31 03:00:00,47159.26,0.9048237661619529,69.25984983876286,4.724555781116697,63.395588238411406,0.03517748984836255
2021-09-01 03:00:00,48840.01,0.8888301601676529,70.84476360396705,4.9273975160902195,63.69692523307444,0.09936833603748485
2021-09-02 03:00:00,49280.77,0.8735032744118145,66.30058732513784,4.864017920675535,55.09827657181944,0.030268687283007578
2021-09-03 03:00:00,50019.51,0.8843456179348276,64.62494860441977,5.4785845808077305,54.803422531234816,0.06193958094799745
2021-09-04 03:00:00,49935.29,0.9179234863179887,60.778587398458534,5.32278995141135,54.800819303175565,0.06209277108997502
2021-09-05 03:00:00,51784.16,0.880312636210422,58.90280782091656,4.100106295892258,55.2266912930622,0.1275221327573519
2021-09-06 03:00:00,52693.32,0.8702819462490824,55.61160551821618,3.983802722341237,53.286090995337275,0.17923222921272575
2021-09-07 03:00:00,46856.31,0.8535240702688962,62.59098220333871,4.663674993184977,73.80696189570027,0.04789873718929005
2021-09-08 03:00:00,46073.45,0.9062071091023727,74.21116997134779,4.983737584243798,71.65736724243003,-0.014713816860839946
2021-09-09 03:00:00,46392.85,1.0157458492821558,86.59581815129911,5.052076319460019,67.3668722994009,-0.059663798266798684
2021-09-10 03:00:00,44853.1,1.0951262427936452,90.79573172685393,4.602981909054518,68.59162271610573,-0.08215561676823657
2021-09-11 03:00:00,45166.12,1.1589961108306974,91.03934606774276,4.623122921711047,68.53839509107966,-0.08366026093478729
2021-09-12 03:00:00,46049.72,1.1270634905132821,87.28641497433124,4.928809376054729,69.18064916541,-0.07009825718593254
2021-09-13 03:00:00,44958.56,1.1088382397419576,80.88361470442666,4.85891525794813,68.1531086780856,-0.057285574875017176
2021-09-14 03:00:00,47129.01,1.0650155489030249,77.88768704566553,5.348759534992644,70.44819667212185,-0.038113585395183835
2021-09-15 03:00:00,48148.45,1.0332703688707374,76.346391498851,5.22750094069782,68.38014266477263,0.027666351775860187
2021-09-16 03:00:00,47764.47,1.0602904829341055,76.14943641922335,4.872080242734964,65.29532234599182,-0.0269643762948657
2021-09-17 03:00:00,47297.98,1.062982993980157,73.23723987851984,4.995374414081153,65.40046948495406,-0.03313484154386137
2021-09-18 03:00:00,48312.46,1.0843841651490118,71.69751286501055,4.795367913876622,66.09846592783747,-0.009874112241890831
2021-09-19 03:00:00,47251.76,1.0160200478615733,71.2580916142506,5.094140042305471,64.78589157200304,0.0054997190025560805
2021-09-20 03:00:00,42925.46,1.0752352166071104,78.85481233093851,5.2750123852383,75.82322392231404,-0.08977664195748625
2021-09-21 03:00:00,40709.59,1.175450085108362,89.10919840160852,6.809672266511936,76.24155119888727,-0.16647048188565083
2021-09-22 03:00:00,43576.15,1.3121865301824525,102.35525007566413,7.173148019324338,83.11806633109062,-0.11575752570424525
2021-09-23 03:00:00,44893.87,1.3312611980856974,108.17229450917232,6.516532900163483,84.07957160895073,-0.10247281510754502
2021-09-24 03:00:00,42848.41,1.307388492404553,112.97279976755986,6.592499634214955,85.87332615133387,-0.14192127451347525
2021-09-25 03:00:00,42721.91,1.3102069191936532,113.87651000853616,6.425751026925825,83.63766241346374,-0.1750004248403373
2021-09-26 03:00:00,43201.79,1.330931341043948,114.35625134086244,6.9383616650946305,83.30015421377405,-0.18012776572058842
2021-09-27 03:00:00,42187.51,1.3239592208422108,102.49298845663104,4.807482654370518,70.10410674262157,-0.09964079544462623
2021-09-28 03:00:00,41056.79,1.3035978963329118,94.59842640759689,6.748443854781585,70.57047074117786,-0.10888396679649548
2021-09-29 03:00:00,41539.43,1.3250026520109375,88.05362725619567,6.931606430682482,70.75816702947306,-0.10461568970218471
2021-09-30 03:00:00,43829.34,1.2594452437533616,88.4950752271637,5.1369153632019895,73.94978985562763,-0.022824732292751282
2021-10-01 03:00:00,48164.35,1.1180171774243692,89.36721444823415,5.138094012137567,85.2799968459155,0.06638227946079933
2021-10-02 03:00:00,47669.02,0.9958170762666748,89.950759321752,4.801808137362013,85.19763828253637,0.03516416603618855
2021-10-03 03:00:00,48234.05,0.9081388890103096,95.55868611708631,4.52019159121034,84.43444264533652,0.07285575872536865
2021-10-04 03:00:00,49276.91,0.9276672263752582,94.02047967792599,5.018383683549375,82.52249722228169,0.045574901743109075
2021-10-05 03:00:00,51504.27,0.8667369408547921,91.86721549421527,4.698379376206745,84.13702242929554,0.06969736305114704
2021-10-06 03:00:00,55345.85,0.8671540249189441,88.40655169066561,3.8695978406080997,89.07262472943819,0.15872425675402657
2021-10-07 03:00:00,53797.21,0.8173847622549485,89.48355996950902,4.674008760186342,90.12079329789357,0.1374103080089255
2021-10-08 03:00:00,53949.29,0.8142916057667963,89.18035171555776,4.039136165868905,89.91836943268535,0.11667445623758343
2021-10-09 03:00:00,54968.04,0.832681254765873,89.55019460008786,3.888681053838305,89.11776602868177,0.1633014304652356
2021-10-10 03:00:00,54700.24,0.8337745096646084,84.83532062811643,4.213640415409462,77.30999457160283,0.2743076020618067
2021-10-11 03:00:00,57498.8,0.8052601771993668,79.72808829142366,3.6109203438699953,73.17580997870104,0.4124141264994319
2021-10-12 03:00:00,56010.9,0.7819804447878441,74.12540542914279,4.338167910810956,71.49250655880952,0.2853567834698567
2021-10-13 03:00:00,57369.0,0.7704355207177257,71.82347375866924,4.031176961789511,71.2648840410401,0.27788047677778716
2021-10-14 03:00:00,57359.21,0.7849162605812395,68.24082194994158,4.358667006797087,66.58634814433016,0.33865433979930626
2021-10-15 03:00:00,61684.96,0.7670016687191961,68.02244891974384,3.853795484498531,70.75672956237479,0.443871774459522
2021-10-16 03:00:00,60877.77,0.7691742457635078,67.37357578243211,4.021734612927751,72.03180760910197,0.4091492505287395
2021-10-17 03:00:00,61520.54,0.7624747602547273,69.3039277526359,3.8365881742330763,69.70097182222574,0.45826430618920155
2021-10-18 03:00:00,62038.16,0.7922715418040163,67.66495593487835,4.2716099729046375,66.7532216188622,0.5110328888351963
2021-10-19 03:00:00,64283.97,0.8077918001248952,66.11589632594364,4.123484033854633,66.8904363840032,0.547540974924307
2021-10-20 03:00:00,66021.02,0.8084112918041809,64.12829603612012,3.85066042789919,65.32729849024398,0.5063201955585006
2021-10-21 03:00:00,62283.96,0.7970460013963804,63.37281546425385,3.923117020723581,63.56219294545539,0.2931547918740729
2021-10-22 03:00:00,60693.59,0.7810671060336499,65.76823727492314,4.285822199479918,64.97455516296252,0.2732292377732959
2021-10-23 03:00:00,61313.09,0.7915278855740504,69.69647773073251,4.106895944908501,64.98244945087475,0.2711578231560483
2021-10-24 03:00:00,60863.56,0.7926826023753598,77.14042822389557,4.317903249866522,65.38711752757305,0.23513345297016386
2021-10-25 03:00:00,63089.04,0.7921939191862877,77.35213932175866,3.903358823059808,64.62313786281338,0.2249283408929008
2021-10-26 03:00:00,60315.68,0.8068215885135922,74.98796489401965,5.32466077958142,61.90674012948424,0.0897958925556297
2021-10-27 03:00:00,58464.42,0.8059755127017619,68.09231066307387,5.2093883049574385,62.19280057082901,0.08675561427813827
2021-10-28 03:00:00,60610.11,0.824032088540581,66.28800605530384,4.1506589463674555,63.66618026615636,0.12346446079271844
2021-10-29 03:00:00,62282.5,0.8158815161712054,64.89167625555534,4.107033244479344,64.10243609349607,0.13306750613629292
2021-10-30 03:00:00,61891.91,0.8285606169607346,65.91321144688243,3.8452478579214766,64.15414098241887,0.1314741946287623
2021-10-31 03:00:00,61349.75,0.853320640521645,66.37443778134116,4.980011853135877,61.22137884279613,0.06697444120572937
2021-11-01 02:00:00,60960.98,0.8738602756080828,67.33481420157892,4.943862342728509,59.96207120167723,0.08837708374619946
2021-11-02 02:00:00,63260.05,0.8554417708897842,65.52195355777106,3.9037645800077714,61.07077256459359,0.1026869912321986
2021-11-03 02:00:00,62929.93,0.8269095892308256,67.11605582927838,5.050041828459484,61.196883394304436,0.09711988711141606
2021-11-04 02:00:00,61448.47,0.8676910881126793,65.66375226916688,5.348994177042923,53.4781267630113,-0.003833835670802088
2021-11-05 02:00:00,61019.66,0.9791767779533845,64.64625254340349,5.335110291634255,53.25021026104891,0.0023307358334578865
2021-11-06 02:00:00,61529.76,1.052993487721118,59.55296272943243,5.079326276149029,53.178559724849684,0.00014986864549637602
2021-11-07 02:00:00,63302.78,1.061212316013463,58.70713658679542,5.10208823947199,54.4694151310196,0.020384550412197777
2021-11-08 02:00:00,67549.14,1.0069002090831234,60.57598572122447,5.030269589673219,59.61421868198582,0.050792911514332406
2021-11-09 02:00:00,66939.24,0.9906143882879433,61.10899525409141,5.023558592954957,58.80055815313207,0.013907994756821473
2021-11-10 02:00:00,64926.06,0.9683714635834823,61.77413544563157,4.656488516044975,54.74837599524614,0.04242023146890461
2021-11-11 02:00:00,64820.8,0.9369971891067698,60.542411197877335,4.929162523141558,53.33380754566135,0.06800075592826205
2021-11-12 02:00:00,64156.3,0.9184445725755608,60.428444186117325,5.266446185945769,53.56701792073475,0.0463719900595454
2021-11-13 02:00:00,64409.56,0.8779105645909299,59.65893619767413,5.044298706049441,53.380130025837815,0.05826146219511319
2021-11-14 02:00:00,65509.06,0.9127319059802265,57.83427569791099,5.0552684085140696,51.66144729390477,0.03835880209938214
2021-11-15 02:00:00,63614.06,0.9155043753072807,55.746729760409174,4.7581775543677916,49.43067559591251,0.054685282500338106
2021-11-16 02:00:00,60108.9,0.9489631265421998,59.4876179882767,4.498912143202578,53.55253057730961,0.028127876749654
2021-11-17 02:00:00,60365.6,0.9713882080725172,62.17188360573994,4.525228862924357,51.2291963563772,-0.00403414545857117
2021-11-18 02:00:00,56930.68,1.0596312780150228,67.32100315552131,4.705561189575555,55.10034547108194,-0.08592814996186726
2021-11-19 02:00:00,58136.22,1.1445785260080397,68.87910653180876,5.179781618147872,56.129353798014456,-0.06068143639451429
2021-11-20 02:00:00,59769.66,1.1768531054921543,71.810618745507,5.111679661688062,57.55710629052446,-0.02575544317621503
2021-11-21 02:00:00,58700.83,1.130733881198921,69.69649584078972,4.6612135860284045,57.97747187887878,-0.037075355415874256
2021-11-22 02:00:00,56303.06,1.1368385188386707,70.88893927251705,6.582189656919965,57.4946450180281,-0.10997446255575205
2021-11-23 02:00:00,57566.6,1.1433569235105432,67.92374076051827,5.235784651137201,58.71079111374995,-0.08522701360068252
2021-11-24 02:00:00,57175.09,1.182565266513144,67.97833612734394,5.610966487022884,58.072202338055604,-0.06954412371862151
2021-11-25 02:00:00,58966.99,1.155803280155111,63.98988388816838,4.8763024545550735,59.86739674878633,-0.033639486027945864
2021-11-26 02:00:00,53788.22,1.2080116588290852,73.91452503174838,6.447608441970243,70.12611389567246,-0.12581781563913141
2021-11-27 02:00:00,54805.03,1.2703250107813835,82.72086477450551,6.291849984575692,69.30239586948245,-0.13423976008636584
2021-11-28 02:00:00,57331.41,1.3358731327093885,88.6618228426516,6.506355517957968,65.49512838214585,-0.15126365783487394
2021-11-29 02:00:00,57839.55,1.3439523471536674,87.41622754559349,6.111044163017298,65.86488958194114,-0.13593954756582238
2021-11-30 02:00:00,56975.35,1.3166052079095893,86.24049499968253,7.293467487529705,65.14657777530476,-0.12245791597395561
2021-12-01 02:00:00,57227.97,1.3124339691293605,85.48947653278975,6.362291852937404,65.27500032312871,-0.11713570335447887
2021-12-02 02:00:00,56522.76,1.3105253903819662,83.19708352517567,6.195811001854372,65.3090915495773,-0.11898348252626789
2021-12-03 02:00:00,53663.25,1.3566915606446421,83.31927780735587,6.682693742822432,67.86013078853347,-0.16684340026542643
2021-12-04 02:00:00,49243.39,1.3524022471719064,89.31513315949621,6.281400585979153,73.7126534963546,-0.24829649517181285
2021-12-05 02:00:00,49465.5,1.3313777650689305,94.44054053847469,6.392745785995299,73.74746597113561,-0.22241246667796388
2021-12-06 02:00:00,50552.83,1.2754376220060346,99.0027263270648,5.83671766511136,72.38671870381567,-0.1589792859293715
2021-12-07 02:00:00,50633.01,1.3106601817398802,98.30933697342202,6.455744155943533,72.30892578296003,-0.16122742091522324
2021-12-08 02:00:00,50513.04,1.3245432991029287,96.63110624915494,7.180923719123422,68.90428055907933,-0.11272726761739016
2021-12-09 02:00:00,47593.85,1.3128785663929625,94.96449256433408,6.971396735522122,71.2865809455082,-0.18133910323030977
2021-12-10 02:00:00,47191.14,1.2438758757965556,93.34786800932211,6.816019289812731,69.28765025867659,-0.2104499172322547
2021-12-11 02:00:00,49398.4,1.2486345572216722,94.45563302674726,6.196788847112163,73.45231460452183,-0.15847186487823084
2021-12-12 02:00:00,50109.99,1.273763335716639,94.47823065511894,6.572963605550731,72.47277220080795,-0.10999526491100131
2021-12-13 02:00:00,46731.03,1.3246545705560056,96.78449054708581,6.427934074743003,75.99429648485757,-0.18822668005405907
2021-12-14 02:00:00,48387.69,1.3295410609747353,100.38155545067623,6.520349291372234,78.39882521125357,-0.1536928057306074
2021-12-15 02:00:00,48885.05,1.3393927278560724,104.52143104688332,6.171094170875174,76.89687340314578,-0.1709759986053213
2021-12-16 02:00:00,47635.92,1.32926930531466,102.19694102566497,6.180417592676838,68.73064337328245,-0.11438006314393756
2021-12-17 02:00:00,46164.14,1.341519348626555,97.12871919608203,6.152818351135034,68.63652860977446,-0.15766600255487495
2021-12-18 02:00:00,46861.62,1.3407833110049074,90.11076336401312,6.996303161476676,65.13922796861658,-0.18261874250083854
2021-12-19 02:00:00,46697.13,1.3146743976481605,87.38804660241875,6.402421705917312,64.68323985963741,-0.1926436149658841
2021-12-20 02:00:00,46913.54,1.2615326797147834,85.39801167842484,6.414360944723262,64.94098607706874,-0.1765993539311298
2021-12-21 02:00:00,48917.48,1.238550260573608,86.02387055905177,6.403146938509622,68.43928176371598,-0.1452172774956022
2021-12-22 02:00:00,48614.97,1.253218861157486,88.751620451032,6.75169308755011,68.40110846853646,-0.13990452695515931
2021-12-23 02:00:00,50830.2,1.2235294472406577,84.50716912435308,5.17917942381474,68.93093810423278,-0.052793112604995085
2021-12-24 02:00:00,50840.36,1.1078942258552336,77.51034090874589,5.184550610818768,58.7258879321698,0.032430139354743925
2021-12-25 02:00:00,50431.63,0.9967953903564082,66.87230422682673,5.050656007585013,58.8694630019978,0.019531390565141304
2021-12-26 02:00:00,50790.88,0.9477454154930228,64.30964730493643,5.407580146902433,58.21119352534806,0.00470893518720894
2021-12-27 02:00:00,50714.73,0.9565108135719161,64.71859575962934,4.94029951833589,58.21689366561718,0.001613966856799598
2021-12-28 02:00:00,47536.39,0.9851340897263762,73.04260229321812,5.016713592643944,64.18653710700245,-0.05892834800677216
2021-12-29 02:00:00,46471.7,1.0367044548782733,76.73369874048858,5.126312378936407,59.97086336820914,-0.023577626100851345
2021-12-30 02:00:00,47129.66,1.0403442276602786,80.68887441901911,4.689019949471778,60.18800774293922,-0.0013027869214432553
2021-12-31 02:00:00,46197.31,1.0406210576076813,76.53507044256973,5.279627841859467,56.969201315261486,-0.064801491546285
2022-01-01 02:00:00,47737.35,1.0146470430034726,75.9275514823809,4.818124343919342,58.62491480644974,-0.04734864245632453
2022-01-02 02:00:00,47306.41,1.000937935325003,67.20103110245678,5.026139293271576,50.896756503176164,0.012312589728923351
2022-01-03 02:00:00,46450.79,0.9855296761466006,61.66083225998971,5.102148977531097,49.02972714616378,-0.04002877591387399
2022-01-04 02:00:00,45824.54,1.0019861739125537,54.76041625459515,4.943184742047754,48.96278327516534,-0.06260625692312893
2022-01-05 02:00:00,43432.51,1.106926859319153,62.086554958405905,5.608683063739205,52.52349627169299,-0.08824034468107256
2022-01-06 02:00:00,43094.54,1.1197708392514736,66.21182810343556,5.693218259657151,51.18154620654624,-0.06649316980669406
2022-01-07 02:00:00,41543.79,1.1560757651568492,70.3401636038562,6.678982658333633,52.332643193449904,-0.11347943156894702
2022-01-08 02:00:00,41686.67,1.1757247908410722,67.70279543496451,5.74283743510862,52.47114360729107,-0.10729695807857997
2022-01-09 02:00:00,41869.6,1.234222560491994,67.2025827844833,7.025596835779178,52.462298283886945,-0.10751565539500962
2022-01-10 02:00:00,41832.59,1.2645412742552937,66.03063790996084,5.484352166622945,47.903105941305526,-0.14483350327940048
2022-01-11 02:00:00,42743.03,1.2666244086521037,65.4518598143405,6.438720872986524,49.510437036582054,-0.12078460605858654
2022-01-12 02:00:00,43919.67,1.2887347458912368,63.67869885911056,6.09304745456389,46.39647290459726,-0.13595323252711966
2022-01-13 02:00:00,42575.61,1.2868315048730083,63.681947985656855,6.2729138271209575,47.33540179388687,-0.16256277492920979
2022-01-14 02:00:00,43089.83,1.2742697891337782,62.87638705580293,6.445343033575985,48.149032868943145,-0.14557927237331003
2022-01-15 02:00:00,43088.74,1.2794534278143275,63.19374362923756,5.724752773861696,47.826879009735066,-0.15164415343857007
2022-01-16 02:00:00,43100.36,1.2870696810630635,63.198170794951466,7.144271667126276,47.87820607658351,-0.15014119172082752
2022-01-17 02:00:00,42224.38,1.2886405523142919,59.445999741823265,6.531019727018872,41.55486304644809,-0.1117461801369436
2022-01-18 02:00:00,42372.75,1.238419998929641,53.47558114587526,4.76835536326243,41.02336452770673,-0.08820314298809806
2022-01-19 02:00:00,41674.8,1.1795477071395633,50.599179717374284,5.794934334844091,40.44637959104634,-0.11574155213510984
2022-01-20 02:00:00,40697.03,1.2032793783401656,50.915701034988594,6.818311184349629,40.71831214831287,-0.11906061197069695
2022-01-21 02:00:00,36469.3,1.2623422145470755,61.04324994089139,6.552750028089928,54.9102670437395,-0.23604263747359244
2022-01-22 02:00:00,35075.92,1.3065331051723503,68.16218520650806,6.084438452707446,55.91438295947416,-0.258537690769602
2022-01-23 02:00:00,36288.15,1.2969991155166711,77.04903022075314,6.576416833632182,59.649792585310536,-0.2187829313559575
2022-01-24 02:00:00,36702.79,1.3114980255764364,79.37274681406656,6.995984857522008,60.457561304092735,-0.19905819021860338
2022-01-25 02:00:00,36975.99,1.2845091570849119,79.7365106567968,7.293496802479318,57.876916706415436,-0.14865638665598657
2022-01-26 02:00:00,36829.37,1.3044698631258302,78.0454122825726,6.216421948898426,57.89707820377454,-0.14538199038671717
2022-01-27 02:00:00,37189.85,1.2528296113565442,76.0270796354938,6.9500105081839765,56.84367032865689,-0.1048036300973022
2022-01-28 02:00:00,37744.7,1.2461916633974672,70.73689532777686,5.028215201758286,57.38325149883322,-0.09456188273133836
2022-01-29 02:00:00,38184.86,1.17934266965466,67.0977972926066,4.96573211678881,57.68318839696892,-0.08800513976727742
2022-01-30 02:00:00,37908.44,1.1948018975507737,62.799814458402615,5.218336843792141,57.67808658746,-0.09380604930270864
2022-01-31 02:00:00,38494.66,1.1998607919254103,64.73922618290588,4.928699602945457,57.18852817053154,-0.09939328119695767
2022-02-01 02:00:00,38721.49,1.255779008800931,68.6216093963464,6.383533148012425,55.56454996590238,-0.11835653592114881
2022-02-02 02:00:00,36918.19,1.2423496764293402,73.32945136679012,6.6665960620040705,57.321613590749564,-0.1328793645000036
2022-02-03 02:00:00,37328.64,1.2746360055700618,77.00740681199277,6.635620862304941,57.262777390477495,-0.13370185029739046
2022-02-04 02:00:00,41590.34,1.1814741919971592,80.26841264896245,5.062415201669026,77.14824186340607,-0.03477474625621457
2022-02-05 02:00:00,41418.21,1.1336426863537705,82.18626333536237,4.934363733316617,77.15734519404079,-0.03902867632660145
2022-02-06 02:00:00,42412.41,1.0662190846384385,85.98670237991888,4.703901977844435,77.37193763470388,0.004453114527673385
2022-02-07 02:00:00,43861.07,1.0366127717615718,85.31846892539401,5.3155131996591365,78.65979478685328,0.03512446088582877
2022-02-08 02:00:00,44080.12,0.9879485490639467,87.23106834155065,5.490981390387949,78.19664706743733,0.05771641375603487
2022-02-09 02:00:00,44422.91,0.9065767433865832,87.03818581859018,5.168622264118804,77.25236778560985,0.09155164394060211
2022-02-10 02:00:00,43531.67,0.8436238986441702,79.90425774963096,3.745444561199689,61.14068092567263,0.19365246933722324
2022-02-11 02:00:00,42398.98,0.78068983678491,71.5573565973084,4.1368963314520215,59.51944794066689,0.20877741767001412
2022-02-12 02:00:00,42239.01,0.781344851718781,63.610118557303416,4.011027195248194,58.724382433125264,0.16398907081237257
2022-02-13 02:00:00,42069.84,0.8064236478660837,64.95812410213561,4.2055121040524615,58.92372949314846,0.1462300277444848
2022-02-14 02:00:00,42552.28,0.7931309510236147,65.65776640600681,4.017572580619675,58.95093870466348,0.15080840296635745
2022-02-15 02:00:00,44576.33,0.7820055201738468,65.42400619213743,3.8661025452574234,61.099936587307155,0.21034733963681695
2022-02-16 02:00:00,43896.34,0.7455718108737722,64.49102952739372,3.799888825798469,62.05041234994781,0.18033119251623764
2022-02-17 02:00:00,40545.09,0.8057710162380767,69.84822177448405,5.3831899948021436,71.80502066931874,0.0741929330475537
2022-02-18 02:00:00,39994.66,0.8535983428244429,76.04988670834518,5.4070249594442,72.11286658877115,0.04739574794827073
2022-02-19 02:00:00,40107.12,0.9065648959478189,87.0283753988608,5.335876480374829,71.96690353629793,0.05799974886858972
2022-02-20 02:00:00,38397.25,0.9547443509432014,92.63437041313982,4.524939279845421,74.34913460426087,-0.002530480851110295
2022-02-21 02:00:00,37037.39,0.9797639256592658,98.72508537427733,4.799651515258932,75.86086166158833,-0.043492644523751456
2022-02-22 02:00:00,38267.75,0.9683102886514711,98.79209050364075,4.97421090592423,74.39513028660205,0.0365554215956958
2022-02-23 02:00:00,37270.85,0.933160801384112,98.91244152682776,5.154375624203925,75.25777940885973,-0.0015481410520179484
2022-02-24 02:00:00,38353.62,1.0018077329668895,86.59082448730629,4.960243070779421,57.21394782182173,-0.07782384082457594
2022-02-25 02:00:00,39239.77,1.0936870799361973,76.32268491560127,4.8405366088400745,58.33838684865985,-0.0525961889709865
2022-02-26 02:00:00,39134.83,1.162115856733822,63.90124518618498,4.896729882860983,57.132851076083355,-0.07727879646546854
2022-02-27 02:00:00,37714.96,1.1781188784914525,67.2830560246115,6.002674951772044,56.109653156488505,-0.14012676845320915
2022-02-28 02:00:00,43189.46,1.1208052347307114,76.60923601319077,5.025015297026992,85.93628329563452,-0.020205480384354768
2022-03-01 02:00:00,44428.47,1.0536764226296198,88.22102865109399,5.250281980927585,86.7646593991964,0.00012516064346068667
2022-03-02 02:00:00,43935.37,0.9558084507364407,94.73660459496966,4.854721665304621,86.4315158566211,0.00927370808425243
2022-03-03 02:00:00,42474.37,0.9985604315738481,93.98564122416359,5.0514500629959,86.92613013525826,0.0017781088129951161
2022-03-04 02:00:00,39154.4,1.0525225183727092,94.79555751826659,5.24871201896697,93.29276560956617,-0.0730275165066605
2022-03-05 02:00:00,39407.02,1.0820132402590794,106.69026958544568,5.421730305067997,93.37124802761963,-0.06329522527302223
2022-03-06 02:00:00,38428.92,1.1483610003280174,117.07891715828966,5.041688315508901,93.64021357784004,-0.09690103562018304
2022-03-07 02:00:00,38030.63,1.215451197413118,123.98336032816638,6.828596832318804,90.74001494933796,-0.146842505876998
2022-03-08 02:00:00,38748.52,1.2828181746294314,120.05434429846876,6.634822467473625,91.30406477737795,-0.11727219171347769
2022-03-09 02:00:00,41962.85,1.171778843257137,112.14190713519918,5.102316052562307,92.79607339844338,0.03496748928168625
2022-03-10 02:00:00,39443.42,1.049180511479281,107.78151410415963,4.9636336794160005,96.42317123683135,-0.013782840009141317
2022-03-11 02:00:00,38741.03,1.0175449468782511,105.00090016404954,4.868292607550181,96.72907071906958,-0.03406103454947662
2022-03-12 02:00:00,38805.53,1.0286111234162612,106.59819392708022,4.782078368613824,94.8603563810057,0.010633053148337401
2022-03-13 02:00:00,37796.31,1.0385436981489287,105.35060497223283,4.923203370205572,94.23704841735602,0.020490644724155738
2022-03-14 02:00:00,39696.28,0.9481055954940384,110.98545429247093,5.321478637652311,95.58933056761784,0.037329866532524125
2022-03-15 02:00:00,39314.86,0.9188056380883133,111.57847936169894,5.1864238402967135,94.88544286343115,0.05484205484983584
2022-03-16 02:00:00,41133.64,0.9111115227845822,112.40764602763493,4.962151153133424,96.04294077633048,0.07248390112849834
2022-03-17 02:00:00,40956.79,0.9096400628231877,105.36473922710854,4.966986094199659,95.74525142953179,0.04375713721053942
2022-03-18 02:00:00,41790.97,0.9219561635645785,104.95189788820859,5.3771665274782805,95.97499458169607,0.06787150985452084
2022-03-19 02:00:00,42235.02,0.849770655897213,100.74121260852014,3.967458782321141,94.22701422572032,0.11984793302180341
2022-03-20 02:00:00,41243.16,0.9044128704824699,91.34633787804792,4.949617307060843,71.44219884409453,-0.045064235579699186
2022-03-21 02:00:00,41043.9,0.9711523899796005,81.38798769354925,4.663191075180398,70.13177554367638,-0.07618020607056686
2022-03-22 02:00:00,42380.11,1.106507446679551,77.62449393209398,4.946873526072698,71.66387733043456,-0.03539881421278579
2022-03-23 02:00:00,42904.1,1.1022288595697955,77.77954012019484,5.269634850370524,70.37410778416137,0.01011739550227575
2022-03-24 02:00:00,44006.77,1.0031234299079443,73.01468081763784,4.0694266131579315,61.28846492445216,0.12392911141531981
2022-03-25 02:00:00,44331.36,0.8935475198094484,64.68307417599992,3.869132946642951,61.290056061037376,0.12496098410892276
2022-03-26 02:00:00,44542.31,0.8188842404336083,58.31507209608753,3.612265438754852,59.67811428363971,0.15908305515741783
2022-03-27 02:00:00,46842.14,0.783633757507217,58.09814178913476,4.216122838863329,61.87631445449031,0.23169508367334446
2022-03-28 03:00:00,47128.71,0.8033718031419422,59.44332287930238,3.847466838035742,61.80299821664232,0.21627122790754338
2022-03-29 03:00:00,47445.3,0.8086974855458527,58.36361725938148,4.100776040331092,52.469493597926274,0.130650086922123
2022-03-30 03:00:00,47056.41,0.8432019401961419,52.87654150571246,3.6665872467835388,43.79320420069084,0.19301039311499868
2022-03-31 03:00:00,45522.65,0.8045593012856288,46.651795014287195,3.840616502024864,45.94194679793067,0.17505006965483383
2022-04-01 03:00:00,46299.75,0.7996123488915602,44.87766691401877,4.079979097823492,45.981427149987454,0.1931224750699192
2022-04-02 03:00:00,45822.28,0.7869287022517001,45.81971144091174,3.706919064545339,44.12832216540455,0.21234797788461357
2022-04-03 03:00:00,46414.26,0.8182911808245176,46.71101487458501,3.875648304161331,40.28587508857954,0.1692344975398199
2022-04-04 03:00:00,46609.36,0.7928161190250687,45.107456464244926,3.820181766605258,39.54771822565917,0.18554053098497625
2022-04-05 03:00:00,45501.58,0.800439551439022,43.877224531314056,4.046163107115686,38.0744117760989,0.10618899761849421
2022-04-06 03:00:00,43177.78,0.8016285765785319,48.48088933290369,5.434703089624114,44.949131694235604,0.05422763844529799
2022-04-07 03:00:00,43466.21,0.8709666653588842,54.05685257328562,5.128689287980659,44.30346612903382,0.04008617172561446
2022-04-08 03:00:00,42273.38,0.918250464921127,60.276340162700585,4.778293191601785,45.87352607229347,0.0009082510201250393
2022-04-09 03:00:00,42768.61,0.9445776615339884,60.69436216333423,4.755914027870994,44.81707874861721,0.03698673913444073
2022-04-10 03:00:00,42153.77,0.9444132016557556,60.52195727679146,4.93318535405531,45.282891955530985,0.02704104629433357
2022-04-11 03:00:00,39536.71,1.0100764288530064,61.63400495860892,5.054236422100588,50.59269478755056,-0.06709279423767422
2022-04-12 03:00:00,40086.66,1.0927088365392033,64.51351053949851,4.917515820369647,50.68785494468446,-0.06566831608167978
2022-04-13 03:00:00,41150.33,1.1487515791783338,63.19685966342728,4.83107690362358,50.77984597041216,-0.06490910375835346
2022-04-14 03:00:00,39951.63,1.1676405268088903,63.526265622470476,4.8419767411204,51.73128935115244,-0.09879529976071122
2022-04-15 03:00:00,40563.69,1.1824815852286177,59.09859584477641,4.756403819178624,52.3011995154427,-0.08932226460639325
2022-04-16 03:00:00,40392.55,1.2266851002473194,60.823707362357474,6.318414422452356,45.87264262904638,-0.13768777429895385
2022-04-17 03:00:00,39688.16,1.2725503019781266,59.59735086109333,6.227466282160212,45.67207037321706,-0.157877226005125
2022-04-18 03:00:00,40811.03,1.2815102546607309,62.2842176985476,6.805732756870104,47.90812827819349,-0.1398298672365862
2022-04-19 03:00:00,41504.44,1.3211417372743712,64.12240839812988,6.353533211635399,49.00322806049788,-0.11798541367690396
2022-04-20 03:00:00,41375.35,1.2786841995346545,60.83614213381457,4.892290846485189,47.51868229557029,-0.0911040987288746
2022-04-21 03:00:00,40490.97,1.326475606920327,60.069703433327795,5.970965573617601,47.00692564477767,-0.12546028866246572
2022-04-22 03:00:00,39716.04,1.308520452837442,58.453782137221175,6.180895188348321,47.29878100533838,-0.13325919181673196
2022-04-23 03:00:00,39445.97,1.3480382261189179,61.491297977454906,6.398834552013441,46.45986787738271,-0.1501325239269139
2022-04-24 03:00:00,39466.26,1.3078193828583196,62.02308099273542,6.546137549405021,46.3030010638603,-0.153254625251237
2022-04-25 03:00:00,40437.52,1.3066403825769735,61.79461193040843,6.451907026871546,47.72849853884396,-0.11129415725783598
2022-04-26 03:00:00,38117.39,1.2776603166468445,62.983571520530994,7.065101817179812,48.94343473928421,-0.11719893889866495
2022-04-27 03:00:00,39252.04,1.2536553563051192,61.88709179853809,5.120467246750351,51.032250707653695,-0.09695278240269856
2022-04-28 03:00:00,39749.75,1.1880654556457106,59.56829633476942,5.312507453212301,50.479064543172484,-0.059697852407354146
2022-04-29 03:00:00,38594.22,1.1843233238435422,56.95417274799339,4.720080154487681,51.23738215222714,-0.09760406054814497
2022-04-30 03:00:00,37650.13,1.2284009970370848,60.246888134617194,5.865264546003544,51.77876147581536,-0.10683836819340242
2022-05-01 03:00:00,38480.53,1.2331325961924646,59.542372885552275,4.8177220501657265,46.22450707815962,-0.02671390715110089
2022-05-02 03:00:00,38513.01,1.1636915676467232,57.00135896806919,5.113174514370921,45.74549539245243,-0.039256201439581195
2022-05-03 03:00:00,37725.38,1.130896796875507,53.130084935175375,5.0978656270985745,44.55769759760012,-0.08323019523780262
2022-05-04 03:00:00,39680.21,1.1075964920391475,53.597810558023774,5.20975950893363,49.00998942233857,-0.006793715300226766
2022-05-05 03:00:00,36546.86,1.1876271100437135,59.68536087571632,5.314315474761836,58.89295017113248,-0.09902526126198086
2022-05-06 03:00:00,36009.89,1.2121575936320845,65.78324223318369,6.91916999471748,59.04486540500968,-0.1085016915247986
2022-05-07 03:00:00,35469.21,1.2943222098528426,73.6020708640566,6.21089667404699,58.957881102887185,-0.10630248416656263
2022-05-08 03:00:00,34033.77,1.3145612640991533,76.1512982211034,6.637749826314595,58.78413184693911,-0.16606441934937688
2022-05-09 03:00:00,30076.9,1.2701066840447088,80.67652407315482,6.845688597709286,73.39533180521467,-0.2753329523299194
2022-05-10 03:00:00,31013.12,1.2566809539881632,87.46041374694316,6.6889516316197595,75.89751185593919,-0.250444527961697
2022-05-11 03:00:00,29017.21,1.2669183515837732,96.81075644057582,6.503579652047172,78.91194690347282,-0.28336589614919083
2022-05-12 03:00:00,28915.72,1.3072509677030628,100.54814285712676,6.460980298230996,79.06308680312844,-0.2719384913500943
2022-05-13 03:00:00,29244.83,1.3369429114303524,103.45336616806425,6.959390642766757,79.79903438222487,-0.25861044867194294
2022-05-14 03:00:00,30050.31,1.3382793927986016,106.08212290696322,6.552281253092465,81.55880981680394,-0.23858227255382192
2022-05-15 03:00:00,31296.11,1.3113234721762925,108.63009336466688,6.719776536868688,83.33517101686458,-0.22606257752700953
2022-05-16 03:00:00,29838.5,1.2794089571155602,108.25671876356579,6.294556877632035,82.32192462139422,-0.217194566574469
2022-05-17 03:00:00,30415.91,1.271444153960611,107.7777307868472,6.581965548042013,81.44029037594414,-0.22511263108872814
2022-05-18 03:00:00,28667.29,1.2670163995576946,107.37762039974393,6.999318727239594,82.89593621313753,-0.27880577865269596
2022-05-19 03:00:00,30282.48,1.2962162732086175,108.90022871209108,6.964321359980326,88.03866542791445,-0.21536230036518422
2022-05-20 03:00:00,29166.15,1.2530313908899053,110.44531226578017,6.438881656213913,88.56041079284005,-0.22533733615262408
2022-05-21 03:00:00,29410.72,1.2779201547838734,115.70909189923891,5.831975474252853,87.75017617551195,-0.2356986767074154
2022-05-22 03:00:00,30264.29,1.3065848116554644,119.48286401082767,6.583354716676501,89.37290644113413,-0.21418009135094873
2022-05-23 03:00:00,29075.68,1.3315408915477207,122.0423892257637,6.581609423948134,90.11757187188711,-0.22928065933331876
2022-05-24 03:00:00,29630.05,1.3390578476477042,118.83172663158773,6.568391101937769,86.6935164643996,-0.2532789014977491
2022-05-25 03:00:00,29508.27,1.326402097532134,113.1610829345377,6.032508572877607,81.57987138497553,-0.19259082722838572
2022-05-26 03:00:00,29188.71,1.3308337365691625,107.92411999793576,6.512646934852283,81.55156501474839,-0.18942518291502697
2022-05-27 03:00:00,28597.33,1.3462029026359599,106.40144742312036,6.301286185117091,81.64978397063767,-0.19374212168807814
2022-05-28 03:00:00,29013.53,1.297829350361112,107.11760127088326,6.0169596087657515,81.06277301823054,-0.1475076078847568
2022-05-29 03:00:00,29452.23,1.201532965095315,96.35222716024232,4.962374566239701,64.87830902376741,-0.02076909521925474
2022-05-30 03:00:00,31716.41,1.0976465747912287,85.20798140238962,5.1933163364185075,71.74259328409886,0.02267717662718227
2022-05-31 03:00:00,31782.16,0.9492574770613668,74.13832700164238,4.705930461610843,65.29955942360235,0.09528655580602008
2022-06-01 03:00:00,29789.58,0.8987003467892732,75.388080424227,5.040293501151883,71.41027149258174,0.03022093172848539
2022-06-02 03:00:00,30439.63,0.8593321159075652,76.429067711111,5.338001625960502,71.80759499098906,0.040855084471340675
2022-06-03 03:00:00,29680.3,0.9313077643559744,77.56103777396777,5.135434458937613,71.81671145134261,-0.012313017735923637
2022-06-04 03:00:00,29845.48,1.0136401251064182,83.02367922425644,5.167148894750362,69.43884953902175,-0.0463517670406961
2022-06-05 03:00:00,29897.9,1.0441758788757614,87.50276915261668,5.012156164633396,66.4497085611396,0.0019907166915227315
2022-06-06 03:00:00,31353.78,1.0109370698283082,87.08291679292859,4.954805444462131,69.1613083647536,0.030834849261455632
2022-06-07 03:00:00,31111.75,0.9114422745863019,79.15265443849864,5.521048953429232,63.992769782524825,0.08527000633823434
2022-06-08 03:00:00,30189.27,0.9124491125009871,71.31954763314614,4.7554513363534126,61.12315645099654,-0.0030780173882719586
2022-06-09 03:00:00,30082.94,0.9038681055109993,67.72346015483646,4.655574924610361,58.84271625262467,0.031433356819463576
2022-06-10 03:00:00,29067.38,0.9612940993686084,67.42446495223213,4.962664563364606,60.689016986173804,-0.011673974659579867
2022-06-11 03:00:00,28389.49,1.0186270313470756,69.83696448778846,5.0103724321316605,59.97737404525601,-0.06194759566472563
2022-06-12 03:00:00,26587.35,1.1124017532944945,76.01913465841989,4.944961325093866,63.5930729388975,-0.08558114547965867
2022-06-13 03:00:00,22471.59,1.2229184266333688,91.52598334010459,5.955828908673891,89.57851613961223,-0.24159459737664968
2022-06-14 03:00:00,22118.37,1.2659569084190894,103.32493591520908,6.274503704223168,89.50361317420051,-0.2504348780867195
2022-06-15 03:00:00,22566.73,1.3271782140445434,114.59740368104406,6.349915082616292,90.64152493787986,-0.2268678540435668
2022-06-16 03:00:00,20372.85,1.3091004861241038,120.4156103038985,6.65751653050498,97.72975794395013,-0.28759607977388113
2022-06-17 03:00:00,20432.26,1.3192724019394424,125.84599464363093,6.261306274266809,97.16697495972683,-0.29576787105877844
2022-06-18 03:00:00,18954.25,1.2941264028301667,130.5954646701955,6.2300804125235,98.93787970106044,-0.3564409214514487
2022-06-19 03:00:00,20553.48,1.276898138420104,130.29576036978048,8.185313103429307,100.39583037839175,-0.3519607042537286
2022-06-20 03:00:00,20550.91,1.2944688871228598,130.51092211040142,7.554359040685895,100.30698657546834,-0.3533822119075607
2022-06-21 03:00:00,20699.21,1.2921135651159281,131.16309396360063,6.785572412199528,99.05498254312242,-0.30515267419010284
2022-06-22 03:00:00,19956.16,1.2843329244759496,130.48000011415812,7.3460963379321615,97.80411672349445,-0.3444020180271574
2022-06-23 03:00:00,21098.41,1.2694068940410979,131.89690208567524,7.519916244992859,103.09709734572475,-0.28914431457903056
2022-06-24 03:00:00,21219.46,1.3239756699120218,133.76719225637348,7.472802840924911,103.10387050989588,-0.28902265937756744
2022-06-25 03:00:00,21474.19,1.3356374157513093,135.448523025436,7.421127149622271,103.52483943270963,-0.2817492198448721
2022-06-26 03:00:00,21031.85,1.358339870528112,134.7960129250281,6.507057680726444,99.49428569940805,-0.3292084718333802
2022-06-27 03:00:00,20718.16,1.3087371814129822,129.72619155459248,6.309982972405168,99.39305801637262,-0.33407281814748446
2022-06-28 03:00:00,20251.96,1.3237894412811173,129.9793914537483,6.343436350380284,99.28971610566394,-0.329166952364201
2022-06-29 03:00:00,20094.16,1.2580230758480129,131.97798979386963,6.556323614182489,99.18332584968888,-0.3320413496819127
2022-06-30 03:00:00,19908.49,1.2725851692885286,134.08443016811384,6.497433731421982,99.01807030520155,-0.3150916938506325
2022-07-01 03:00:00,19249.33,1.258227810761724,134.332240929967,6.087238058276079,99.21842667837865,-0.32195576602468023
2022-07-02 03:00:00,19225.66,1.2983173438227815,132.35618297767303,6.250215472392096,97.26943946265813,-0.27688694059392904
2022-07-03 03:00:00,19294.21,1.313228928140685,121.4344279684817,6.442764246851094,74.29043435650159,-0.14139542417781747
2022-07-04 03:00:00,20212.81,1.2991942686564422,103.65002248845822,4.781094875669842,77.6893945150873,-0.08615282229205845
2022-07-05 03:00:00,20158.69,1.2858944893873012,94.28145569546564,6.644456924220097,76.94404264920881,-0.10670752918123272
2022-07-06 03:00:00,20545.04,1.141431229324207,85.07817567316663,4.829072450637372,65.28429997008102,0.008451934805390637
2022-07-07 03:00:00,21611.8,1.0285778611863694,84.1995079468473,5.271311515541069,68.82576624187386,0.05772929671020255
2022-07-08 03:00:00,21592.65,0.8642707752239643,70.83168960616312,4.25249459178558,59.90809418057127,0.13919833282772998
2022-07-09 03:00:00,21582.17,0.8383364744491231,65.16129823638259,4.67532295230779,48.78822117573284,0.0500494320183249
2022-07-10 03:00:00,20846.53,0.8780204618852676,56.34856987714789,5.160277597376652,51.26680701002261,0.014384764470283695
2022-07-11 03:00:00,19944.25,0.9646161997123963,55.6840465536242,5.047466243972004,54.53510193413379,-0.036472889545059894
2022-07-12 03:00:00,19309.71,1.0151300465226702,61.789395598587355,5.133612355887923,54.06598348030618,-0.032393506566393615
2022-07-13 03:00:00,20230.81,1.0528900798664194,65.93591851249154,5.127453404600665,52.20494799428017,-0.041121582147659375
2022-07-14 03:00:00,20577.38,1.0682138714987206,65.62715418400275,5.360355385295601,52.74280323903868,-0.03025901695896116
2022-07-15 03:00:00,20827.27,1.0601681381755907,60.816365851980414,5.354122248976258,52.749527200072066,-0.03012546689770368
2022-07-16 03:00:00,21199.01,1.0596357873290267,58.677310896939616,5.4772639650637975,52.58583773966817,0.007947945615816021
2022-07-17 03:00:00,20792.81,1.0270040910044276,59.284597651072254,4.9041167469844735,52.85946875106833,0.0036031191959131625
2022-07-18 03:00:00,22447.39,0.9637467622448449,61.486655248122624,3.995339117299613,61.57906222044426,0.10840580368517427
2022-07-19 03:00:00,23399.91,0.8675759756616112,61.96116046821561,4.015646324245906,63.19066881232669,0.16451297292347622
2022-07-20 03:00:00,23222.77,0.8144572126885011,63.04347224698005,3.7938635973799606,63.106325710134726,0.16647570960931746
2022-07-21 03:00:00,23153.54,0.8151268074687444,61.65340066797239,3.8909086020461725,60.57576768066597,0.20282316319580995
2022-07-22 03:00:00,22686.32,0.8149735031443263,61.1341947852311,3.556771480325781,61.76461130063783,0.18000214296934414
2022-07-23 03:00:00,22452.14,0.8169651430528573,60.88220227000243,4.143289989757286,62.2735182371135,0.1636724177875124
2022-07-24 03:00:00,22585.4,0.794500696180115,63.53408338674018,4.11952234244569,59.68576769502849,0.11738051265509353
2022-07-25 03:00:00,21305.59,0.8011014258778807,72.16702828843023,5.024436594057972,65.38151101598653,0.056893577906104165
2022-07-26 03:00:00,21258.08,0.8354710324891853,80.29906089185535,5.481134857646235,65.02336546713401,0.03470618699209149
2022-07-27 03:00:00,22960.19,0.8713706244770774,84.15503342762436,4.804163214091694,70.06966868078266,0.06239137878381262
2022-07-28 03:00:00,23855.65,0.8301375081090067,80.04378412824443,4.345304223433539,71.62721798239556,0.10480418105234879
2022-07-29 03:00:00,23769.15,0.7917424548773001,74.92567312303726,4.06246026171319,71.69145921637396,0.10133272048176822
2022-07-30 03:00:00,23646.03,0.7720743420379091,71.81602597615402,3.4445606804388382,69.66034884519266,0.13429093475029186
2022-07-31 03:00:00,23308.14,0.8073596968597045,69.39690981535789,3.7489870884781835,66.68222494557295,0.16866465271945552
2022-08-01 03:00:00,23271.57,0.7856442971634281,66.72550765685618,3.602337393754573,64.39128308510459,0.20517449511152686
2022-08-02 03:00:00,22991.49,0.7876839040003611,67.29284810364845,3.9796810713175113,62.68938738208622,0.13645919268679796
2022-08-03 03:00:00,22825.25,0.7751846206485483,69.08273342476959,3.8491542582053997,62.79062219903053,0.10923985463649877
2022-08-04 03:00:00,22622.99,0.7836530798986927,71.50932313349091,5.030004705374048,63.01718378978182,0.08621965336791626
2022-08-05 03:00:00,23319.22,0.8025017872152257,69.26314224641976,4.272010909214139,63.77477932038881,0.10001457615237697
2022-08-06 03:00:00,22956.4,0.8313957405837297,67.84269181745788,4.17477469697597,63.52749021947025,0.10405471891485574
2022-08-07 03:00:00,23179.86,0.9141954311153357,63.53267104325007,4.845657990312514,54.199249314582765,0.03263051962833985
2022-08-08 03:00:00,23817.72,0.9515015791984268,61.310950682450276,4.876212939172766,52.40559875683448,0.01785519687896242
2022-08-09 03:00:00,23156.66,1.032713791547101,59.48666531841701,4.731906568524216,53.74942934212723,-0.0028467749540644904
2022-08-10 03:00:00,23959.67,1.008139852129882,59.89032441384787,5.095539067395824,55.690130654652016,0.03481670621425481
2022-08-11 03:00:00,23943.36,0.9586176619410836,61.03493327042992,5.238366430861604,54.806867749725164,0.05540960367305048
2022-08-12 03:00:00,24412.17,0.8522069193666159,60.63658910986006,5.373288322878955,54.89022193500402,0.08729813728223679
2022-08-13 03:00:00,24449.86,0.8302496337315212,61.198512138349514,5.046149761738415,54.90145588401485,0.08255155985725282
2022-08-14 03:00:00,24313.71,0.8105245089304342,56.68931035351511,4.130423939641111,47.881038264354224,0.141189237190803
2022-08-15 03:00:00,24101.69,0.8350863991343626,52.675472762823084,4.06028230246324,48.19841321701546,0.13376607859223388
2022-08-16 03:00:00,23858.64,0.8257173293435711,45.70201464700023,5.204447922582275,35.514334513440325,0.03913077374359708
2022-08-17 03:00:00,23338.03,0.9417523575209147,42.61926678420593,5.456346412790204,32.767240843618836,-0.02169800445596759
2022-08-18 03:00:00,23201.51,0.9976570560100706,42.22946722815375,5.0924213806499194,32.81576343504599,-0.02388137564868764
2022-08-19 03:00:00,20833.43,1.093632938570541,53.23751381563298,6.279386773451976,54.249558639799844,-0.11894597105729798
2022-08-20 03:00:00,21142.06,1.1056113761695932,64.08268056559854,5.012709721139706,54.80813213209633,-0.09293234037550824
2022-08-21 03:00:00,21514.79,1.1643901270443084,72.7207454249022,5.081047991495522,55.61033084662329,-0.07549039450282036
2022-08-22 03:00:00,21399.66,1.1717413596371384,71.39201032616562,5.548284931780543,55.486373671844326,-0.06923561717835602
2022-08-23 03:00:00,21520.62,1.1594450400653367,73.19336501041687,5.226349314466871,55.57785111721917,-0.057157314815828975
2022-08-24 03:00:00,21369.05,1.1340926992919707,68.49051693723062,4.586017077916659,55.54341267968397,-0.05542768661436892
2022-08-25 03:00:00,21565.47,1.1271327151809993,65.19089866813903,5.068116630670878,53.80278874889388,-0.07520620329496441
2022-08-26 03:00:00,20247.99,1.2212341298175875,65.71612150849649,6.586382899885157,59.02489390639252,-0.11798060671533861
2022-08-27 03:00:00,20038.42,1.2692979204669834,70.31305106253151,6.978662151094799,58.63278893549948,-0.13552454587732632
2022-08-28 03:00:00,19554.08,1.3531139254450097,75.17364754797173,6.86035518041161,56.95687692512921,-0.17901125716483357
2022-08-29 03:00:00,20292.37,1.3322233651758077,76.07066916795601,6.844090815464437,59.70471536185757,-0.12369184502428243
2022-08-30 03:00:00,19813.51,1.3465666386645745,75.70329926395154,6.300270765906233,57.19682628133428,-0.17304745850005443
2022-08-31 03:00:00,20050.28,1.2915971914255895,76.78853497027025,6.369827147807621,57.80154657794758,-0.16259539179129423
2022-09-01 03:00:00,20129.93,1.2615533008672541,73.6884752506502,5.308156138642529,56.72576542860539,-0.17541414794342325
2022-09-02 03:00:00,19957.44,1.2861968621835633,74.81660304658124,6.621654956641144,56.523326706268286,-0.18374011139532098
2022-09-03 03:00:00,19834.79,1.3367409173579645,73.26420977016498,6.3687812882142465,56.515828293902445,-0.18421376252328414
2022-09-04 03:00:00,20003.46,1.3671222406727097,73.58040295921133,6.023441155461089,57.04935294448078,-0.17003911343976297
2022-09-05 03:00:00,19793.29,1.3407968555178753,73.63889958271066,6.831330639579281,57.05141711994373,-0.1703931992770753
2022-09-06 03:00:00,18791.95,1.3349957156406196,76.48713182213042,7.046083869288425,59.57544369508647,-0.194792790993927
2022-09-07 03:00:00,19287.52,1.3412617948319738,78.45172833055604,6.453797878556577,61.59311634901308,-0.16869548576795212
2022-09-08 03:00:00,19321.77,1.273995092187768,70.31293643229567,5.012843684500035,45.1208088896325,-0.07255934332464697
2022-09-09 03:00:00,21369.73,1.1285680131352624,66.44031302443075,4.886126867636097,64.76353803708118,0.010768581680309142
2022-09-10 03:00:00,21655.13,1.003787170911268,63.587487647945615,4.859738465401435,64.57904245412338,0.006522954674435644
2022-09-11 03:00:00,21836.45,0.9751974096478998,70.30838836069286,4.535157986308983,64.59180145218636,0.020411071951610404
2022-09-12 03:00:00,22400.52,0.9308936736583586,71.1469718444402,5.268457852050147,65.4086137757791,0.04088636851540528
2022-09-13 03:00:00,20173.77,0.987404720644864,75.03145102462803,5.30155603538708,78.58516382251612,-0.055935102402774106
2022-09-14 03:00:00,20233.68,1.0145637919000927,85.51586888404607,5.409700129136582,78.45875625963707,-0.06175566774106944
2022-09-15 03:00:00,19700.15,1.0802105886973878,93.56692616487128,4.940732422926758,74.78313151318208,-0.027056512769909502
2022-09-16 03:00:00,19804.02,1.0340213048512352,99.69855726754834,4.908852820367376,74.69130323150468,-0.011697529046701183
2022-09-17 03:00:00,20118.35,0.9850245070828644,98.06372875364264,4.8367281792967844,74.14460941762468,0.028856893292857455
2022-09-18 03:00:00,19417.72,1.0203612764438352,94.11271884227794,5.059361905288001,73.93003642593071,-0.04310240745659566
2022-09-19 03:00:00,19541.28,1.0191672508293168,87.14822335934439,5.22161206216282,73.31414265052555,-0.01373961504044463
2022-09-20 03:00:00,18879.95,1.042575064014881,82.66576039491902,5.050262655893492,74.48209029081593,-0.05836975842731362
2022-09-21 03:00:00,18468.05,1.0757349241747487,89.21488685333236,4.742340642007056,74.8799509002657,-0.08255766413494736
2022-09-22 03:00:00,19405.96,1.1089953993688633,91.80557181017163,5.575488228620634,78.3322155125934,-0.027632802603941187
2022-09-23 03:00:00,19291.13,1.1167562113429692,94.08757232436362,4.841113681715435,78.3291719228812,-0.027409415476543963
2022-09-24 03:00:00,18924.39,1.0979348645868952,87.78123450663992,5.265076065016332,78.59697060145129,-0.05394416765899501
2022-09-25 03:00:00,18809.94,1.1029001478962959,87.08269557302917,4.8396269002569,78.52694296096595,-0.04968097774548863
2022-09-26 03:00:00,19230.96,1.0586278204976949,84.47722227173296,4.820475027282752,75.95252431400128,0.023361598982542864
2022-09-27 03:00:00,19081.4,1.0497695728049272,83.05214123871656,5.027207294465525,75.23699187984789,-0.01068670311164932
2022-09-28 03:00:00,19412.67,1.0203923605007705,82.32856259880826,5.157363296832026,75.59352202269622,0.004704537938294395
2022-09-29 03:00:00,19593.46,1.1128737786665093,76.40334801447405,4.955228304270857,59.32438514238314,-0.08312084429705013
2022-09-30 03:00:00,19425.63,1.1639757706456952,76.56817799056422,6.9163875772765815,58.83974316879612,-0.10295481948157315
2022-10-01 03:00:00,19313.96,1.245523081878445,74.94905140215316,6.694482279328157,58.53382239675491,-0.11551740324091153
2022-10-02 03:00:00,19058.15,1.2491111658593554,78.43848580489357,6.384943809997026,56.851536975099094,-0.14920948263701017
2022-10-03 03:00:00,19632.35,1.1919734136990285,66.89658605480511,4.57722202777741,41.543637765893024,-0.026837819604367597
2022-10-04 03:00:00,20344.58,1.1004420480801986,57.85048489831874,5.577833296857132,44.5072194038109,0.00548096045800861
2022-10-05 03:00:00,20160.74,1.02918669115947,48.30836605311426,4.691825918342482,43.08824998589416,0.0233800250251901
2022-10-06 03:00:00,19965.12,0.98357591828041,48.25041408083121,4.9301757379008215,43.30383998708795,0.008134712043312398
2022-10-07 03:00:00,19532.81,0.991295331624297,47.64882416130754,4.892708705664335,43.73450746780929,-0.02910477250867971
2022-10-08 03:00:00,19419.32,1.0076122296358665,46.04989829788198,5.028831374960893,41.13171115702598,8.239896342088215e-05
2022-10-09 03:00:00,19442.41,1.0339836214662814,45.069417138029735,5.168238336592712,41.042596630867884,-0.005059545741118221
2022-10-10 03:00:00,19131.36,1.0061487909795155,46.561451766963096,4.981966615025986,38.86945551334405,0.013316242892592367
2022-10-11 03:00:00,19058.29,0.9790174718933641,46.28673157683147,4.733215958765699,37.59220420657627,0.03196006075357172
2022-10-12 03:00:00,19154.85,0.9687811782436023,45.275004346770324,4.905933004374386,30.551408535323255,-0.01293983910097729
2022-10-13 03:00:00,19378.91,1.0023774598878743,41.31418888021701,5.137398905440092,30.879741158557493,0.0045502777701460495
2022-10-14 03:00:00,19182.01,1.0246133568401596,40.29136256093704,4.829704727531002,30.03363109167375,0.013613120422903968
2022-10-15 03:00:00,19069.72,1.0263904627885376,39.587711499567355,5.063348222269134,30.025263467328344,0.013810783022168094
2022-10-16 03:00:00,19264.26,1.0013747160540147,39.427199359803815,5.600717825739771,28.76795770486916,0.0017315828226982521
2022-10-17 03:00:00,19550.49,0.9851113885116103,39.93702614171069,4.7488174426849685,29.185347828781218,0.02458362593939656
2022-10-18 03:00:00,19330.29,0.9736740104224587,40.08440032085344,5.224181977805872,28.722042484616633,-0.004243620274799742
2022-10-19 03:00:00,19123.89,0.9774650022987466,39.63702991257861,4.907525114811745,28.732239742180777,-0.02396564976272697
2022-10-20 03:00:00,19043.54,1.0211126214675257,39.933006355090505,5.15812045310836,28.574625886217476,-0.019669374944338958
2022-10-21 03:00:00,19166.4,1.025204180355574,39.91302913123199,5.371929049341966,28.65113264272973,-0.007640069669813787
2022-10-22 03:00:00,19207.57,1.0534794610108689,40.37919590950963,4.944402711225039,28.061347705541202,0.007840215340943368
2022-10-23 03:00:00,19572.6,1.0144604688874566,40.441402327168014,5.326789009170786,26.141032283979648,-0.0030434461488308973
2022-10-24 03:00:00,19331.06,1.0690053168708702,39.97601049406743,4.887376904623161,20.877574880683095,-0.04981769100173117
2022-10-25 03:00:00,20087.18,1.0481584879932058,39.89435997067312,4.919446466732918,27.165837214752976,-0.0036486755942490845
2022-10-26 03:00:00,20776.76,1.0249201457747392,38.67804101368515,4.737978692656178,30.481982984416938,0.04065289865525479
2022-10-27 03:00:00,20295.28,0.9270892932698752,39.15133289525141,4.799567789272267,30.715792268920637,0.03903534616883064
2022-10-28 03:00:00,20599.89,0.8738853736688582,39.372413419002314,5.106929356950877,30.980386931227187,0.060793580825693194
2022-10-29 03:00:00,20820.19,0.866935611479625,39.95725317355595,4.69678506628544,31.13472196784828,0.07086467161221255
2022-10-30 03:00:00,20630.65,0.889733455878166,40.46792964592709,5.2830594737961345,30.434354357770644,0.07836818710222393
2022-10-31 02:00:00,20492.56,0.8781834642841281,39.7215806453241,5.296506209315174,30.598698798132762,0.0752570141392539
2022-11-01 02:00:00,20480.27,0.8789589430257486,39.9628339173631,4.691969959157236,30.64775953928648,0.069195008052791
2022-11-02 02:00:00,20150.33,0.8595671661380256,40.20935428816913,5.361429208312625,31.504369810890292,0.039807192458193086
2022-11-03 02:00:00,20207.99,0.8993702982144632,41.13293756698224,5.119875477480336,31.019712901223688,0.053486574138998044
2022-11-04 02:00:00,21150.6,0.8744203848957911,39.73745390011968,4.162978613860134,35.9447681821138,0.10911958854141535
2022-11-05 02:00:00,21301.57,0.8319615078390611,37.73258868338488,4.321707701622963,35.88924170092029,0.10575594390856446
2022-11-06 02:00:00,20910.59,0.8189683427595278,37.01365041044305,5.5924012787217015,36.96164499180313,0.06956858881797845
2022-11-07 02:00:00,20593.73,0.8159516660136257,38.48968092660868,4.325751345062567,37.29684483953822,0.06536063349282384
2022-11-08 02:00:00,18544.7,0.9005127580414297,51.7777045148595,5.292413336469845,57.528081274715625,-0.030286202231868065
2022-11-09 02:00:00,15820.02,1.0151614276949168,74.43393800923171,6.1639154884793,84.83829270524961,-0.16927104939522797
2022-11-10 02:00:00,17559.67,1.1463944809438973,103.72931538709175,5.000061297313943,98.67546085319343,-0.08383055764254133
2022-11-11 02:00:00,17007.72,1.232157805669844,123.10599276163244,6.065613765807126,99.37582079339602,-0.11453036485094148
2022-11-12 02:00:00,16773.9,1.2936524869213313,131.81656721326948,6.424928907680365,98.85666200365439,-0.14299071150485865
2022-11-13 02:00:00,16307.47,1.2916105655147803,133.06939870297307,6.579482685426963,99.2561371640467,-0.1564109779805144
2022-11-14 02:00:00,16592.04,1.3227415054591978,132.5203889032084,6.456144526730981,97.73646710918614,-0.17399854036255957
2022-11-15 02:00:00,16879.14,1.3196675734173426,130.61065138169124,6.4318927594550335,96.57612478925095,-0.18759517845900897
2022-11-16 02:00:00,16648.05,1.391057063918785,128.8286270935472,5.821760088217447,96.39500041891884,-0.17970828685290374
2022-11-17 02:00:00,16680.21,1.3734846730208041,126.35254706759592,6.708329129750615,95.94046775825997,-0.19027674419620688
2022-11-18 02:00:00,16677.95,1.3196737339790772,124.30950777869191,6.579128426730624,95.61885489557424,-0.1989530354910305
2022-11-19 02:00:00,16683.72,1.2930951636290324,124.31743430011083,6.419870900524848,95.71719795735667,-0.19131389461795922
2022-11-20 02:00:00,16253.6,1.2862031918217307,127.12807247834166,6.617615654894143,95.96338275749619,-0.20685360930991548
2022-11-21 02:00:00,15760.19,1.3280004711082956,129.27768115392945,6.923472562662209,96.22838464651026,-0.23046961783218678
2022-11-22 02:00:00,16198.25,1.3234106731051083,128.9621325788905,6.192021192373776,97.664992601487,-0.19612979043023127
2022-11-23 02:00:00,16590.98,1.3245959582853928,125.25600597282785,6.758789061943133,98.61062462431074,-0.17898910282516978
2022-11-24 02:00:00,16588.46,1.3163169088346336,124.118389839482,6.483358541354765,95.5623209530816,-0.2156978998231729
2022-11-25 02:00:00,16508.33,1.3087912920091442,124.00759387294953,6.656765927393462,95.26602997794448,-0.22501815593874053
2022-11-26 02:00:00,16451.53,1.3093557463538803,125.99102480196274,6.604321779183649,95.27117001669546,-0.21324410262933768
2022-11-27 02:00:00,16420.87,1.2881206889968873,125.57563214406959,6.693684455404106,95.3208670256964,-0.20262769299199324
2022-11-28 02:00:00,16207.01,1.3020109730120382,122.4927305105266,6.446656653596228,86.47716818081612,-0.12605704055606182
2022-11-29 02:00:00,16431.79,1.174128089962123,100.40719286716067,4.768324659033199,58.92831561069759,0.03867062114965725
2022-11-30 02:00:00,17162.35,1.1031977226913492,73.65236410368986,5.476900445351875,39.32892791808261,-0.02262684891003075
2022-12-01 02:00:00,16978.64,0.9715524514708437,49.06056967858306,4.873851482483531,37.180036914703926,-0.001709811779591952
2022-12-02 02:00:00,17094.49,1.0052769097833272,42.50183720495823,5.417290109731432,36.74489709417363,0.019112430621382126
2022-12-03 02:00:00,16888.31,0.9438793161621876,41.613025324906644,5.130198547297324,34.9345729033521,0.03561803271752151
2022-12-04 02:00:00,17111.76,0.9318123729518281,40.615168188867905,4.634298172138903,34.61907033023912,0.03132345389716984
2022-12-05 02:00:00,16966.84,0.9590465318604395,39.75536599648196,5.059132800963545,34.13468660593129,0.00519576234334207
2022-12-06 02:00:00,17086.52,0.9740128130351694,39.13059186094247,4.891200160592874,33.63522515051158,0.026337619120557765
2022-12-07 02:00:00,16837.85,1.022873168357699,39.32802539005491,5.031082325971945,34.31988662768239,0.00945072034464789
2022-12-08 02:00:00,17226.02,0.9886315517134775,39.43014341116598,5.4970181509102645,35.626327381792954,0.032861952458185684
2022-12-09 02:00:00,17126.85,0.9886483394116512,40.30987736185852,4.957471583494768,35.76870138807227,0.02656062317037189
2022-12-10 02:00:00,17129.19,0.9538333547039349,39.57755716178022,4.899402188882501,33.62382953180541,0.05387052714475549
2022-12-11 02:00:00,17094.83,0.8943420421180526,40.266619972951645,5.018545896471608,30.271724349270755,0.08468425824815573
2022-12-12 02:00:00,17208.66,0.8821877244750036,40.135865765821244,5.058176786232452,28.39394660812672,0.06237772598891844
2022-12-13 02:00:00,17775.32,0.8592776869792917,40.47724851168554,5.118376149767384,29.839784497510323,0.07138457161662548
2022-12-14 02:00:00,17801.37,0.8530419112812534,39.41817197847947,4.706845013310686,29.809037617292788,0.07311769748367247
2022-12-15 02:00:00,17359.21,0.8762728328830997,38.59691881836816,4.870570774545282,32.04400976564171,0.05154246371377336
2022-12-16 02:00:00,16658.44,0.9189623169887252,38.93373141819692,4.564474420846147,36.90637151263518,0.012576945730883304
2022-12-17 02:00:00,16780.55,1.0010396574801181,40.15984709071231,4.971624324541528,36.98771764345458,0.0219038333535313
2022-12-18 02:00:00,16742.74,0.9912023564650531,43.37685748868919,4.756928416105181,36.47119659037554,0.03305544946291761
2022-12-19 02:00:00,16442.79,0.9877227844006234,46.15186718079079,5.57422014780305,36.9747186011103,0.0006694340665258647
2022-12-20 02:00:00,16901.12,0.9694116666404063,46.09334359156511,5.190457052152561,33.69503390210569,-0.015221108997310995
2022-12-21 02:00:00,16821.13,0.9932764246883442,43.404226504815604,5.029860539299561,33.44732343170266,-0.009276950332888778
2022-12-22 02:00:00,16816.01,1.0174897345192102,40.89317539045874,4.933609433084218,33.29313901138065,-0.016290629319740013
2022-12-23 02:00:00,16780.97,1.0063484668475537,39.93941061142539,4.974765631518862,32.908324249568984,-0.006355875750741147
2022-12-24 02:00:00,16837.16,1.0319118494762674,40.04348684610603,4.905597667519132,32.40169105477857,-0.016047443395653005
2022-12-25 02:00:00,16829.1,1.0239776748731542,39.54044592989112,4.906831193682128,32.21154411379565,-0.008118188183539266
2022-12-26 02:00:00,16916.07,1.0663900169633802,40.186123221513924,5.088235037778299,32.13914137513113,-0.009975700142568544
2022-12-27 02:00:00,16700.54,1.042186079771506,40.65886490092981,4.778743075281095,31.99444570644167,-0.008154841621703324
2022-12-28 02:00:00,16540.47,1.0847474017075849,41.58948116275669,4.5832333072004054,30.42213175718722,-0.03979735307401244
2022-12-29 02:00:00,16631.24,1.0480000378310772,40.87117461728714,5.257993186386746,30.527886532747434,-0.028937603820900937
2022-12-30 02:00:00,16599.47,1.065057057715746,40.78367537046097,4.689173878966014,30.521319180743685,-0.030924988280239596
2022-12-31 02:00:00,16531.31,1.0155976419426436,40.09043332788125,4.842059463580445,30.5418777286651,-0.03296435238022255
2023-01-01 02:00:00,16613.87,1.0334079227960966,41.21686173729747,5.367534394738814,30.46408190832904,-0.0345634116776089
2023-01-02 02:00:00,16670.08,1.023496199906112,41.11962373511992,4.7554871785466455,26.362896040117977,-0.06217834615635598
2023-01-03 02:00:00,16670.16,1.067520105877993,41.22824928070391,5.106728736796845,26.321511104703333,-0.06354623267759729
2023-01-04 02:00:00,16846.82,1.0642574200833905,40.436967834713414,5.274903486708461,25.043892747931036,-0.029516896218203414
2023-01-05 02:00:00,16825.87,1.0384650839065102,40.24305882940747,5.037486977186067,17.91625069889362,0.010050761055657054
2023-01-06 02:00:00,16946.16,1.0121095537810456,39.92336704826001,4.737253614644232,17.903230338298023,0.00986916400237181
2023-01-07 02:00:00,16942.73,1.0225949988947043,40.04310493802759,5.314536962702077,17.863317858079892,0.011944878795226987
2023-01-08 02:00:00,17115.81,1.0013952656808713,39.81567358698104,5.684286604476581,16.21796331766764,0.04093100988335929
2023-01-09 02:00:00,17179.03,0.9521046904702963,40.06591572805386,4.697446063761049,11.390135573698966,0.016443288965465097
2023-01-10 02:00:00,17442.44,0.9188549369071722,40.08254777341205,5.0780274007969215,12.661366793084964,0.03693628192636278
2023-01-11 02:00:00,17938.0,0.9294834149998138,40.14712673294148,4.639769101006599,16.946443925081088,0.06672153501335942
2023-01-12 02:00:00,18849.0,0.872446582067306,38.19051532118871,4.261850745775003,26.239683374824637,0.1232366186221654
2023-01-13 02:00:00,19932.05,0.8250251611797349,36.648755732514616,3.9806976006452897,34.19815040001789,0.18381306586146362
2023-01-14 02:00:00,20954.52,0.7842530698694336,36.165631475965775,3.988477330041821,38.44142164629215,0.24513610353494864
2023-01-15 02:00:00,20878.94,0.8092062804572365,36.8732005173063,3.9599731377810596,38.88654598759795,0.234266587924973
2023-01-16 02:00:00,21188.92,0.7862800244793204,37.53368990817094,4.116431176087363,37.44122279625155,0.26875657912857887
2023-01-17 02:00:00,21136.12,0.7898091129471142,36.66764889083334,3.6931935166401395,36.76676954231747,0.2778427698850152
2023-01-18 02:00:00,20678.47,0.7770119504434522,36.83117849144023,3.8887220637252833,39.489186914295374,0.24335106702807474
2023-01-19 02:00:00,21082.28,0.8114935310637869,37.082300701489096,3.995375652848451,39.18820115259309,0.27005741749585965
2023-01-20 02:00:00,22676.2,0.7965433342222079,41.0850363743811,3.962198786697562,46.85394517327987,0.3717122236531769
2023-01-21 02:00:00,22789.92,0.794211069710915,44.38058303358355,4.017364158939568,46.85299035042725,0.37174059987227537
2023-01-22 02:00:00,22714.99,0.7882927468542945,48.09929652011751,4.416822921658319,47.28839329582446,0.36262033535531923
2023-01-23 02:00:00,22917.47,0.8126041471697434,47.7031847749308,4.309274795043295,46.86535532268595,0.3747600502934585
2023-01-24 02:00:00,22637.8,0.8387969454986247,47.86615972909906,3.8024427803790557,48.387554943448855,0.3437432108849028
2023-01-25 02:00:00,23066.28,0.8409924764632369,47.923893129020854,4.4246089533579465,47.83661275270665,0.37088186227517506
2023-01-26 02:00:00,23009.15,0.832532174629188,48.70955343671395,3.875162733685001,48.35986343248565,0.35777957956256756
2023-01-27 02:00:00,23077.75,0.8044706475550267,48.98381337837702,3.784875089567513,48.17745096827192,0.36210339183826923
2023-01-28 02:00:00,23031.02,0.8175778031239597,48.26174692966382,4.072979406696482,48.73374775195655,0.3455991857820342
2023-01-29 02:00:00,23747.26,0.8249220458488903,46.60725652284071,4.054567915778012,48.891049638871834,0.3823399807788914
2023-01-30 02:00:00,22833.34,0.8077351234481434,49.749732730604016,3.901634266425116,54.273405656584885,0.3090679973673409
2023-01-31 02:00:00,23129.7,0.7925316368516507,51.613185934775835,3.6077374439875154,53.88149670314295,0.28942468502620144
2023-02-01 02:00:00,23730.52,0.8097973820564491,54.259252646792056,4.173730663926905,51.545072740963136,0.2589803172582099
2023-02-02 02:00:00,23470.8,0.8174720469769882,50.543491216128416,4.190206895288103,48.10391942367712,0.1775406945095963
2023-02-03 02:00:00,23437.21,0.80814406321949,48.87118379997497,4.038004592187212,44.208072919074205,0.11847992700381571
2023-02-04 02:00:00,23332.1,0.7978595815133485,45.90349859129657,4.26854182601765,44.245774970445986,0.11749447050472872
2023-02-05 02:00:00,22940.79,0.8061238380993738,46.5196337715383,4.76744345726438,45.06075066871145,0.08267858862084543
2023-02-06 02:00:00,22761.44,0.8302913664669228,47.32078237762605,5.042460785792594,45.27053057913002,0.07689774660628346
2023-02-07 02:00:00,23252.78,0.8437600587006814,48.77668883365433,3.726363866422287,44.32746728892232,0.12449228593798267
2023-02-08 02:00:00,22961.13,0.8387638421834459,49.40527487184369,4.736697622070423,44.58242687118073,0.08911986749061307
2023-02-09 02:00:00,21807.55,0.9089071756472835,48.91787609349412,5.15118197854145,37.96502778017054,-0.03830668277753779
2023-02-10 02:00:00,21634.86,1.0072578790276328,50.2820570499533,4.987236030787169,37.923576578709245,-0.05068293350744535
2023-02-11 02:00:00,21862.19,1.1123793208234705,47.22232637756022,5.389717325442925,38.31798556895879,-0.0375434900037378
2023-02-12 02:00:00,21790.14,1.133707844710781,46.87055922212007,5.130119763326953,38.02100172788017,-0.049190857455033266
2023-02-13 02:00:00,21787.77,1.0745068110994134,46.743509797378124,4.848068735280966,37.76781326709494,-0.03754914346800475
2023-02-14 02:00:00,22208.56,1.0575781345151525,47.086765581993355,5.013867664959545,37.80864468373868,-0.03718501639622851
2023-02-15 02:00:00,24332.21,0.9684262003907108,51.31521199581321,5.108618183796494,56.18457945574937,0.05750147224039126
2023-02-16 02:00:00,23533.22,0.9369349596303816,54.50580701003878,5.153549707433988,58.25676984556637,0.019736326114980995
2023-02-17 02:00:00,24578.28,0.9017753325436207,63.077367735968465,5.125997516624958,61.04145692156963,0.06718156642649786
2023-02-18 02:00:00,24638.27,0.9472742297630296,65.2457441925185,4.904088901497348,59.78795820520158,0.03752053921168175
2023-02-19 02:00:00,24287.53,0.950082618396987,66.74995757806424,4.938591931010398,57.462535676009466,0.06368713468988751
2023-02-20 02:00:00,24838.09,0.9242314474952963,66.39411332843956,4.934184839459799,57.916543173668074,0.0738613125116192
2023-02-21 02:00:00,24450.5,0.9068502346199661,64.4148873864719,5.038513832741707,57.60808990730669,0.030339832418337265
2023-02-22 02:00:00,24186.92,0.9227648124496932,64.43099279307826,4.737686477857718,57.60108164581283,0.030511103157966346
2023-02-23 02:00:00,23941.1,0.9526359679393185,62.83468516151393,4.639568817269071,57.819173078969314,0.02149957268804603
2023-02-24 02:00:00,23189.78,0.9771346233758414,65.67219167934888,4.9419029319217795,59.471047139277246,-0.006099750986837904
2023-02-25 02:00:00,23168.68,0.9771720799501757,69.29549723937295,5.034059344213821,58.98851570061232,0.009933834013562626
2023-02-26 02:00:00,23557.29,0.9649434889857199,69.74401048045043,4.908948678993569,59.22247937021727,0.03496483526525562
2023-02-27 02:00:00,23492.86,0.9360461270189101,69.29345062416091,4.646689303258306,58.59839880089732,0.010324786971708466
2023-02-28 02:00:00,23137.23,0.9448243445556844,65.90303775789583,4.5382221105720735,58.72353895942638,0.00766948316568028
2023-03-01 02:00:00,23642.8,0.9273156301148952,63.79685295332471,4.864694640724499,54.6138228544049,0.0841566338263584
2023-03-02 02:00:00,23467.23,0.8895832705549617,61.30292630290819,4.843308765126285,54.59282618381823,0.08469525571230863
2023-03-03 02:00:00,22360.92,0.880987778195085,65.1351896680706,4.760444853952555,58.75983388553141,0.022812444681891364
2023-03-04 02:00:00,22353.23,0.9143130497425761,68.33031316232888,4.988610912720086,58.726439343365,0.025841504460274223
2023-03-05 02:00:00,22434.09,0.9662725461510138,69.3996662260248,5.1381326999951495,58.725800849428666,0.0296643483936172
2023-03-06 02:00:00,22410.79,0.9948803936802163,68.77669004672795,4.817170050724432,58.207811512595455,0.009105948337037484
2023-03-07 02:00:00,22201.44,1.0669639056750662,63.56429000315311,4.977692561252486,39.72532039087304,-0.08756993302293548
2023-03-08 02:00:00,21704.74,1.1276986104298796,55.946622527025305,5.028943162169971,38.5177704547997,-0.0776978246070873
2023-03-09 02:00:00,20370.48,1.270216690537693,47.754072317456085,5.9718643655063595,39.58187293859211,-0.17119993750579776
2023-03-10 02:00:00,20206.71,1.3280359193533793,47.87523938627328,6.463826799240028,39.24475831337963,-0.17986490122886067
2023-03-11 02:00:00,20613.6,1.3850841848283582,52.008797926789754,6.483525587024663,41.174601870091436,-0.1512681610686637
2023-03-12 02:00:00,22183.71,1.3325223271969884,57.687706611065416,6.344565496404421,53.356587740571726,-0.10686731548198758
2023-03-13 02:00:00,24207.1,1.2214581432470546,64.68941393365584,4.96230726374217,67.11867108852547,-0.009954806650170789
2023-03-14 02:00:00,24757.56,1.0957084077557877,71.2135863001157,5.0941017247427824,67.6031614113014,0.023592917163491878
2023-03-15 02:00:00,24372.11,0.9533418815471153,73.56804619975024,5.175096978505234,67.82523232152894,0.018002932196097943
2023-03-16 02:00:00,25049.83,0.9158570173758077,74.62733185511068,5.228228522101938,67.02480022590912,0.08020990281063489
2023-03-17 02:00:00,27441.41,0.8575976945541625,75.7166612749472,3.8418308037822135,77.39262285572659,0.1844183613395325
2023-03-18 02:00:00,26973.46,0.8111397516830344,78.21717082605906,4.053423030427525,78.10737450612285,0.14501540712025873
2023-03-19 02:00:00,28040.29,0.7840807378004567,79.58810482441241,3.779846517817446,79.11842740622286,0.19356647083411738
2023-03-20 02:00:00,27807.05,0.7821543175442107,79.9282642139077,4.338697656134672,78.76028841494056,0.201831420615173
2023-03-21 02:00:00,28188.11,0.817228548321593,78.02525252325336,4.028466413608804,78.60196535118801,0.19224922598000238
2023-03-22 02:00:00,27316.18,0.8420827343360106,80.91471009384628,3.7295846645220485,80.2060578513648,0.16401381841827956
2023-03-23 02:00:00,28345.7,0.8478213472367621,80.34683570495133,3.9607057259907874,77.03741923831133,0.2676446228509384
2023-03-24 02:00:00,27493.01,0.8271533691116627,83.24739976362217,3.9410435714496663,79.02513123094019,0.2299345553192984
2023-03-25 02:00:00,27492.83,0.779267816112868,83.1045565155264,4.229031390437879,79.10699851991748,0.2254934343224977
2023-03-26 02:00:00,27995.16,0.796143340035787,87.4486866567995,3.8178434310193934,78.97187659150043,0.24918220196610652
2023-03-27 03:00:00,27146.01,0.7913238622714999,88.42448576381828,4.018811949839394,80.55374456230815,0.22271393206927126
2023-03-28 03:00:00,27266.08,0.8103787338961692,87.71357026453474,4.145592201052657,79.22816602344027,0.25622698083460116
2023-03-29 03:00:00,28355.7,0.798990293926737,82.61369156168568,4.076425741403018,72.67031086752745,0.3919995994203378
2023-03-30 03:00:00,28040.71,0.8082025423691087,76.34163142693446,4.361472253584671,72.8877137516038,0.3876929990087452
2023-03-31 03:00:00,28474.62,0.8058788462521814,72.22492666222523,3.8979743843056323,72.8786801127201,0.3813511468156945
2023-04-01 03:00:00,28468.49,0.8381964697418463,71.07763400345526,4.067623357257945,68.10496446490347,0.2833060836081973
2023-04-02 03:00:00,28187.85,0.8291673199308063,67.18693814032801,3.6880489354445807,58.91242332666589,0.16444555522966398
2023-04-03 03:00:00,27809.04,0.8374095915656384,65.28502207431184,3.710123675562946,59.209688715707976,0.12325447257322608
2023-04-04 03:00:00,28177.23,0.7912245148492069,61.899735822935746,4.041354099110835,58.442293384782154,0.15612599811834094
2023-04-05 03:00:00,28180.06,0.7998364474715381,64.2198940497047,4.008192828288505,57.807337759040934,0.1249601294699405
2023-04-06 03:00:00,28043.49,0.8480786500285035,56.63086151193721,4.867153959918135,41.74150797736485,0.021940563549759373
2023-04-07 03:00:00,27927.8,0.8944903724349643,51.73350839830096,4.6254293660302235,41.007826599635386,0.03538070384741143
2023-04-08 03:00:00,27953.93,0.9449095682660861,43.324849143263215,4.963316992910526,37.36338964055607,-0.0030798540243343053
2023-04-09 03:00:00,28340.68,0.9442123314131727,42.85152439034971,5.356742957127353,37.610643934478425,0.019190457096311953
2023-04-10 03:00:00,29655.75,0.9452947195090156,43.28117019095811,5.022338227713986,42.0427903307907,0.05206592424962153
2023-04-11 03:00:00,30226.45,0.91258746917407,43.368287603935215,3.9662987305815522,39.71594218111079,0.1065401531253638
2023-04-12 03:00:00,29905.56,0.8909508143770029,42.325618750684946,5.132606267064825,37.43897921859834,0.055029863436076853
2023-04-13 03:00:00,30407.76,0.8547930126786731,38.589785813410515,3.9805554730881134,34.77563734383452,0.10601785690253629
2023-04-14 03:00:00,30491.71,0.8442120632911833,36.67819555783495,3.958891711768782,34.715984460494994,0.10907862158970172
2023-04-15 03:00:00,30321.55,0.8122885255246053,36.78813824878455,5.123302397696553,34.50461275951639,0.08309972152329181
2023-04-16 03:00:00,30322.37,0.8318668954074036,36.732932978309215,3.799908271611213,30.927924512006484,0.1170101978154432
2023-04-17 03:00:00,29446.34,0.8394160784214043,38.10243582333292,4.745856845587245,34.27886356411028,0.0799623561582743
2023-04-18 03:00:00,30395.53,0.870073949333349,38.104472065809965,4.968916481620867,32.850813476937795,0.07193721191859126
2023-04-19 03:00:00,28821.91,0.8904154018062543,43.328685224954086,5.45135571557688,40.137448306810676,0.027859494285273012
2023-04-20 03:00:00,28248.11,0.9484494604924949,48.877580280776236,5.375539719827996,40.628561869576586,-0.007954803259885401
2023-04-21 03:00:00,27261.17,1.0230452892466477,54.4277076166164,5.380068928156765,43.256633879265195,-0.04240899324129954
2023-04-22 03:00:00,27820.73,1.0788077979794752,56.472860921039086,4.914204723342651,44.12426850202667,-0.013024051142602189
2023-04-23 03:00:00,27596.85,1.0860602814184221,56.554178326533794,5.390268423460075,43.87765118395643,-0.007630252608504362
2023-04-24 03:00:00,27520.93,1.0264503979261015,52.26336577282476,4.241263987957007,43.47141754106861,-0.02329185658065036
2023-04-25 03:00:00,28308.07,0.9875838092892203,49.33333007250068,5.369732511002193,45.26923510600111,0.004542573720566878
2023-04-26 03:00:00,28432.89,0.9477759132418759,47.09314652653108,5.272190736253347,45.2321374667401,0.01388557558278225
2023-04-27 03:00:00,29483.94,0.9167863252415126,48.96971181998739,4.843106103135824,47.68498977348424,0.055720106846941064
2023-04-28 03:00:00,29339.99,0.9132187687153509,50.75846720854279,4.907787519362145,47.79828455299889,0.049583725794548394
2023-04-29 03:00:00,29251.2,0.9194285822477754,51.77678771198982,4.900197838201955,47.58737536565455,0.032127669484289134
2023-04-30 03:00:00,29236.81,1.0129039886711462,50.31387672516646,4.964087797214748,43.17032808805719,-0.014126771368115798
2023-05-01 03:00:00,28086.77,1.0438497388148367,48.94121303830068,5.15269711402245,45.23602502441613,-0.07078833273507146
2023-05-02 03:00:00,28694.7,1.0961448444529185,49.04649344559372,4.92618664173691,46.33297463581646,-0.0404894608226698
2023-05-03 03:00:00,29041.65,1.0636987484194709,50.62192332274221,4.477640158476993,46.013282333959836,-0.044926360902611595
2023-05-04 03:00:00,28865.72,1.0517909287563272,50.8115884787014,4.9104600315929305,45.991552220967066,-0.05332564162521547
2023-05-05 03:00:00,29548.51,1.0400994224678652,49.32478009148898,4.573145386379154,47.28780930884437,-0.025494738890327162
2023-05-06 03:00:00,28943.98,1.0585850276401418,50.85755363603141,4.987912205899214,48.00692299580997,-0.04545785834022864
2023-05-07 03:00:00,28572.81,1.0898250257949151,51.11106784060495,5.042897418018681,46.75374555783652,-0.029665146839980783
2023-05-08 03:00:00,27783.42,1.1228694769681136,51.07306920544294,4.915945887504865,45.50264174473894,-0.08593730722905635
2023-05-09 03:00:00,27680.21,1.1204169797483716,47.5859052426087,5.258115946031895,40.17238964448146,-0.03961222556034627
2023-05-10 03:00:00,27628.73,1.0926982276256612,48.43043211537137,4.720299073941593,39.341548023922925,-0.021926422688101965
2023-05-11 03:00:00,26991.62,1.038632251850004,49.72339248241,5.6289732445439356,37.65886096864585,-0.009887690073463462
2023-05-12 03:00:00,26807.09,1.0419685978090196,50.688600591804544,5.1767584617581255,36.54803293600651,-0.036434701749378906
2023-05-13 03:00:00,26788.88,1.0347087185831845,46.58757678056935,5.286220353675901,36.43682544348984,-0.029277616829456843
2023-05-14 03:00:00,26931.44,1.0395468979607492,42.399361729453524,4.932172647761571,36.53863374443374,-0.02141969766283336
2023-05-15 03:00:00,27176.27,1.0454070141452694,39.97297845773425,5.129756434139237,34.39959422135222,-0.03998153176814945
2023-05-16 03:00:00,27036.57,1.0622300243410068,40.13986255637255,5.225367733306046,34.30576450825791,-0.049109323744438216
2023-05-17 03:00:00,27406.21,1.0710183888740985,41.09806902636334,5.293024093429592,30.396373480924048,-0.07046988970944856
2023-05-18 03:00:00,26823.31,1.086244006524297,41.19191757774653,5.256123129671787,31.328638941910015,-0.0857764436865861
2023-05-19 03:00:00,26888.42,1.0942668731940535,40.88640027379392,5.232795989929898,31.459107684690235,-0.08077548955256542
2023-05-20 03:00:00,27118.54,1.1467717728918772,40.67958257150632,5.248012808820469,31.891605104013593,-0.07245215876834721
2023-05-21 03:00:00,26755.17,1.1406698850128303,40.40796169796169,4.8757609030862685,27.99892740019444,-0.04741022196571565
2023-05-22 03:00:00,26855.4,1.1308188326133097,39.77275355230022,4.750826285934966,26.030397269672918,-0.06409894510136016
2023-05-23 03:00:00,27224.7,1.1180073299235687,39.450282848197816,4.537601896589633,26.226910561375878,-0.06256359401067091
2023-05-24 03:00:00,26326.17,1.1298292480963854,39.19142501118086,5.09361778620939,29.16544561129545,-0.08797805840283912
2023-05-25 03:00:00,26480.21,1.2132953512032334,42.179936779416515,6.6159871460686395,26.758360562715787,-0.10383941525308715
2023-05-26 03:00:00,26719.7,1.2291431684484369,42.4274409677457,4.87028101444268,26.530273828610863,-0.07684775901586438
2023-05-27 03:00:00,26872.59,1.1898761902065675,43.16850515334962,5.04136748120737,26.51456358277351,-0.05950482294181081
2023-05-28 03:00:00,28077.57,1.0754434676075475,41.697082903649765,4.913489437891598,31.22358918065265,0.010587249517878039
2023-05-29 03:00:00,27746.07,0.996799608095154,41.250085518426694,4.981478072184665,31.629758993544637,0.0023793172089374703
2023-05-30 03:00:00,27703.56,0.9943910928448666,40.78362644983924,4.826283053298443,31.625872280738232,0.0027084125835679096
2023-05-31 03:00:00,27220.17,1.0098752647969589,38.89672177885092,5.154433910334144,30.91371830136758,0.008467442858190788
2023-06-01 03:00:00,26825.73,1.0293387860533727,38.79937579625987,4.587026477124304,31.43340718270518,0.0006953384347201386
2023-06-02 03:00:00,27251.14,1.0121443635799192,39.417755977536636,5.039552192009086,32.1344201810572,0.01725566727687
2023-06-03 03:00:00,27078.3,1.0010349629629316,40.19658925041343,4.886016363422822,32.21857668441043,0.005453106109439387
2023-06-04 03:00:00,27125.24,0.9864821580040929,40.74883687916873,5.1795864296659575,31.990101624632295,-0.0018777411322451476
2023-06-05 03:00:00,25740.46,1.0314594607860574,43.70359297253728,5.601174038638524,38.72204575696653,-0.0479391431679389
2023-06-06 03:00:00,27269.02,1.032825850127111,48.16005839690116,4.998658415350965,46.481159936419985,-0.00500579978041471
2023-06-07 03:00:00,26348.91,1.030271861186909,52.15075420921635,4.974752600128064,47.86391749460407,-0.017686109581554255
2023-06-08 03:00:00,26509.09,0.9826268562758304,52.68687454691164,5.089444120044514,47.93358986083037,-0.014107560057452173
2023-06-09 03:00:00,26483.81,1.0016508291889528,52.435403468838224,4.925193124999984,47.763548477401685,-0.023405758569598478
2023-06-10 03:00:00,25856.18,1.016966288805115,52.48310659629981,4.652904910977876,48.479106409211276,-0.033600608779536745
2023-06-11 03:00:00,25937.58,1.0885656708773315,53.04581087967341,5.162338031732291,48.46757611221998,-0.034176366764226196
2023-06-12 03:00:00,25905.64,1.1197615858238257,53.51247423043793,4.8917366968433456,47.986090383559635,-0.04845085528949822
2023-06-13 03:00:00,25928.94,1.0697371753949114,51.67912421133456,5.241959664664745,45.94504475235814,-0.015088788076655257
2023-06-14 03:00:00,25125.73,1.0411577492783763,54.47828322768938,5.1481276480173115,47.631883040520904,-0.05115065175087352
2023-06-15 03:00:00,25574.36,1.0346570716478745,53.08537479598082,4.802504067164176,48.18158827238691,-0.042865002226821436
2023-06-16 03:00:00,26330.59,1.057935835223925,54.626420767449986,5.095795334035951,49.94979343633213,-0.020169250526279714
2023-06-17 03:00:00,26510.43,1.041231589072735,50.800858364083915,5.218083999783836,45.75643033313151,-0.055814659174565295
2023-06-18 03:00:00,26338.0,0.9968502040692568,50.97930464824026,5.322798527718606,45.60721080079134,-0.05074844833880976
2023-06-19 03:00:00,26842.09,1.057215693699482,50.93447677846376,5.597107228458787,46.52251018433663,-0.031096003546114637
2023-06-20 03:00:00,28319.35,1.0365408108968714,52.82264760233739,5.194297375818224,51.70473176250299,0.04038108505567739
2023-06-21 03:00:00,30000.55,0.9833193346565317,54.67076555083734,3.963369804555209,56.494686018399356,0.11834980818788532
2023-06-22 03:00:00,29892.81,0.8669586158360723,56.78567522671623,5.022615012963301,56.454995838841945,0.09693796296228352
2023-06-23 03:00:00,30705.39,0.7919062875618477,56.78093417718903,4.068784352186062,56.969984603704305,0.13394821683783698
2023-06-24 03:00:00,30548.2,0.7672934256268872,57.13164846724154,3.9951010543701813,57.16019672338233,0.12619095720443396
2023-06-25 03:00:00,30473.64,0.7952024354296335,54.09286735004029,3.948566731788485,51.243408778431146,0.18388094074464867
2023-06-26 03:00:00,30271.91,0.8007972113176268,50.340892526331054,4.026318031563851,46.243621218669496,0.1101209357725359
2023-06-27 03:00:00,30696.99,0.8177407107196238,45.48720811857293,3.87375487272102,42.83130459981147,0.16501934994654444
2023-06-28 03:00:00,30078.9,0.7859960876154143,45.28982835170762,4.388139802840421,44.4778386258248,0.1346636191585604
2023-06-29 03:00:00,30447.17,0.7907969421490959,46.04744927403828,4.160440892937209,44.4051127972162,0.14965218373036193
2023-06-30 03:00:00,30471.06,0.775455013701628,47.102537069519435,4.356708132996548,42.30942679544267,0.17848266836013682
2023-07-01 03:00:00,30590.76,0.7796659365125946,44.59674936145262,3.668180417627119,42.291871232678496,0.17939915751585134
2023-07-02 03:00:00,30617.66,0.7738161962053174,45.50642754556026,3.970437333035864,42.20797389559189,0.18189166528987522
2023-07-03 03:00:00,31160.24,0.7927164065327924,44.516717044117904,3.9748177522711425,42.22874292221062,0.2017552587957705
2023-07-04 03:00:00,30774.39,0.7845978730779727,43.89706993522446,4.05477776026332,39.464887043640104,0.22481575659692266
2023-07-05 03:00:00,30503.07,0.7978704779906968,40.860466384110254,4.155092683777309,40.13470887748626,0.19272075625743912
2023-07-06 03:00:00,29907.98,0.8084263688967624,41.13646027971579,3.964726745120633,40.78678516732418,0.13586440714013626
2023-07-07 03:00:00,30349.69,0.8177405350384919,44.059700887980306,3.994113787621336,40.93605696667016,0.1448207365931069
2023-07-08 03:00:00,30294.36,0.8204162015405135,44.82049443688039,3.854312963880675,40.68752140735398,0.15021489862556003
2023-07-09 03:00:00,30171.49,0.8256036246699682,45.130200712374325,3.770207260750937,40.59005656651495,0.12403654111881757
2023-07-10 03:00:00,30421.04,0.8408468665908586,41.95094760395634,4.918007701184159,34.16050740043654,0.07421392087035894
2023-07-11 03:00:00,30626.62,0.8929442607113868,40.834244001756076,5.343666809457941,23.400476844642128,0.020868617408680734
2023-07-12 03:00:00,30385.22,0.9292314113901429,39.61929914150156,4.844018285450517,23.636480226253276,0.01647252299131452
2023-07-13 03:00:00,31475.78,0.9783531202338903,39.7872568610324,5.107839543709142,25.700037861215414,0.025089731802787618
2023-07-14 03:00:00,30331.09,0.9587703568996191,39.73022715714924,5.027527936101671,30.266538528583204,-0.007107129061614148
2023-07-15 03:00:00,30298.45,0.9816493013419523,39.123172904753595,4.4402278871327745,30.253064384899265,-0.0057489029863185825
2023-07-16 03:00:00,30248.17,1.0086601001978746,39.56510417516774,4.841354811708813,30.123815158483897,-0.0007842253759343665
2023-07-17 03:00:00,30147.68,1.016105048482338,38.98175850415672,4.8961400048167905,29.484170783654633,-0.017894588361920816
2023-07-18 03:00:00,29863.79,1.040550073506678,41.85739729718291,4.797533619738978,28.471264520205136,-0.007151524823048705
2023-07-19 03:00:00,29918.6,1.0534413732099608,42.735743587436,5.2512630618856715,27.93581292906252,-0.017360234136702957
2023-07-20 03:00:00,29809.61,1.0903780587927734,44.00452843314034,4.8781330748229115,27.952394302765484,-0.021707482443997672
2023-07-21 03:00:00,29911.46,1.0739381711492104,41.38601546262742,4.876689895845319,27.935932223465983,-0.022206051762035273
2023-07-22 03:00:00,29791.61,1.0503863656097987,39.999184858795346,5.059493467679265,27.950072989522408,-0.026979527501448497
2023-07-23 03:00:00,30085.68,1.0565699382902478,39.45797271445601,5.273417482248453,27.114361183230827,-0.03448497187441435
2023-07-24 03:00:00,29181.04,1.0551673269213075,39.10084361834573,5.22756426557733,29.41349977122073,-0.05177519359441396
2023-07-25 03:00:00,29226.63,1.041627774617508,39.059941423018735,5.2069897206182,29.322201909787115,-0.04184627973512167
2023-07-26 03:00:00,29352.06,1.0566484121294804,39.018643879511735,4.9221253727794165,28.34200707829058,-0.018587681281049373
2023-07-27 03:00:00,29217.05,1.0129947405134898,39.99887364482035,5.508506242229937,27.488738421887053,-0.03731965631279921
2023-07-28 03:00:00,29316.82,1.0545986362577262,40.710406818827465,5.357316890210234,27.578862310557334,-0.03226805253519138
2023-07-29 03:00:00,29358.76,1.0454948668194446,40.79627238896915,4.9949437226349875,27.582282577349147,-0.0269370190202739
2023-07-30 03:00:00,29283.34,1.1223240438824453,40.619570900170515,5.341471069089485,27.249054507063867,-0.03739845843534606
2023-07-31 03:00:00,29231.47,1.120798936070102,40.23350715598779,4.958293013276294,26.97629345165673,-0.04555350867970409
2023-08-01 03:00:00,29699.74,1.0964158944776454,40.0014127793089,5.067650951193839,27.930387750068032,-0.0225596523572974
2023-08-02 03:00:00,29163.69,1.0746636101432028,39.98900001071575,4.896697092138947,23.36143211646415,-0.0734561621665929
2023-08-03 03:00:00,29177.75,1.056101016726527,39.863623330080934,4.820000200823141,18.209023685061513,-0.038025009981507374
2023-08-04 03:00:00,29078.51,1.0789203355243429,40.41354172185851,4.869233293920176,18.21607806465319,-0.04026410591960983
2023-08-05 03:00:00,29050.34,1.0763598434610422,39.90095391258998,4.67518618254246,18.221014548100843,-0.0396000815917128
2023-08-06 03:00:00,29046.16,1.086751939572044,40.179793464782485,4.898230386354467,18.226446544045675,-0.036537471540098676
2023-08-07 03:00:00,29182.16,1.0912195674910559,39.6922009211466,5.390500090548014,18.091615218118005,-0.02282463143492508
2023-08-08 03:00:00,29770.51,1.0511086526131574,40.388392845655204,5.0275173408880045,20.232178152663508,-0.004949763692151388
2023-08-09 03:00:00,29566.47,1.0267248977714472,40.42908260753575,5.217043539856482,20.38324578600589,-0.008156430090833111
2023-08-10 03:00:00,29428.1,1.0088650155288885,40.74115077235351,5.044422921116297,20.38890793802426,-0.016159692639543533
2023-08-11 03:00:00,29403.56,1.0597382401721103,40.65371164957545,5.047716348201375,20.33682807558315,-0.013025479321191358
2023-08-12 03:00:00,29417.08,1.0409355200958625,41.42138589019855,4.739300058560379,19.79608338406171,-0.022223197215419432
2023-08-13 03:00:00,29281.55,1.072202379408665,41.35918456982891,5.143052145873001,15.050965226493137,0.0034443597623661226
2023-08-14 03:00:00,29409.22,0.9883835852327033,41.31146381702718,4.8429130276942365,15.146717252131422,0.00624738466254926
2023-08-15 03:00:00,29171.23,0.9993302582011214,39.97665819243681,4.901449388681156,15.44718473570289,-0.006160726027406693
2023-08-16 03:00:00,28702.8,0.9587682156170555,40.187925702693114,5.154527727947794,16.781002731598196,-0.017601024059581638
2023-08-17 03:00:00,26629.67,1.0994402058629158,41.87199394911091,4.560524570150705,34.667699330439795,-0.0916589862065531
2023-08-18 03:00:00,26049.69,1.2047048586154647,44.99397973242952,7.043897145316581,35.300013426078955,-0.11271150416434483
2023-08-19 03:00:00,26095.8,1.2951890354797093,47.24110584728044,6.705249122987838,35.424603422349975,-0.10885165421703946
2023-08-20 03:00:00,26191.01,1.282042346677068,48.483392167229646,6.784171904352694,35.61161524720039,-0.10401324326145767
2023-08-21 03:00:00,26126.18,1.2419768252402223,47.46011845053576,6.567322969183621,34.33773376196624,-0.12032293885401024
2023-08-22 03:00:00,26043.01,1.230799548571632,47.619662188057866,6.236184919081513,33.93975995755251,-0.1070056635494343
2023-08-23 03:00:00,26429.4,1.201852623482713,44.60853618517513,4.785307982132434,34.96330117103561,-0.09419334938437673
2023-08-24 03:00:00,26166.22,1.2225870632950147,45.94975983903325,6.699974520445405,35.026156319896046,-0.10015265568971721
2023-08-25 03:00:00,26051.29,1.2449040532877278,46.03367162407415,6.846322293583916,34.97914146640434,-0.10323631324108429
2023-08-26 03:00:00,26010.35,1.3055604747771319,48.278688152583385,6.664034052894211,34.94426278140951,-0.104516741627809
2023-08-27 03:00:00,26091.32,1.3477423851641663,48.956666397550144,6.581294872132302,34.8641452008302,-0.10591539488509416
2023-08-28 03:00:00,26106.0,1.3453464506552975,49.679974058375855,6.789281296938342,33.06047138119742,-0.12309194568719173
2023-08-29 03:00:00,27724.41,1.271105836117051,50.96398753520125,4.940028376684128,44.11336131870344,-0.06230233098506521
2023-08-30 03:00:00,27305.41,1.2146287393893929,50.414287987170816,5.3232257364929385,44.41582226590826,-0.07213139822142778
2023-08-31 03:00:00,25937.29,1.237375892096325,55.2414862558891,6.430623307509697,48.639047377108476,-0.117886065496831
2023-09-01 03:00:00,25798.79,1.2736502997080665,60.517317782232055,6.423228667004186,48.5554623940809,-0.1229996315065941
2023-09-02 03:00:00,25868.56,1.312007366068368,65.32268767587605,6.7541036402146055,48.702673778288315,-0.11655769588700049
2023-09-03 03:00:00,25971.37,1.240265666365959,65.22638150493428,6.51160847055915,48.68739112678264,-0.11689701392964524
2023-09-04 03:00:00,25816.24,1.2794045008105475,64.21812515823402,6.899368346455143,48.677346250097884,-0.11501023439875513
2023-09-05 03:00:00,25785.01,1.2334242213711522,64.70881919831943,6.681153410087516,48.48791389950186,-0.10165523921011199
2023-09-06 03:00:00,25751.71,1.1989698134605453,57.2481950900136,4.862008617690049,37.922923248870816,-0.03296924070031659
2023-09-07 03:00:00,26264.75,1.0782883962106575,49.859203506119805,5.278679854245132,37.82104777017204,0.008255760433233617
2023-09-08 03:00:00,25907.13,1.0478072927383788,41.69564813938103,5.300501258341665,38.297423678015505,-0.007229899064217116
2023-09-09 03:00:00,25898.41,1.0412783288450198,41.175701734676515,4.978266206538554,38.25884075271189,-0.011171772298968152
2023-09-10 03:00:00,25833.67,1.0616410968635088,41.45132627902921,4.840649143334777,38.259100721409986,-0.011196049326767321
2023-09-11 03:00:00,25157.07,1.0835809619642802,42.30931253877623,5.1533182740410535,39.814511279096735,-0.0340183411978876
2023-09-12 03:00:00,25840.34,1.0747312415352535,44.02778603491459,4.630841472173018,41.11421222419962,-0.022288057996019628
2023-09-13 03:00:00,26227.49,1.0400613489112254,45.32097641932402,5.166839148302439,41.438875198685636,0.0023415686331460517
2023-09-14 03:00:00,26533.66,0.974959179375461,46.5840732453461,5.0388184741945174,41.654325548699546,0.018516165610225066
2023-09-15 03:00:00,26605.49,0.9616779389476525,46.152570397350644,4.835707850039642,41.640881359613715,0.02288089164505669
2023-09-16 03:00:00,26569.13,0.9327786082330164,46.08338265926448,4.966708560254053,41.64854391269554,0.018312986847733415
2023-09-17 03:00:00,26533.12,0.9374479870311158,46.36800914476746,5.197065363291278,41.66163847753149,0.016360989810771498
2023-09-18 03:00:00,26767.82,0.940132618945073,44.54024885223816,4.869652341904878,31.72449015343302,-0.034503529561134005
2023-09-19 03:00:00,27219.02,0.9837638891908741,41.982054973943654,4.819017702263472,32.05067090268615,-0.0031638418906729804
2023-09-20 03:00:00,27126.4,0.9587445777225089,39.31566705154277,4.697223892111141,22.94908624817842,0.045845576002735866
2023-09-21 03:00:00,26567.47,0.9310591814886954,39.71627693027713,5.084926657880164,24.780322440025824,0.029795195821199272
2023-09-22 03:00:00,26583.16,0.9065214941354253,40.06659208026193,5.095772480788461,24.777842182587467,0.027624266677387377
2023-09-23 03:00:00,26585.41,0.9598194877946282,40.03416219370259,5.327895429929059,24.757223166449617,0.02364295761063051
2023-09-24 03:00:00,26261.44,0.9777692851782005,40.16930330984096,4.956200100582392,25.24289497436819,0.017244958987056025
2023-09-25 03:00:00,26297.93,0.986667657910382,40.58104541987023,4.8108830267774625,25.224823976942385,0.019892177664464716
2023-09-26 03:00:00,26212.59,0.9477840310997218,40.28915264117388,4.855296744144219,25.273691107853963,0.017897063923133727
2023-09-27 03:00:00,26360.2,0.9593670325775304,39.48374459807695,5.077437790773765,23.915891848427975,0.003634148430881723
2023-09-28 03:00:00,27027.2,0.947100168300595,39.35526538860368,5.194632205507125,25.3175050528592,0.04323404406431752
2023-09-29 03:00:00,26909.4,0.9394357155249063,40.05531547129482,4.716401297914009,25.452914228141292,0.03903675939951534
2023-09-30 03:00:00,26964.27,0.9174904002216185,39.465911969228905,4.907315585334821,25.372470264111545,0.04376459093887952
2023-10-01 03:00:00,27994.51,0.862480724844711,37.46554963956504,4.41888752145009,26.409743509254447,0.11278896946266004
2023-10-02 03:00:00,27507.22,0.8414728251954678,37.00651628740501,5.013128415581153,26.233009675035827,0.06450689116319674
2023-10-03 03:00:00,27428.66,0.8280453913128764,38.98645382407182,4.87460095396462,25.799665472895896,0.0457981301298751
2023-10-04 03:00:00,27789.8,0.8624689180159341,40.31960067063922,4.627439371328239,25.91120164124395,0.04734137695289675
2023-10-05 03:00:00,27414.59,0.8472850460933149,40.543540804310574,4.869071668492648,26.785025775708494,0.030411016673626223
2023-10-06 03:00:00,27946.61,0.8640615805932619,39.71750324834279,5.203688732899094,27.7953304047439,0.05184513004377633
2023-10-07 03:00:00,27973.69,0.8758077434484095,40.38582853175651,5.3244797155130925,27.749002846317232,0.054293275724830004
2023-10-08 03:00:00,27933.57,0.9005223106025464,39.81931041771855,5.137707530716497,27.662310470021474,0.04355042734148684
2023-10-09 03:00:00,27598.77,0.8950160820339433,40.442781422800465,5.085805426368319,27.476641200126345,0.013951641168565176
2023-10-10 03:00:00,27395.4,0.9386010191613346,39.95455488310725,5.083255698645299,27.644635301282328,0.009916538869883196
2023-10-11 03:00:00,26871.21,0.9953695372552184,40.21675689704333,5.349220559474902,27.43438340735856,0.011432778506948349
2023-10-12 03:00:00,26756.23,1.0146829185918136,39.28005216386995,5.346016691088958,27.515688647564673,0.00651051267042746
2023-10-13 03:00:00,26862.9,1.0054320940572297,39.05840748085517,5.203489453451508,27.556959834170996,0.010437679915412224
2023-10-14 03:00:00,26854.52,0.97367654820773,39.30051603279208,4.802345077575429,26.95751082954735,0.02258368162598856
2023-10-15 03:00:00,27177.41,0.9682598927899914,39.74264574562775,5.089294783830526,27.350965286074853,0.033442936383205835
2023-10-16 03:00:00,28518.37,0.8844981142572527,40.110959553501345,5.032787941088559,33.94067918386476,0.08796460021691854
2023-10-17 03:00:00,28409.46,0.8257894272362488,40.10489807906982,4.891425640233521,34.11298185471517,0.07774068482029728
2023-10-18 03:00:00,28328.07,0.8095472451803941,40.718621061602256,5.1200092438653275,32.815475894212994,0.048131881955955524
2023-10-19 03:00:00,28733.78,0.823272392320943,40.43379258659724,5.399924235357036,33.03603440548628,0.06779712665462623
2023-10-20 03:00:00,29684.37,0.8303025962755287,39.222176484336835,4.033989123486888,35.36559509136334,0.10087793958449454
2023-10-21 03:00:00,29924.08,0.8291655741706806,38.08799775202578,5.276611275136061,32.12030118017324,0.0689267288479063
2023-10-22 03:00:00,30001.44,0.8510335058365243,37.77252899740666,5.108965239766321,30.729381919245373,0.09067510275484025
2023-10-23 03:00:00,33084.08,0.8537743217498425,43.25079875774722,4.082605996439573,51.79171450025408,0.20618652168935703
2023-10-24 03:00:00,33923.52,0.8080516983827434,46.98235663103738,4.377531555266202,52.20722521475369,0.22071839307947516
2023-10-25 03:00:00,34503.4,0.8228220616524285,52.096496307765655,3.85510887591,51.14610048105679,0.25857800536137887
2023-10-26 03:00:00,34157.06,0.7867863911069133,51.144796172648775,3.824171179884506,51.85671522832844,0.2222255221653
2023-10-27 03:00:00,33907.7,0.7890102540847241,51.80807352685625,3.934094109563064,52.26491198862973,0.21212825336950547
2023-10-28 03:00:00,34090.05,0.7708714986348277,51.66047136356155,4.406023818006764,52.059108547724605,0.22039717801913628
2023-10-29 03:00:00,34535.38,0.7751856517360193,52.871324390514154,4.146641433338134,51.08566294276906,0.25133765019238163
2023-10-30 02:00:00,34494.56,0.7870442024843746,54.51137527025614,4.160658714595969,50.7113968276535,0.2591369353979134
2023-10-31 02:00:00,34657.73,0.7790365808879486,53.99771682061597,3.7202314278124256,48.8974739538332,0.2897718413126913
2023-11-01 02:00:00,35439.76,0.7884882977209068,52.404914377692684,3.8260953951580734,48.40685532011634,0.3245423589197731
2023-11-02 02:00:00,34947.15,0.782082766669984,49.68458006471593,4.285577650738424,49.73396034047444,0.30094479747160574
2023-11-03 02:00:00,34732.28,0.7858404384880405,48.588504225725984,3.826537456638918,50.107527120774776,0.29334949945111655
2023-11-04 02:00:00,35086.09,0.8084279886368014,48.51559158343749,3.883013260317523,50.12235150272078,0.29100197553777196
2023-11-05 02:00:00,35039.47,0.8180668060031041,47.97479349039776,4.079227424848227,47.71298553866073,0.22866313888206102
2023-11-06 02:00:00,35054.59,0.8428952028325881,48.653922839796856,4.1795710513264215,47.499769489403846,0.23390553709926198
2023-11-07 02:00:00,35421.85,0.8506794013927745,48.138975761259736,4.115503895091917,47.10034934982808,0.25041522419282347
2023-11-08 02:00:00,35638.33,0.8494902452715186,47.7087428138166,3.81410502272292,47.13679712564816,0.24029382837900215
2023-11-09 02:00:00,36704.14,0.7983208391558249,46.20514140135452,4.029143679274314,46.871010487933454,0.2364803430222706
2023-11-10 02:00:00,37321.51,0.79957949305957,45.448945141408444,4.388787724765447,46.91714099095697,0.24720659749606333
2023-11-11 02:00:00,37142.22,0.8107681987040234,45.348281672723964,4.231457729654659,47.287915936814876,0.23801457530038572
2023-11-12 02:00:00,37079.76,0.8708184832358131,41.98031504498999,3.96844768586121,23.35620893317083,0.12077349589288877
2023-11-13 02:00:00,36482.51,0.8823539666573842,40.06676754393769,4.324172165532627,23.39634862825567,0.07543409410344215
2023-11-14 02:00:00,35551.21,0.9123560416024494,38.619784931824235,4.559702221394547,25.68666337968186,0.030368311528718772
2023-11-15 02:00:00,37884.19,0.8804363082273959,38.809029919171124,3.995474276954634,36.96941012850182,0.10911741232998406
2023-11-16 02:00:00,36162.42,0.860673639484249,40.398240616008714,4.894435578072664,42.63760497166275,0.06649581068606847
2023-11-17 02:00:00,36626.32,0.8317601605708055,41.63128314298585,4.876144103509029,42.820445562690516,0.07439912819136363
2023-11-18 02:00:00,36591.19,0.8302165661310785,44.99604654081298,4.5155284689088955,42.658342347892784,0.059527649616132994
2023-11-19 02:00:00,37388.64,0.8033621893809788,45.79039060219423,5.619010286349541,43.33601915984518,0.08389960619877468
2023-11-20 02:00:00,37476.66,0.813056568485753,47.31790816780372,5.087563999421256,43.34314685079128,0.08133625600984251
2023-11-21 02:00:00,35758.72,0.8829056810786394,48.96130441067421,5.046921552284811,47.42226241337285,0.009000060948493926
2023-11-22 02:00:00,37424.2,0.9359116811301952,53.03173123214528,4.9783671392915485,50.75604150095947,0.0708798857703703
2023-11-23 02:00:00,37299.18,0.9195894040012865,55.35136479314658,4.867138247415412,50.66480093862642,0.07390531229162045
2023-11-24 02:00:00,37737.05,0.8396161511971104,56.30934734123502,5.141774432923411,50.70611570938176,0.075555868436751
2023-11-25 02:00:00,37801.92,0.8243449707465528,54.79970762861922,5.307537010253508,50.66150048087735,0.07883823585231164
2023-11-26 02:00:00,37460.21,0.819653543174406,54.857141231333166,4.851151225145999,50.9551666921289,0.06862496466225965
2023-11-27 02:00:00,37246.29,0.8490631125688214,55.57105978123655,4.681870735178156,51.00836751460125,0.051506061936347214
2023-11-28 02:00:00,37836.63,0.8562798524439286,56.900608339748096,4.697654954114586,51.29679158043782,0.06168358618375214
2023-11-29 02:00:00,37861.9,0.928639201764936,55.577722417452634,5.2280641441098545,49.88899403111057,0.03154303574474171
2023-11-30 02:00:00,37729.58,0.9562267417053515,55.33570418721839,5.119983403346886,49.4730576356548,0.010933909158552302
2023-12-01 02:00:00,38699.84,0.9579143726446245,54.81735517352136,4.740992225532998,50.50904282849964,0.041936642451635864
2023-12-02 02:00:00,39469.35,0.8779485312713396,56.11630155444948,5.049354094100486,51.01311597204683,0.06444459187438101
2023-12-03 02:00:00,39980.93,0.8485273175580471,56.258015311202335,4.743138739380475,50.37822952716119,0.09589307314655704
2023-12-04 02:00:00,41984.41,0.8072307073770113,54.63335061348109,3.8391922192755112,51.93568094034829,0.18095586619977233
2023-12-05 02:00:00,44089.06,0.8144626875140099,50.693018137508346,4.028357804239047,49.01292447146398,0.16378520960854637
2023-12-06 02:00:00,43771.01,0.7795866890118804,45.75473518005429,4.408064426799749,43.41663781252984,0.21040046545557534
2023-12-07 02:00:00,43285.02,0.7897169208932064,43.19071013225315,4.628755229803266,44.2946421312423,0.18180095625222514
2023-12-08 02:00:00,44186.18,0.7753726837220527,42.10601445841663,3.9668288755844965,44.36501111237375,0.2075633506316683
2023-12-09 02:00:00,43723.0,0.7916870833863706,43.22546001942873,3.797790513439473,44.81920184416927,0.16941937444100663
2023-12-10 02:00:00,43791.67,0.8004749617755116,44.439576251936266,3.555956349702065,44.839796885843974,0.1685051442684593
2023-12-11 02:00:00,41235.58,0.8021680426423363,51.396991180758256,4.1329764069685115,47.945772492999595,0.15316152256009175
2023-12-12 02:00:00,41472.94,0.7677359156558667,52.92255775370851,4.248162709013589,44.601116712935564,0.10818507810454214
2023-12-13 02:00:00,42887.55,0.7827497723163712,53.903077620806926,4.087272972852553,46.036145417860595,0.14982554576266827
2023-12-14 02:00:00,43030.6,0.8157634978097459,49.37148388411814,4.104857348965339,46.019780855168406,0.1402746107605124
2023-12-15 02:00:00,41939.16,0.8352414191488878,51.41603380095001,3.9280163362894043,48.01237734435905,0.10944523452777011
2023-12-16 02:00:00,42243.26,0.7870156749234544,49.606094366604,4.269882626936084,47.566548106802,0.12768348068523916
2023-12-17 02:00:00,41349.42,0.7505886491926596,50.99375346747255,3.9888339303294966,48.7601062282208,0.11016211279029386
2023-12-18 02:00:00,42650.27,0.7558893619962594,51.704372686634905,3.859009228975294,49.837748106217006,0.12722168966950798
2023-12-19 02:00:00,42268.08,0.7846179783411101,55.12279526131786,4.206683189864672,50.216192581063964,0.1163750366463383
2023-12-20 02:00:00,43669.91,0.7933966248403069,54.73828912141167,4.140384336208618,51.33562546106359,0.1574449013214565
2023-12-21 02:00:00,43875.01,0.8085767554520599,53.017283862752805,4.293646331694577,50.69838536787834,0.13372587586925433
2023-12-22 02:00:00,44008.04,0.8113736784613638,51.3182597197648,4.031502356088609,50.36205773863697,0.11499277287312815
2023-12-23 02:00:00,43732.75,0.820758839865975,52.54926232550864,4.652641905473897,50.50507086373746,0.09384023833362565
2023-12-24 02:00:00,43023.12,0.8490569728873799,51.145060111473576,5.059578592130927,46.90085174635141,0.02474037386734751
2023-12-25 02:00:00,43593.79,0.9065306438649338,49.87589497457943,5.2165815156874915,41.94120397280924,-0.011233398942957606
2023-12-26 02:00:00,42517.32,0.9705717333770273,47.98425374395888,5.459355444183674,43.13963733235203,-0.028642016713802176
2023-12-27 02:00:00,43469.34,0.9976125027831529,48.02801944490159,5.0779817802874305,44.02759260914343,0.004258286123005162
2023-12-28 02:00:00,42588.94,1.0453626526239035,48.884211387258006,4.852603843671491,43.8762984269697,-0.03614795395302328
2023-12-29 02:00:00,42073.59,1.0689309771732045,48.40386635040599,4.686846573812708,43.94471325128887,-0.037724081147222366
2023-12-30 02:00:00,42146.03,1.139802699720202,48.458463227302275,5.094947951164597,43.94690063190601,-0.037578836340335986
2023-12-31 02:00:00,42280.14,1.0800036808375244,44.89461602432757,5.049086352509354,35.80004958075534,0.025331521952643765
2024-01-01 02:00:00,44197.61,1.011040076447557,43.538032348796605,4.852615530751073,40.41990880955039,0.06569753675529144
2024-01-02 02:00:00,44970.34,0.9043486564280582,41.30535244948673,4.674028262730216,38.57504435677724,0.04856397719151584
2024-01-03 02:00:00,42854.08,0.9440576220549269,45.09355086075365,5.030648992945804,44.006979223937726,-0.004102197041175315
2024-01-04 02:00:00,44194.38,0.9528575042507926,47.11035716837589,4.9835601248959,44.374712052898154,0.05377360919961194
2024-01-05 02:00:00,44178.89,0.9299888381968104,49.216285741251966,4.891196815377856,44.34963084509916,0.04582103748621669
2024-01-06 02:00:00,43988.33,0.8721308248761126,48.926003821739585,4.7192342648158645,43.192120887891825,0.06381975853591193
2024-01-07 02:00:00,43950.84,0.8779188276206135,47.72963858462092,5.347028581694488,41.315981625489165,0.030493828057829298
2024-01-08 02:00:00,46988.14,0.8682582847652117,48.67677846932795,3.773749620491019,49.987507674323325,0.11166960978591867
2024-01-09 02:00:00,46123.0,0.8891656884923727,50.43950687595875,5.498033548538808,49.38171003481097,0.05617346131466716
2024-01-10 02:00:00,46667.48,0.8629065152837097,53.468306624681794,5.162318055998457,49.5204324902381,0.06364602537982322
2024-01-11 02:00:00,46353.15,0.8995762465570346,54.09631638291318,5.113945280079784,49.709998755772816,0.053288217334832355
2024-01-12 02:00:00,42776.42,0.9433555683833074,57.65721798274422,5.006597955651417,60.32028401167354,-0.02186759350829759
2024-01-13 02:00:00,42839.19,0.9834616010723587,65.2512623398542,4.974093057912573,59.913578081479855,-0.0042751432253169686
2024-01-14 02:00:00,41704.39,1.0083798758571518,74.8298966645764,5.252374614954899,60.65778933977912,-0.04334103550069868
2024-01-15 02:00:00,42491.26,0.9627625910473895,80.29928079077861,4.778390896049353,60.34382582805718,-0.0006129266849368431
2024-01-16 02:00:00,43130.88,0.9979279338381873,81.0252808953865,4.598985307699822,59.91102908512674,-0.007786177567913333
2024-01-17 02:00:00,42739.27,1.0168050824106616,75.90463644105654,4.9695804216047055,59.370256740815734,0.003529789659005189
2024-01-18 02:00:00,41286.68,1.0564745697139315,70.62835910127446,5.405846951322742,60.98663278290978,-0.018703181734670005
2024-01-19 02:00:00,41625.47,1.0259012330343147,65.48584729725816,4.921895161332733,61.09393077481583,-0.012351341276983785
2024-01-20 02:00:00,41677.08,1.0027118123390255,66.25360617979594,4.769995399577668,61.07932319979186,-0.014263434321646007
2024-01-21 02:00:00,41570.17,0.9986239521051385,64.2802942611368,5.09422068148841,57.537450416657464,-0.05944755836345006
2024-01-22 02:00:00,39523.63,1.1202935927494284,70.29544450937671,6.725311584229985,60.06164432395374,-0.1211178301075776
2024-01-23 02:00:00,39876.44,1.196385887471827,69.06596450936821,5.023566579206634,57.40552253911265,-0.06948323240167564
2024-01-24 02:00:00,40078.62,1.2584129467252612,70.17900154825274,5.009249079305839,55.44357538006388,-0.0931285833176072
2024-01-25 02:00:00,39941.74,1.2429500487627223,62.915164850399265,4.976268667010403,55.41526223462342,-0.09590892844976417
2024-01-26 02:00:00,41816.55,1.232223554065155,62.99426534085588,5.357851336083249,59.63534175809904,-0.049371731093224014
2024-01-27 02:00:00,42124.02,1.1838336303093795,64.42882257827999,5.039072414752926,59.770190756199696,-0.04156507588933456
2024-01-28 02:00:00,42028.92,1.1995393344444558,64.90164914455418,6.679541849456449,50.614117262272785,-0.10554195164992697
2024-01-29 02:00:00,43302.28,1.1760840261250765,61.991445388373315,4.7915401287403885,52.42053327567149,-0.06115647290939452
2024-01-30 02:00:00,42943.64,1.194752081057361,59.76796904013563,4.688211235149553,52.047567682196004,-0.07979518071256475
2024-01-31 02:00:00,42555.08,1.1106963889292478,58.34097869946643,4.564705658907423,52.082080593255,-0.08193768924010558
2024-02-01 02:00:00,43073.2,1.088589994712702,55.553357737031206,4.412855565708888,40.676612087564266,0.006937934497557308
2024-02-02 02:00:00,43181.71,1.0303066732561799,51.06965830963384,4.887523369089511,40.68359107691404,0.007995482641011575
2024-02-03 02:00:00,42999.52,1.004727093745837,45.6281459916143,4.788781321890108,38.90694541069076,0.031055004041540935
2024-02-04 02:00:00,42570.21,0.9840245932084271,44.11047590639046,4.993281646448119,38.414469424106954,0.001858029157054908
2024-02-05 02:00:00,42664.56,1.0055437264622398,42.54766127165118,5.0032656825891495,37.85380638473257,-0.01081174323361822
2024-02-06 02:00:00,43091.51,0.9986165954055412,42.57229406434876,4.903833954540088,37.887015414526964,0.008241600757336487
2024-02-07 02:00:00,44339.04,0.9841328181515198,41.724411585349586,4.848935221032255,36.359635089011284,0.07393086583857067
2024-02-08 02:00:00,45304.61,0.897709612353592,41.951869139115864,5.204616057082452,37.133482612502824,0.08838674974720995
2024-02-09 02:00:00,47154.23,0.8310193853798147,40.83884296179992,4.121131002292838,40.20533029500029,0.13141875582454432
2024-02-10 02:00:00,47768.12,0.7670235345042357,40.051154425882864,4.394736812650355,40.088587238958304,0.14909609462746976
2024-02-11 02:00:00,48311.16,0.7796771715090968,37.36043421327142,3.9916334869047962,31.04560453659219,0.22233610627363953
2024-02-12 02:00:00,49942.97,0.7850391398749575,36.36380261680958,3.427747212587108,32.62299804073591,0.25244304657085737
2024-02-13 02:00:00,49733.11,0.7973598270668779,35.86740092834669,4.290583031481884,33.20683220646006,0.24088878309682316
2024-02-14 02:00:00,51844.19,0.8026567483766968,35.6675751294185,4.181674785475547,35.11013502144934,0.297995280125503
2024-02-15 02:00:00,51934.57,0.8098862301336435,35.741453912236295,3.882408857206082,31.954698010025318,0.24196209395562285
2024-02-16 02:00:00,52163.28,0.8404983427208496,34.82998671184655,3.998617819298385,32.04449599032695,0.2383262566108364
2024-02-17 02:00:00,51668.78,0.8133639799251529,35.6803854656527,4.039192257212963,32.753855862395,0.22936254369610265
2024-02-18 02:00:00,52139.33,0.7970796079746557,35.872251487769184,4.115752996699126,31.523172326867282,0.20407816863222905
2024-02-19 02:00:00,51781.22,0.8095571301346624,38.79872717349159,4.003250038219144,31.375771167775195,0.2057948511118295
2024-02-20 02:00:00,52269.59,0.831937588071456,38.78826505684963,3.695405733745048,30.246959506526544,0.22828085389570396
2024-02-21 02:00:00,51854.36,0.8254403629438242,39.21278458759192,4.034451043671954,31.231743654023745,0.20386597698801112
2024-02-22 02:00:00,51263.67,0.7949012728812143,38.51106558036722,4.175516569039642,32.36897792351769,0.1871616478365492
2024-02-23 02:00:00,50744.07,0.7897398644354774,39.13543743741368,3.7553077417878393,32.91838649240717,0.18010782445943585
2024-02-24 02:00:00,51574.61,0.809641504985635,38.87713115210689,4.007020476546359,31.9949436438913,0.21151880622623187
2024-02-25 02:00:00,51727.63,0.8123897840466962,38.63117101611456,3.985741731896998,31.962485491344893,0.21242619166821353
2024-02-26 02:00:00,54518.58,0.8039818083708639,38.15089921689554,3.7912773122854317,37.11376676105371,0.26518147078159937
2024-02-27 02:00:00,57071.6,0.7785637186274021,38.312901674371425,4.057950340859454,39.3973512086958,0.2871636372821784
2024-02-28 02:00:00,62507.1,0.7544866438828072,42.00630423548615,4.010543294461893,52.79800811215905,0.37970727482258426
2024-02-29 02:00:00,61179.58,0.7544116783503655,46.87862593462901,4.19215009538709,53.965508644066354,0.29743567014030337
2024-03-01 02:00:00,62431.25,0.7714575302371515,52.49579324455527,4.014238622503656,54.047102931914935,0.30696477064619665
2024-03-02 02:00:00,62038.39,0.8166700231940783,54.542651125106524,3.9432817133836635,54.724738544556416,0.28414200776797727
2024-03-03 02:00:00,63149.43,0.8330251330029955,57.11620705293523,3.8369913780698885,53.979874625387914,0.264430809781637
2024-03-04 02:00:00,68338.64,0.8206797386107297,59.134006477696495,4.083864404366299,61.0920337834586,0.3741075110726033
2024-03-05 02:00:00,63804.11,0.8077011432020603,63.14386893993273,3.75926880921572,69.33452893584307,0.23068968769692422
2024-03-06 02:00:00,66115.57,0.790247514062112,67.29227600185794,4.1263162961662445,70.00764959341241,0.2730551153114391
2024-03-07 02:00:00,66928.15,0.8044511275415213,68.20579021664552,3.78114987113525,69.9076325750112,0.28305102746606425
2024-03-08 02:00:00,68269.39,0.79604607370648,67.99713257047044,4.202631198726775,69.20480484981765,0.3212889872762623
2024-03-09 02:00:00,68446.32,0.8248276016573325,67.41787576559646,3.9632086743041715,69.3606456387657,0.31275795066795076
2024-03-10 02:00:00,69023.53,0.8182849316031447,69.01558368858993,3.850422777782802,68.76849307048045,0.3329838501294484
2024-03-11 02:00:00,72095.86,0.8107897453977643,68.21248142667321,4.13434967754815,69.83972572967748,0.37930793028986853
2024-03-12 02:00:00,71449.5,0.8355917724279216,67.41189523427806,3.7272022976484354,69.91065253777406,0.3778879924465368
2024-03-13 02:00:00,73118.09,0.8299729390828343,66.84580805523564,4.3314799178917625,68.78760784866081,0.42631399585710494
2024-03-14 02:00:00,71366.96,0.8330195793773814,68.89705153082649,4.077000196807386,70.13296516916672,0.4064098524221649
2024-03-15 02:00:00,69497.39,0.7732662251084411,69.48721547982613,4.385580423033114,72.61640230203923,0.34751169228424605
2024-03-16 02:00:00,65260.55,0.8096838322536897,81.55618128363199,4.213749583966318,79.57254961876762,0.2616187905767189
2024-03-17 02:00:00,68364.45,0.7963892818767563,85.43676956868705,3.861642778642204,78.97741148858863,0.25396607908716606
2024-03-18 02:00:00,67609.44,0.8210878391423551,94.98616144784512,3.696877671211261,77.9635419554373,0.18464244913407035
2024-03-19 02:00:00,61924.02,0.8918181012995835,96.17802598404734,4.482905668837284,77.62346887854054,-0.009328220314172353
2024-03-20 02:00:00,67857.3,0.8969540611760385,100.1940910293121,4.1656099482014435,86.9268453179487,0.10914949072876934
2024-03-21 02:00:00,65493.22,0.9210238468792737,99.52593572668968,4.891822434497066,88.37911099145987,0.049045470017018644
2024-03-22 02:00:00,63816.99,0.8651583396979244,101.74653590802228,5.149066313130465,89.16732567527124,0.028669344900794425
2024-03-23 02:00:00,64004.42,0.9379998073194623,108.49015086156487,5.183311806221397,88.89752115341453,0.01353915625208324
2024-03-24 02:00:00,67208.33,0.9661554318355247,105.9648806551096,5.170890180632633,84.24952829754953,-0.01653983749164456
2024-03-25 02:00:00,69892.26,0.9024130617447158,98.63764129375153,5.258587512829939,80.28890237067613,0.09541940166550389
2024-03-26 02:00:00,69990.22,0.8763485641418681,90.19749242808405,5.415884515702141,79.09006807772354,0.05860419867816291
2024-03-27 02:00:00,69434.46,0.8558240831863809,87.86782402149986,5.302317048276643,79.13838306026516,0.03744777048222625
2024-03-28 02:00:00,70789.57,0.9187818218061103,86.1097797859137,5.37438742638658,79.11659618239528,0.036915226575189974
2024-03-29 02:00:00,69903.72,0.9135230270975169,84.6720807367084,5.408675274596045,79.38060148672521,0.021292598345681535
2024-03-30 02:00:00,69629.99,0.9063286204818657,86.5036811653485,4.8659442042681995,79.35979423469537,0.008786279113803808
2024-03-31 02:00:00,71312.91,0.9239919863377227,86.02231508589745,4.756547391544917,77.68791040006995,-0.010859846876089652
